ResearchID,Row,RequiredResearchID,ResearchPointsPerLevel,CostMultPerLevel,MaxLevel,Type,BonusType,EffectPerLevel
0,0,None,1000,1.5,5,Clan,DailyTicketBoost,0.01
1,1,0,1000,1.5,5,Raid,BurstBaseDamage,10
2,1,0,1000,1.5,5,Raid,AfflictionBaseDamage,10
3,1,0,1000,1.5,5,Clan,ClanRaidTicketsCap,1000
4,2,"1,2,3",1000,1.5,5,Clan,TeamTacticsClanMoraleBoost,0.01
5,3,4,1200,1.5,5,Raid,HeadBaseDamage,10
6,3,4,1200,1.5,5,Raid,BodyBaseDamage,10
7,4,5,1200,1.5,5,Raid,TorsoBaseDamage,10
8,4,"5,6",1200,1.5,5,Raid,LimbBaseDamage,10
9,4,6,1400,1.5,5,Raid,ArmorBaseDamage,10
10,5,"7,8,9",1400,1.5,5,Clan,DailyTicketBoost,0.02
11,6,10,1400,1.5,5,Raid,BurstBaseDamage,10
12,6,10,1400,1.5,5,Raid,AfflictionBaseDamage,10
13,6,10,1400,1.5,5,Clan,ClanRaidTicketsCap,1000
14,7,"11,12",1600,1.5,5,Raid,HeadBaseDamage,10
15,7,"12,13",1600,1.5,5,Raid,BodyBaseDamage,10
16,8,14,1600,1.5,5,Raid,TorsoBaseDamage,10
17,8,"14,15",1600,1.5,5,Raid,LimbBaseDamage,10
18,8,15,1600,1.5,5,Raid,ArmorBaseDamage,10
19,9,"16,17,18",1800,1.5,5,Clan,TeamTacticsClanMoraleBoost,0.02
20,10,19,1800,1.5,5,Clan,DailyTicketBoost,0.03
21,10,19,1800,1.5,5,Clan,MirrorForceBoost,0.01
22,10,19,1800,1.5,5,Raid,BurstBaseDamage,10
23,11,"20,21",1800,1.5,5,Clan,ClanRaidTicketsCap,1000
24,11,"21,22",2000,1.5,5,Clan,MirrorForceBoost,0.02
25,12,"23,24",2000,1.5,5,Raid,AfflictionBaseDamage,10