Level,LifetimePullsRequired,GemstoneProgressionBundle
1,1,
2,2,
3,3,
4,4,
5,5,
6,6,
7,7,
8,8,
9,9,
10,10,
11,11,
12,12,GemstoneProgressionBundle0
13,13,
14,14,
15,16,
16,18,
17,20,GemstoneProgressionBundle1
18,24,
19,27,
20,30,
21,33,
22,36,
23,39,
24,42,
25,45,
26,48,
27,51,
28,54,
29,57,
30,60,GemstoneProgressionBundle2
31,63,
32,66,
33,69,
34,72,
35,75,
36,78,
37,81,
38,84,
39,87,
40,90,
41,93,
42,96,
43,99,
44,102,
45,105,
46,108,
47,111,
48,114,
49,117,
50,120,GemstoneProgressionBundle3
51,123,
52,126,
53,129,
54,132,
55,135,
56,138,
57,141,
58,144,
59,147,
60,150,
61,153,
62,156,
63,159,
64,162,
65,165,
66,168,
67,171,
68,174,
69,177,
70,180,
71,183,
72,186,
73,189,
74,192,
75,195,
76,198,
77,201,
78,204,
79,207,
80,210,
81,213,
82,216,
83,219,
84,222,
85,225,
86,228,
87,231,
88,234,
89,237,
90,240,GemstoneProgressionBundle4
91,243,
92,246,
93,249,
94,252,
95,255,
96,258,
97,261,
98,264,
99,267,
100,270,GemstoneProgressionBundle5
101,273,
102,276,
103,279,
104,282,
105,285,
106,288,
107,291,
108,294,
109,297,
110,301,
111,306,
112,311,
113,316,
114,321,
115,326,
116,331,
117,336,
118,341,
119,346,
120,351,
121,356,
122,361,
123,366,
124,371,
125,376,
126,381,
127,386,
128,391,
129,396,
130,401,
131,406,
132,411,
133,416,
134,421,
135,426,
136,431,
137,436,
138,441,
139,446,
140,451,
141,456,
142,461,
143,466,
144,471,
145,476,
146,481,
147,486,
148,491,
149,496,
150,501,
151,506,
152,511,
153,516,
154,521,
155,526,
156,531,
157,536,
158,541,
159,546,
160,551,
161,556,
162,561,
163,566,
164,571,
165,576,
166,581,
167,586,
168,591,
169,596,
170,601,
171,606,
172,611,
173,616,
174,621,
175,626,
176,631,
177,636,
178,641,
179,646,
180,651,
181,656,
182,661,
183,666,
184,671,
185,676,
186,681,
187,686,
188,691,
189,696,
190,701,
191,706,
192,711,
193,716,
194,721,
195,726,
196,731,
197,736,
198,741,
199,746,
200,751,GemstoneProgressionBundle6
201,756,
202,761,
203,766,
204,771,
205,776,
206,781,
207,786,
208,791,
209,796,
210,801,
211,807,
212,813,
213,819,
214,825,
215,831,
216,837,
217,843,
218,849,
219,855,
220,861,
221,867,
222,873,
223,879,
224,885,
225,891,
226,897,
227,903,
228,909,
229,915,
230,921,
231,927,
232,933,
233,939,
234,945,
235,951,
236,957,
237,963,
238,969,
239,975,
240,981,
241,987,
242,993,
243,999,
244,1005,
245,1011,
246,1017,
247,1023,
248,1029,
249,1035,
250,1041,
251,1047,
252,1053,
253,1059,
254,1065,
255,1071,
256,1077,
257,1083,
258,1089,
259,1095,
260,1101,
261,1107,
262,1113,
263,1119,
264,1125,
265,1131,
266,1137,
267,1143,
268,1149,
269,1155,
270,1161,
271,1167,
272,1173,
273,1179,
274,1185,
275,1191,
276,1197,
277,1203,
278,1209,
279,1215,
280,1221,
281,1227,
282,1233,
283,1239,
284,1245,
285,1251,
286,1257,
287,1263,
288,1269,
289,1275,
290,1281,
291,1287,
292,1293,
293,1299,
294,1305,
295,1311,
296,1317,
297,1323,
298,1329,
299,1335,
300,1341,GemstoneProgressionBundle7
301,1347,
302,1353,
303,1359,
304,1365,
305,1371,
306,1377,
307,1383,
308,1389,
309,1395,
310,1401,
311,1408,
312,1415,
313,1422,
314,1429,
315,1436,
316,1443,
317,1450,
318,1457,
319,1464,
320,1471,
321,1478,
322,1485,
323,1492,
324,1499,
325,1506,
326,1513,
327,1520,
328,1527,
329,1534,
330,1541,
331,1548,
332,1555,
333,1562,
334,1569,
335,1576,
336,1583,
337,1590,
338,1597,
339,1604,
340,1611,
341,1618,
342,1625,
343,1632,
344,1639,
345,1646,
346,1653,
347,1660,
348,1667,
349,1674,
350,1681,
351,1688,
352,1695,
353,1702,
354,1709,
355,1716,
356,1723,
357,1730,
358,1737,
359,1744,
360,1751,
361,1758,
362,1765,
363,1772,
364,1779,
365,1786,
366,1793,
367,1800,
368,1807,
369,1814,
370,1821,
371,1828,
372,1835,
373,1842,
374,1849,
375,1856,
376,1863,
377,1870,
378,1877,
379,1884,
380,1891,
381,1898,
382,1905,
383,1912,
384,1919,
385,1926,
386,1933,
387,1940,
388,1947,
389,1954,
390,1961,
391,1968,
392,1975,
393,1982,
394,1989,
395,1996,
396,2003,
397,2010,
398,2017,
399,2024,
400,2031,GemstoneProgressionBundle8
401,2038,
402,2045,
403,2052,
404,2059,
405,2066,
406,2073,
407,2080,
408,2087,
409,2094,
410,2101,
411,2109,
412,2117,
413,2125,
414,2133,
415,2141,
416,2149,
417,2157,
418,2165,
419,2173,
420,2181,
421,2189,
422,2197,
423,2205,
424,2213,
425,2221,
426,2229,
427,2237,
428,2245,
429,2253,
430,2261,
431,2269,
432,2277,
433,2285,
434,2293,
435,2301,
436,2309,
437,2317,
438,2325,
439,2333,
440,2341,
441,2349,
442,2357,
443,2365,
444,2373,
445,2381,
446,2389,
447,2397,
448,2405,
449,2413,
450,2421,
451,2429,
452,2437,
453,2445,
454,2453,
455,2461,
456,2469,
457,2477,
458,2485,
459,2493,
460,2501,
461,2509,
462,2517,
463,2525,
464,2533,
465,2541,
466,2549,
467,2557,
468,2565,
469,2573,
470,2581,
471,2589,
472,2597,
473,2605,
474,2613,
475,2621,
476,2629,
477,2637,
478,2645,
479,2653,
480,2661,
481,2669,
482,2677,
483,2685,
484,2693,
485,2701,
486,2709,
487,2717,
488,2725,
489,2733,
490,2741,
491,2749,
492,2757,
493,2765,
494,2773,
495,2781,
496,2789,
497,2797,
498,2805,
499,2813,
500,2821,GemstoneProgressionBundle9
501,2829,
502,2837,
503,2845,
504,2853,
505,2861,
506,2869,
507,2877,
508,2885,
509,2893,
510,2901,
511,2910,
512,2919,
513,2928,
514,2937,
515,2946,
516,2955,
517,2964,
518,2973,
519,2982,
520,2991,
521,3000,
522,3009,
523,3018,
524,3027,
525,3036,
526,3045,
527,3054,
528,3063,
529,3072,
530,3081,
531,3090,
532,3099,
533,3108,
534,3117,
535,3126,
536,3135,
537,3144,
538,3153,
539,3162,
540,3171,
541,3180,
542,3189,
543,3198,
544,3207,
545,3216,
546,3225,
547,3234,
548,3243,
549,3252,
550,3261,
551,3270,
552,3279,
553,3288,
554,3297,
555,3306,
556,3315,
557,3324,
558,3333,
559,3342,
560,3351,
561,3360,
562,3369,
563,3378,
564,3387,
565,3396,
566,3405,
567,3414,
568,3423,
569,3432,
570,3441,
571,3450,
572,3459,
573,3468,
574,3477,
575,3486,
576,3495,
577,3504,
578,3513,
579,3522,
580,3531,
581,3540,
582,3549,
583,3558,
584,3567,
585,3576,
586,3585,
587,3594,
588,3603,
589,3612,
590,3621,
591,3630,
592,3639,
593,3648,
594,3657,
595,3666,
596,3675,
597,3684,
598,3693,
599,3702,
600,3711,GemstoneProgressionBundle10
601,3720,
602,3729,
603,3738,
604,3747,
605,3756,
606,3765,
607,3774,
608,3783,
609,3792,
610,3801,
611,3811,
612,3821,
613,3831,
614,3841,
615,3851,
616,3861,
617,3871,
618,3881,
619,3891,
620,3901,
621,3911,
622,3921,
623,3931,
624,3941,
625,3951,
626,3961,
627,3971,
628,3981,
629,3991,
630,4001,
631,4011,
632,4021,
633,4031,
634,4041,
635,4051,
636,4061,
637,4071,
638,4081,
639,4091,
640,4101,
641,4111,
642,4121,
643,4131,
644,4141,
645,4151,
646,4161,
647,4171,
648,4181,
649,4191,
650,4201,
651,4211,
652,4221,
653,4231,
654,4241,
655,4251,
656,4261,
657,4271,
658,4281,
659,4291,
660,4301,
661,4311,
662,4321,
663,4331,
664,4341,
665,4351,
666,4361,
667,4371,
668,4381,
669,4391,
670,4401,
671,4411,
672,4421,
673,4431,
674,4441,
675,4451,
676,4461,
677,4471,
678,4481,
679,4491,
680,4501,
681,4511,
682,4521,
683,4531,
684,4541,
685,4551,
686,4561,
687,4571,
688,4581,
689,4591,
690,4601,
691,4611,
692,4621,
693,4631,
694,4641,
695,4651,
696,4661,
697,4671,
698,4681,
699,4691,
700,4701,GemstoneProgressionBundle11
701,4711,
702,4721,
703,4731,
704,4741,
705,4751,
706,4761,
707,4771,
708,4781,
709,4791,
710,4801,
711,4812,
712,4823,
713,4834,
714,4845,
715,4856,
716,4867,
717,4878,
718,4889,
719,4900,
720,4911,
721,4922,
722,4933,
723,4944,
724,4955,
725,4966,
726,4977,
727,4988,
728,4999,
729,5010,
730,5021,
731,5032,
732,5043,
733,5054,
734,5065,
735,5076,
736,5087,
737,5098,
738,5109,
739,5120,
740,5131,
741,5142,
742,5153,
743,5164,
744,5175,
745,5186,
746,5197,
747,5208,
748,5219,
749,5230,
750,5241,
751,5252,
752,5263,
753,5274,
754,5285,
755,5296,
756,5307,
757,5318,
758,5329,
759,5340,
760,5351,
761,5362,
762,5373,
763,5384,
764,5395,
765,5406,
766,5417,
767,5428,
768,5439,
769,5450,
770,5461,
771,5472,
772,5483,
773,5494,
774,5505,
775,5516,
776,5527,
777,5538,
778,5549,
779,5560,
780,5571,
781,5582,
782,5593,
783,5604,
784,5615,
785,5626,
786,5637,
787,5648,
788,5659,
789,5670,
790,5681,
791,5692,
792,5703,
793,5714,
794,5725,
795,5736,
796,5747,
797,5758,
798,5769,
799,5780,
800,5791,GemstoneProgressionBundle12
801,5802,
802,5813,
803,5824,
804,5835,
805,5846,
806,5857,
807,5868,
808,5879,
809,5890,
810,5901,
811,5913,
812,5925,
813,5937,
814,5949,
815,5961,
816,5973,
817,5985,
818,5997,
819,6009,
820,6021,
821,6033,
822,6045,
823,6057,
824,6069,
825,6081,
826,6093,
827,6105,
828,6117,
829,6129,
830,6141,
831,6153,
832,6165,
833,6177,
834,6189,
835,6201,
836,6213,
837,6225,
838,6237,
839,6249,
840,6261,
841,6273,
842,6285,
843,6297,
844,6309,
845,6321,
846,6333,
847,6345,
848,6357,
849,6369,
850,6381,
851,6393,
852,6405,
853,6417,
854,6429,
855,6441,
856,6453,
857,6465,
858,6477,
859,6489,
860,6501,
861,6513,
862,6525,
863,6537,
864,6549,
865,6561,
866,6573,
867,6585,
868,6597,
869,6609,
870,6621,
871,6633,
872,6645,
873,6657,
874,6669,
875,6681,
876,6693,
877,6705,
878,6717,
879,6729,
880,6741,
881,6753,
882,6765,
883,6777,
884,6789,
885,6801,
886,6813,
887,6825,
888,6837,
889,6849,
890,6861,
891,6873,
892,6885,
893,6897,
894,6909,
895,6921,
896,6933,
897,6945,
898,6957,
899,6969,
900,6981,GemstoneProgressionBundle13
901,6993,
902,7005,
903,7017,
904,7029,
905,7041,
906,7053,
907,7065,
908,7077,
909,7089,
910,7101,
911,7114,
912,7127,
913,7140,
914,7153,
915,7166,
916,7179,
917,7192,
918,7205,
919,7218,
920,7231,
921,7244,
922,7257,
923,7270,
924,7283,
925,7296,
926,7309,
927,7322,
928,7335,
929,7348,
930,7361,
931,7374,
932,7387,
933,7400,
934,7413,
935,7426,
936,7439,
937,7452,
938,7465,
939,7478,
940,7491,
941,7504,
942,7517,
943,7530,
944,7543,
945,7556,
946,7569,
947,7582,
948,7595,
949,7608,
950,7621,
951,7634,
952,7647,
953,7660,
954,7673,
955,7686,
956,7699,
957,7712,
958,7725,
959,7738,
960,7751,
961,7764,
962,7777,
963,7790,
964,7803,
965,7816,
966,7829,
967,7842,
968,7855,
969,7868,
970,7881,
971,7894,
972,7907,
973,7920,
974,7933,
975,7946,
976,7959,
977,7972,
978,7985,
979,7998,
980,8011,
981,8024,
982,8037,
983,8050,
984,8063,
985,8076,
986,8089,
987,8102,
988,8115,
989,8128,
990,8141,
991,8154,
992,8167,
993,8180,
994,8193,
995,8206,
996,8219,
997,8232,
998,8245,
999,8258,
1000,8271,GemstoneProgressionBundle14
1001,8284,
1002,8297,
1003,8310,
1004,8323,
1005,8336,
1006,8349,
1007,8362,
1008,8375,
1009,8388,
1010,8401,
1011,8415,
1012,8429,
1013,8443,
1014,8457,
1015,8471,
1016,8485,
1017,8499,
1018,8513,
1019,8527,
1020,8541,
1021,8555,
1022,8569,
1023,8583,
1024,8597,
1025,8611,
1026,8625,
1027,8639,
1028,8653,
1029,8667,
1030,8681,
1031,8695,
1032,8709,
1033,8723,
1034,8737,
1035,8751,
1036,8765,
1037,8779,
1038,8793,
1039,8807,
1040,8821,
1041,8835,
1042,8849,
1043,8863,
1044,8877,
1045,8891,
1046,8905,
1047,8919,
1048,8933,
1049,8947,
1050,8961,
1051,8975,
1052,8989,
1053,9003,
1054,9017,
1055,9031,
1056,9045,
1057,9059,
1058,9073,
1059,9087,
1060,9101,
1061,9115,
1062,9129,
1063,9143,
1064,9157,
1065,9171,
1066,9185,
1067,9199,
1068,9213,
1069,9227,
1070,9241,
1071,9255,
1072,9269,
1073,9283,
1074,9297,
1075,9311,
1076,9325,
1077,9339,
1078,9353,
1079,9367,
1080,9381,
1081,9395,
1082,9409,
1083,9423,
1084,9437,
1085,9451,
1086,9465,
1087,9479,
1088,9493,
1089,9507,
1090,9521,
1091,9535,
1092,9549,
1093,9563,
1094,9577,
1095,9591,
1096,9605,
1097,9619,
1098,9633,
1099,9647,
1100,9661,
1101,9675,
1102,9689,
1103,9703,
1104,9717,
1105,9731,
1106,9745,
1107,9759,
1108,9773,
1109,9787,
1110,9801,
1111,9816,
1112,9831,
1113,9846,
1114,9861,
1115,9876,
1116,9891,
1117,9906,
1118,9921,
1119,9936,
1120,9951,
1121,9966,
1122,9981,
1123,9996,
1124,10011,
1125,10026,
1126,10041,
1127,10056,
1128,10071,
1129,10086,
1130,10101,
1131,10116,
1132,10131,
1133,10146,
1134,10161,
1135,10176,
1136,10191,
1137,10206,
1138,10221,
1139,10236,
1140,10251,
1141,10266,
1142,10281,
1143,10296,
1144,10311,
1145,10326,
1146,10341,
1147,10356,
1148,10371,
1149,10386,
1150,10401,
1151,10416,
1152,10431,
1153,10446,
1154,10461,
1155,10476,
1156,10491,
1157,10506,
1158,10521,
1159,10536,
1160,10551,
1161,10566,
1162,10581,
1163,10596,
1164,10611,
1165,10626,
1166,10641,
1167,10656,
1168,10671,
1169,10686,
1170,10701,
1171,10716,
1172,10731,
1173,10746,
1174,10761,
1175,10776,
1176,10791,
1177,10806,
1178,10821,
1179,10836,
1180,10851,
1181,10866,
1182,10881,
1183,10896,
1184,10911,
1185,10926,
1186,10941,
1187,10956,
1188,10971,
1189,10986,
1190,11001,
1191,11016,
1192,11031,
1193,11046,
1194,11061,
1195,11076,
1196,11091,
1197,11106,
1198,11121,
1199,11136,
1200,11151,
1201,11166,
1202,11181,
1203,11196,
1204,11211,
1205,11226,
1206,11241,
1207,11256,
1208,11271,
1209,11286,
1210,11301,
1211,11317,
1212,11333,
1213,11349,
1214,11365,
1215,11381,
1216,11397,
1217,11413,
1218,11429,
1219,11445,
1220,11461,
1221,11477,
1222,11493,
1223,11509,
1224,11525,
1225,11541,
1226,11557,
1227,11573,
1228,11589,
1229,11605,
1230,11621,
1231,11637,
1232,11653,
1233,11669,
1234,11685,
1235,11701,
1236,11717,
1237,11733,
1238,11749,
1239,11765,
1240,11781,
1241,11797,
1242,11813,
1243,11829,
1244,11845,
1245,11861,
1246,11877,
1247,11893,
1248,11909,
1249,11925,
1250,11941,
1251,11957,
1252,11973,
1253,11989,
1254,12005,
1255,12021,
1256,12037,
1257,12053,
1258,12069,
1259,12085,
1260,12101,
1261,12117,
1262,12133,
1263,12149,
1264,12165,
1265,12181,
1266,12197,
1267,12213,
1268,12229,
1269,12245,
1270,12261,
1271,12277,
1272,12293,
1273,12309,
1274,12325,
1275,12341,
1276,12357,
1277,12373,
1278,12389,
1279,12405,
1280,12421,
1281,12437,
1282,12453,
1283,12469,
1284,12485,
1285,12501,
1286,12517,
1287,12533,
1288,12549,
1289,12565,
1290,12581,
1291,12597,
1292,12613,
1293,12629,
1294,12645,
1295,12661,
1296,12677,
1297,12693,
1298,12709,
1299,12725,
1300,12741,
1301,12757,
1302,12773,
1303,12789,
1304,12805,
1305,12821,
1306,12837,
1307,12853,
1308,12869,
1309,12885,
1310,12901,
1311,12918,
1312,12935,
1313,12952,
1314,12969,
1315,12986,
1316,13003,
1317,13020,
1318,13037,
1319,13054,
1320,13071,
1321,13088,
1322,13105,
1323,13122,
1324,13139,
1325,13156,
1326,13173,
1327,13190,
1328,13207,
1329,13224,
1330,13241,
1331,13258,
1332,13275,
1333,13292,
1334,13309,
1335,13326,
1336,13343,
1337,13360,
1338,13377,
1339,13394,
1340,13411,
1341,13428,
1342,13445,
1343,13462,
1344,13479,
1345,13496,
1346,13513,
1347,13530,
1348,13547,
1349,13564,
1350,13581,
1351,13598,
1352,13615,
1353,13632,
1354,13649,
1355,13666,
1356,13683,
1357,13700,
1358,13717,
1359,13734,
1360,13751,
1361,13768,
1362,13785,
1363,13802,
1364,13819,
1365,13836,
1366,13853,
1367,13870,
1368,13887,
1369,13904,
1370,13921,
1371,13938,
1372,13955,
1373,13972,
1374,13989,
1375,14006,
1376,14023,
1377,14040,
1378,14057,
1379,14074,
1380,14091,
1381,14108,
1382,14125,
1383,14142,
1384,14159,
1385,14176,
1386,14193,
1387,14210,
1388,14227,
1389,14244,
1390,14261,
1391,14278,
1392,14295,
1393,14312,
1394,14329,
1395,14346,
1396,14363,
1397,14380,
1398,14397,
1399,14414,
1400,14431,
1401,14448,
1402,14465,
1403,14482,
1404,14499,
1405,14516,
1406,14533,
1407,14550,
1408,14567,
1409,14584,
1410,14601,
1411,14619,
1412,14637,
1413,14655,
1414,14673,
1415,14691,
1416,14709,
1417,14727,
1418,14745,
1419,14763,
1420,14781,
1421,14799,
1422,14817,
1423,14835,
1424,14853,
1425,14871,
1426,14889,
1427,14907,
1428,14925,
1429,14943,
1430,14961,
1431,14979,
1432,14997,
1433,15015,
1434,15033,
1435,15051,
1436,15069,
1437,15087,
1438,15105,
1439,15123,
1440,15141,
1441,15159,
1442,15177,
1443,15195,
1444,15213,
1445,15231,
1446,15249,
1447,15267,
1448,15285,
1449,15303,
1450,15321,
1451,15339,
1452,15357,
1453,15375,
1454,15393,
1455,15411,
1456,15429,
1457,15447,
1458,15465,
1459,15483,
1460,15501,
1461,15519,
1462,15537,
1463,15555,
1464,15573,
1465,15591,
1466,15609,
1467,15627,
1468,15645,
1469,15663,
1470,15681,
1471,15699,
1472,15717,
1473,15735,
1474,15753,
1475,15771,
1476,15789,
1477,15807,
1478,15825,
1479,15843,
1480,15861,
1481,15879,
1482,15897,
1483,15915,
1484,15933,
1485,15951,
1486,15969,
1487,15987,
1488,16005,
1489,16023,
1490,16041,
1491,16059,
1492,16077,
1493,16095,
1494,16113,
1495,16131,
1496,16149,
1497,16167,
1498,16185,
1499,16203,
1500,16221,
1501,16239,
1502,16257,
1503,16275,
1504,16293,
1505,16311,
1506,16329,
1507,16347,
1508,16365,
1509,16383,
1510,16401,
1511,16420,
1512,16439,
1513,16458,
1514,16477,
1515,16496,
1516,16515,
1517,16534,
1518,16553,
1519,16572,
1520,16591,
1521,16610,
1522,16629,
1523,16648,
1524,16667,
1525,16686,
1526,16705,
1527,16724,
1528,16743,
1529,16762,
1530,16781,
1531,16800,
1532,16819,
1533,16838,
1534,16857,
1535,16876,
1536,16895,
1537,16914,
1538,16933,
1539,16952,
1540,16971,
1541,16990,
1542,17009,
1543,17028,
1544,17047,
1545,17066,
1546,17085,
1547,17104,
1548,17123,
1549,17142,
1550,17161,
1551,17180,
1552,17199,
1553,17218,
1554,17237,
1555,17256,
1556,17275,
1557,17294,
1558,17313,
1559,17332,
1560,17351,
1561,17370,
1562,17389,
1563,17408,
1564,17427,
1565,17446,
1566,17465,
1567,17484,
1568,17503,
1569,17522,
1570,17541,
1571,17560,
1572,17579,
1573,17598,
1574,17617,
1575,17636,
1576,17655,
1577,17674,
1578,17693,
1579,17712,
1580,17731,
1581,17750,
1582,17769,
1583,17788,
1584,17807,
1585,17826,
1586,17845,
1587,17864,
1588,17883,
1589,17902,
1590,17921,
1591,17940,
1592,17959,
1593,17978,
1594,17997,
1595,18016,
1596,18035,
1597,18054,
1598,18073,
1599,18092,
1600,18111,
1601,18130,
1602,18149,
1603,18168,
1604,18187,
1605,18206,
1606,18225,
1607,18244,
1608,18263,
1609,18282,
1610,18301,
1611,18321,
1612,18341,
1613,18361,
1614,18381,
1615,18401,
1616,18421,
1617,18441,
1618,18461,
1619,18481,
1620,18501,
1621,18521,
1622,18541,
1623,18561,
1624,18581,
1625,18601,
1626,18621,
1627,18641,
1628,18661,
1629,18681,
1630,18701,
1631,18721,
1632,18741,
1633,18761,
1634,18781,
1635,18801,
1636,18821,
1637,18841,
1638,18861,
1639,18881,
1640,18901,
1641,18921,
1642,18941,
1643,18961,
1644,18981,
1645,19001,
1646,19021,
1647,19041,
1648,19061,
1649,19081,
1650,19101,
1651,19121,
1652,19141,
1653,19161,
1654,19181,
1655,19201,
1656,19221,
1657,19241,
1658,19261,
1659,19281,
1660,19301,
1661,19321,
1662,19341,
1663,19361,
1664,19381,
1665,19401,
1666,19421,
1667,19441,
1668,19461,
1669,19481,
1670,19501,
1671,19521,
1672,19541,
1673,19561,
1674,19581,
1675,19601,
1676,19621,
1677,19641,
1678,19661,
1679,19681,
1680,19701,
1681,19721,
1682,19741,
1683,19761,
1684,19781,
1685,19801,
1686,19821,
1687,19841,
1688,19861,
1689,19881,
1690,19901,
1691,19921,
1692,19941,
1693,19961,
1694,19981,
1695,20001,
1696,20021,
1697,20041,
1698,20061,
1699,20081,
1700,20101,
1701,20121,
1702,20141,
1703,20161,
1704,20181,
1705,20201,
1706,20221,
1707,20241,
1708,20261,
1709,20281,
1710,20301,
1711,20322,
1712,20343,
1713,20364,
1714,20385,
1715,20406,
1716,20427,
1717,20448,
1718,20469,
1719,20490,
1720,20511,
1721,20532,
1722,20553,
1723,20574,
1724,20595,
1725,20616,
1726,20637,
1727,20658,
1728,20679,
1729,20700,
1730,20721,
1731,20742,
1732,20763,
1733,20784,
1734,20805,
1735,20826,
1736,20847,
1737,20868,
1738,20889,
1739,20910,
1740,20931,
1741,20952,
1742,20973,
1743,20994,
1744,21015,
1745,21036,
1746,21057,
1747,21078,
1748,21099,
1749,21120,
1750,21141,
1751,21162,
1752,21183,
1753,21204,
1754,21225,
1755,21246,
1756,21267,
1757,21288,
1758,21309,
1759,21330,
1760,21351,
1761,21372,
1762,21393,
1763,21414,
1764,21435,
1765,21456,
1766,21477,
1767,21498,
1768,21519,
1769,21540,
1770,21561,
1771,21582,
1772,21603,
1773,21624,
1774,21645,
1775,21666,
1776,21687,
1777,21708,
1778,21729,
1779,21750,
1780,21771,
1781,21792,
1782,21813,
1783,21834,
1784,21855,
1785,21876,
1786,21897,
1787,21918,
1788,21939,
1789,21960,
1790,21981,
1791,22002,
1792,22023,
1793,22044,
1794,22065,
1795,22086,
1796,22107,
1797,22128,
1798,22149,
1799,22170,
1800,22191,
1801,22212,
1802,22233,
1803,22254,
1804,22275,
1805,22296,
1806,22317,
1807,22338,
1808,22359,
1809,22380,
1810,22401,
1811,22423,
1812,22445,
1813,22467,
1814,22489,
1815,22511,
1816,22533,
1817,22555,
1818,22577,
1819,22599,
1820,22621,
1821,22643,
1822,22665,
1823,22687,
1824,22709,
1825,22731,
1826,22753,
1827,22775,
1828,22797,
1829,22819,
1830,22841,
1831,22863,
1832,22885,
1833,22907,
1834,22929,
1835,22951,
1836,22973,
1837,22995,
1838,23017,
1839,23039,
1840,23061,
1841,23083,
1842,23105,
1843,23127,
1844,23149,
1845,23171,
1846,23193,
1847,23215,
1848,23237,
1849,23259,
1850,23281,
1851,23303,
1852,23325,
1853,23347,
1854,23369,
1855,23391,
1856,23413,
1857,23435,
1858,23457,
1859,23479,
1860,23501,
1861,23523,
1862,23545,
1863,23567,
1864,23589,
1865,23611,
1866,23633,
1867,23655,
1868,23677,
1869,23699,
1870,23721,
1871,23743,
1872,23765,
1873,23787,
1874,23809,
1875,23831,
1876,23853,
1877,23875,
1878,23897,
1879,23919,
1880,23941,
1881,23963,
1882,23985,
1883,24007,
1884,24029,
1885,24051,
1886,24073,
1887,24095,
1888,24117,
1889,24139,
1890,24161,
1891,24183,
1892,24205,
1893,24227,
1894,24249,
1895,24271,
1896,24293,
1897,24315,
1898,24337,
1899,24359,
1900,24381,
1901,24403,
1902,24425,
1903,24447,
1904,24469,
1905,24491,
1906,24513,
1907,24535,
1908,24557,
1909,24579,
1910,24601,
1911,24624,
1912,24647,
1913,24670,
1914,24693,
1915,24716,
1916,24739,
1917,24762,
1918,24785,
1919,24808,
1920,24831,
1921,24854,
1922,24877,
1923,24900,
1924,24923,
1925,24946,
1926,24969,
1927,24992,
1928,25015,
1929,25038,
1930,25061,
1931,25084,
1932,25107,
1933,25130,
1934,25153,
1935,25176,
1936,25199,
1937,25222,
1938,25245,
1939,25268,
1940,25291,
1941,25314,
1942,25337,
1943,25360,
1944,25383,
1945,25406,
1946,25429,
1947,25452,
1948,25475,
1949,25498,
1950,25521,
1951,25544,
1952,25567,
1953,25590,
1954,25613,
1955,25636,
1956,25659,
1957,25682,
1958,25705,
1959,25728,
1960,25751,
1961,25774,
1962,25797,
1963,25820,
1964,25843,
1965,25866,
1966,25889,
1967,25912,
1968,25935,
1969,25958,
1970,25981,
1971,26004,
1972,26027,
1973,26050,
1974,26073,
1975,26096,
1976,26119,
1977,26142,
1978,26165,
1979,26188,
1980,26211,
1981,26234,
1982,26257,
1983,26280,
1984,26303,
1985,26326,
1986,26349,
1987,26372,
1988,26395,
1989,26418,
1990,26441,
1991,26464,
1992,26487,
1993,26510,
1994,26533,
1995,26556,
1996,26579,
1997,26602,
1998,26625,
1999,26648,
2000,26671,
2001,26695,
2002,26719,
2003,26743,
2004,26767,
2005,26791,
2006,26815,
2007,26839,
2008,26863,
2009,26887,
2010,26911,
2011,26935,
2012,26959,
2013,26983,
2014,27007,
2015,27031,
2016,27055,
2017,27079,
2018,27103,
2019,27127,
2020,27151,
2021,27175,
2022,27199,
2023,27223,
2024,27247,
2025,27271,
2026,27295,
2027,27319,
2028,27343,
2029,27367,
2030,27391,
2031,27415,
2032,27439,
2033,27463,
2034,27487,
2035,27511,
2036,27535,
2037,27559,
2038,27583,
2039,27607,
2040,27631,
2041,27655,
2042,27679,
2043,27703,
2044,27727,
2045,27751,
2046,27775,
2047,27799,
2048,27823,
2049,27847,
2050,27871,
2051,27895,
2052,27919,
2053,27943,
2054,27967,
2055,27991,
2056,28015,
2057,28039,
2058,28063,
2059,28087,
2060,28111,
2061,28135,
2062,28159,
2063,28183,
2064,28207,
2065,28231,
2066,28255,
2067,28279,
2068,28303,
2069,28327,
2070,28351,
2071,28375,
2072,28399,
2073,28423,
2074,28447,
2075,28471,
2076,28495,
2077,28519,
2078,28543,
2079,28567,
2080,28591,
2081,28615,
2082,28639,
2083,28663,
2084,28687,
2085,28711,
2086,28735,
2087,28759,
2088,28783,
2089,28807,
2090,28831,
2091,28855,
2092,28879,
2093,28903,
2094,28927,
2095,28951,
2096,28975,
2097,28999,
2098,29023,
2099,29047,
2100,29071,
2101,29096,
2102,29121,
2103,29146,
2104,29171,
2105,29196,
2106,29221,
2107,29246,
2108,29271,
2109,29296,
2110,29321,
2111,29346,
2112,29371,
2113,29396,
2114,29421,
2115,29446,
2116,29471,
2117,29496,
2118,29521,
2119,29546,
2120,29571,
2121,29596,
2122,29621,
2123,29646,
2124,29671,
2125,29696,
2126,29721,
2127,29746,
2128,29771,
2129,29796,
2130,29821,
2131,29846,
2132,29871,
2133,29896,
2134,29921,
2135,29946,
2136,29971,
2137,29996,
2138,30021,
2139,30046,
2140,30071,
2141,30096,
2142,30121,
2143,30146,
2144,30171,
2145,30196,
2146,30221,
2147,30246,
2148,30271,
2149,30296,
2150,30321,
2151,30346,
2152,30371,
2153,30396,
2154,30421,
2155,30446,
2156,30471,
2157,30496,
2158,30521,
2159,30546,
2160,30571,
2161,30596,
2162,30621,
2163,30646,
2164,30671,
2165,30696,
2166,30721,
2167,30746,
2168,30771,
2169,30796,
2170,30821,
2171,30846,
2172,30871,
2173,30896,
2174,30921,
2175,30946,
2176,30971,
2177,30996,
2178,31021,
2179,31046,
2180,31071,
2181,31096,
2182,31121,
2183,31146,
2184,31171,
2185,31196,
2186,31221,
2187,31246,
2188,31271,
2189,31296,
2190,31321,
2191,31346,
2192,31371,
2193,31396,
2194,31421,
2195,31446,
2196,31471,
2197,31496,
2198,31521,
2199,31546,
2200,31571,
2201,31597,
2202,31623,
2203,31649,
2204,31675,
2205,31701,
2206,31727,
2207,31753,
2208,31779,
2209,31805,
2210,31831,
2211,31857,
2212,31883,
2213,31909,
2214,31935,
2215,31961,
2216,31987,
2217,32013,
2218,32039,
2219,32065,
2220,32091,
2221,32117,
2222,32143,
2223,32169,
2224,32195,
2225,32221,
2226,32247,
2227,32273,
2228,32299,
2229,32325,
2230,32351,
2231,32377,
2232,32403,
2233,32429,
2234,32455,
2235,32481,
2236,32507,
2237,32533,
2238,32559,
2239,32585,
2240,32611,
2241,32637,
2242,32663,
2243,32689,
2244,32715,
2245,32741,
2246,32767,
2247,32793,
2248,32819,
2249,32845,
2250,32871,
2251,32897,
2252,32923,
2253,32949,
2254,32975,
2255,33001,
2256,33027,
2257,33053,
2258,33079,
2259,33105,
2260,33131,
2261,33157,
2262,33183,
2263,33209,
2264,33235,
2265,33261,
2266,33287,
2267,33313,
2268,33339,
2269,33365,
2270,33391,
2271,33417,
2272,33443,
2273,33469,
2274,33495,
2275,33521,
2276,33547,
2277,33573,
2278,33599,
2279,33625,
2280,33651,
2281,33677,
2282,33703,
2283,33729,
2284,33755,
2285,33781,
2286,33807,
2287,33833,
2288,33859,
2289,33885,
2290,33911,
2291,33937,
2292,33963,
2293,33989,
2294,34015,
2295,34041,
2296,34067,
2297,34093,
2298,34119,
2299,34145,
2300,34171,
2301,34198,
2302,34225,
2303,34252,
2304,34279,
2305,34306,
2306,34333,
2307,34360,
2308,34387,
2309,34414,
2310,34441,
2311,34468,
2312,34495,
2313,34522,
2314,34549,
2315,34576,
2316,34603,
2317,34630,
2318,34657,
2319,34684,
2320,34711,
2321,34738,
2322,34765,
2323,34792,
2324,34819,
2325,34846,
2326,34873,
2327,34900,
2328,34927,
2329,34954,
2330,34981,
2331,35008,
2332,35035,
2333,35062,
2334,35089,
2335,35116,
2336,35143,
2337,35170,
2338,35197,
2339,35224,
2340,35251,
2341,35278,
2342,35305,
2343,35332,
2344,35359,
2345,35386,
2346,35413,
2347,35440,
2348,35467,
2349,35494,
2350,35521,
2351,35548,
2352,35575,
2353,35602,
2354,35629,
2355,35656,
2356,35683,
2357,35710,
2358,35737,
2359,35764,
2360,35791,
2361,35818,
2362,35845,
2363,35872,
2364,35899,
2365,35926,
2366,35953,
2367,35980,
2368,36007,
2369,36034,
2370,36061,
2371,36088,
2372,36115,
2373,36142,
2374,36169,
2375,36196,
2376,36223,
2377,36250,
2378,36277,
2379,36304,
2380,36331,
2381,36358,
2382,36385,
2383,36412,
2384,36439,
2385,36466,
2386,36493,
2387,36520,
2388,36547,
2389,36574,
2390,36601,
2391,36628,
2392,36655,
2393,36682,
2394,36709,
2395,36736,
2396,36763,
2397,36790,
2398,36817,
2399,36844,
2400,36871,
2401,36899,
2402,36927,
2403,36955,
2404,36983,
2405,37011,
2406,37039,
2407,37067,
2408,37095,
2409,37123,
2410,37151,
2411,37179,
2412,37207,
2413,37235,
2414,37263,
2415,37291,
2416,37319,
2417,37347,
2418,37375,
2419,37403,
2420,37431,
2421,37459,
2422,37487,
2423,37515,
2424,37543,
2425,37571,
2426,37599,
2427,37627,
2428,37655,
2429,37683,
2430,37711,
2431,37739,
2432,37767,
2433,37795,
2434,37823,
2435,37851,
2436,37879,
2437,37907,
2438,37935,
2439,37963,
2440,37991,
2441,38019,
2442,38047,
2443,38075,
2444,38103,
2445,38131,
2446,38159,
2447,38187,
2448,38215,
2449,38243,
2450,38271,
2451,38299,
2452,38327,
2453,38355,
2454,38383,
2455,38411,
2456,38439,
2457,38467,
2458,38495,
2459,38523,
2460,38551,
2461,38579,
2462,38607,
2463,38635,
2464,38663,
2465,38691,
2466,38719,
2467,38747,
2468,38775,
2469,38803,
2470,38831,
2471,38859,
2472,38887,
2473,38915,
2474,38943,
2475,38971,
2476,38999,
2477,39027,
2478,39055,
2479,39083,
2480,39111,
2481,39139,
2482,39167,
2483,39195,
2484,39223,
2485,39251,
2486,39279,
2487,39307,
2488,39335,
2489,39363,
2490,39391,
2491,39419,
2492,39447,
2493,39475,
2494,39503,
2495,39531,
2496,39559,
2497,39587,
2498,39615,
2499,39643,
2500,39671,
2501,39700,
2502,39729,
2503,39758,
2504,39787,
2505,39816,
2506,39845,
2507,39874,
2508,39903,
2509,39932,
2510,39961,
2511,39990,
2512,40019,
2513,40048,
2514,40077,
2515,40106,
2516,40135,
2517,40164,
2518,40193,
2519,40222,
2520,40251,
2521,40280,
2522,40309,
2523,40338,
2524,40367,
2525,40396,
2526,40425,
2527,40454,
2528,40483,
2529,40512,
2530,40541,
2531,40570,
2532,40599,
2533,40628,
2534,40657,
2535,40686,
2536,40715,
2537,40744,
2538,40773,
2539,40802,
2540,40831,
2541,40860,
2542,40889,
2543,40918,
2544,40947,
2545,40976,
2546,41005,
2547,41034,
2548,41063,
2549,41092,
2550,41121,
2551,41150,
2552,41179,
2553,41208,
2554,41237,
2555,41266,
2556,41295,
2557,41324,
2558,41353,
2559,41382,
2560,41411,
2561,41440,
2562,41469,
2563,41498,
2564,41527,
2565,41556,
2566,41585,
2567,41614,
2568,41643,
2569,41672,
2570,41701,
2571,41730,
2572,41759,
2573,41788,
2574,41817,
2575,41846,
2576,41875,
2577,41904,
2578,41933,
2579,41962,
2580,41991,
2581,42020,
2582,42049,
2583,42078,
2584,42107,
2585,42136,
2586,42165,
2587,42194,
2588,42223,
2589,42252,
2590,42281,
2591,42310,
2592,42339,
2593,42368,
2594,42397,
2595,42426,
2596,42455,
2597,42484,
2598,42513,
2599,42542,
2600,42571,
2601,42601,
2602,42631,
2603,42661,
2604,42691,
2605,42721,
2606,42751,
2607,42781,
2608,42811,
2609,42841,
2610,42871,
2611,42901,
2612,42931,
2613,42961,
2614,42991,
2615,43021,
2616,43051,
2617,43081,
2618,43111,
2619,43141,
2620,43171,
2621,43201,
2622,43231,
2623,43261,
2624,43291,
2625,43321,
2626,43351,
2627,43381,
2628,43411,
2629,43441,
2630,43471,
2631,43501,
2632,43531,
2633,43561,
2634,43591,
2635,43621,
2636,43651,
2637,43681,
2638,43711,
2639,43741,
2640,43771,
2641,43801,
2642,43831,
2643,43861,
2644,43891,
2645,43921,
2646,43951,
2647,43981,
2648,44011,
2649,44041,
2650,44071,
2651,44101,
2652,44131,
2653,44161,
2654,44191,
2655,44221,
2656,44251,
2657,44281,
2658,44311,
2659,44341,
2660,44371,
2661,44401,
2662,44431,
2663,44461,
2664,44491,
2665,44521,
2666,44551,
2667,44581,
2668,44611,
2669,44641,
2670,44671,
2671,44701,
2672,44731,
2673,44761,
2674,44791,
2675,44821,
2676,44851,
2677,44881,
2678,44911,
2679,44941,
2680,44971,
2681,45001,
2682,45031,
2683,45061,
2684,45091,
2685,45121,
2686,45151,
2687,45181,
2688,45211,
2689,45241,
2690,45271,
2691,45301,
2692,45331,
2693,45361,
2694,45391,
2695,45421,
2696,45451,
2697,45481,
2698,45511,
2699,45541,
2700,45571,
2701,45602,
2702,45633,
2703,45664,
2704,45695,
2705,45726,
2706,45757,
2707,45788,
2708,45819,
2709,45850,
2710,45881,
2711,45912,
2712,45943,
2713,45974,
2714,46005,
2715,46036,
2716,46067,
2717,46098,
2718,46129,
2719,46160,
2720,46191,
2721,46222,
2722,46253,
2723,46284,
2724,46315,
2725,46346,
2726,46377,
2727,46408,
2728,46439,
2729,46470,
2730,46501,
2731,46532,
2732,46563,
2733,46594,
2734,46625,
2735,46656,
2736,46687,
2737,46718,
2738,46749,
2739,46780,
2740,46811,
2741,46842,
2742,46873,
2743,46904,
2744,46935,
2745,46966,
2746,46997,
2747,47028,
2748,47059,
2749,47090,
2750,47121,
2751,47152,
2752,47183,
2753,47214,
2754,47245,
2755,47276,
2756,47307,
2757,47338,
2758,47369,
2759,47400,
2760,47431,
2761,47462,
2762,47493,
2763,47524,
2764,47555,
2765,47586,
2766,47617,
2767,47648,
2768,47679,
2769,47710,
2770,47741,
2771,47772,
2772,47803,
2773,47834,
2774,47865,
2775,47896,
2776,47927,
2777,47958,
2778,47989,
2779,48020,
2780,48051,
2781,48082,
2782,48113,
2783,48144,
2784,48175,
2785,48206,
2786,48237,
2787,48268,
2788,48299,
2789,48330,
2790,48361,
2791,48392,
2792,48423,
2793,48454,
2794,48485,
2795,48516,
2796,48547,
2797,48578,
2798,48609,
2799,48640,
2800,48671,
2801,48703,
2802,48735,
2803,48767,
2804,48799,
2805,48831,
2806,48863,
2807,48895,
2808,48927,
2809,48959,
2810,48991,
2811,49023,
2812,49055,
2813,49087,
2814,49119,
2815,49151,
2816,49183,
2817,49215,
2818,49247,
2819,49279,
2820,49311,
2821,49343,
2822,49375,
2823,49407,
2824,49439,
2825,49471,
2826,49503,
2827,49535,
2828,49567,
2829,49599,
2830,49631,
2831,49663,
2832,49695,
2833,49727,
2834,49759,
2835,49791,
2836,49823,
2837,49855,
2838,49887,
2839,49919,
2840,49951,
2841,49983,
2842,50015,
2843,50047,
2844,50079,
2845,50111,
2846,50143,
2847,50175,
2848,50207,
2849,50239,
2850,50271,
2851,50303,
2852,50335,
2853,50367,
2854,50399,
2855,50431,
2856,50463,
2857,50495,
2858,50527,
2859,50559,
2860,50591,
2861,50623,
2862,50655,
2863,50687,
2864,50719,
2865,50751,
2866,50783,
2867,50815,
2868,50847,
2869,50879,
2870,50911,
2871,50943,
2872,50975,
2873,51007,
2874,51039,
2875,51071,
2876,51103,
2877,51135,
2878,51167,
2879,51199,
2880,51231,
2881,51263,
2882,51295,
2883,51327,
2884,51359,
2885,51391,
2886,51423,
2887,51455,
2888,51487,
2889,51519,
2890,51551,
2891,51583,
2892,51615,
2893,51647,
2894,51679,
2895,51711,
2896,51743,
2897,51775,
2898,51807,
2899,51839,
2900,51871,
2901,51904,
2902,51937,
2903,51970,
2904,52003,
2905,52036,
2906,52069,
2907,52102,
2908,52135,
2909,52168,
2910,52201,
2911,52234,
2912,52267,
2913,52300,
2914,52333,
2915,52366,
2916,52399,
2917,52432,
2918,52465,
2919,52498,
2920,52531,
2921,52564,
2922,52597,
2923,52630,
2924,52663,
2925,52696,
2926,52729,
2927,52762,
2928,52795,
2929,52828,
2930,52861,
2931,52894,
2932,52927,
2933,52960,
2934,52993,
2935,53026,
2936,53059,
2937,53092,
2938,53125,
2939,53158,
2940,53191,
2941,53224,
2942,53257,
2943,53290,
2944,53323,
2945,53356,
2946,53389,
2947,53422,
2948,53455,
2949,53488,
2950,53521,
2951,53554,
2952,53587,
2953,53620,
2954,53653,
2955,53686,
2956,53719,
2957,53752,
2958,53785,
2959,53818,
2960,53851,
2961,53884,
2962,53917,
2963,53950,
2964,53983,
2965,54016,
2966,54049,
2967,54082,
2968,54115,
2969,54148,
2970,54181,
2971,54214,
2972,54247,
2973,54280,
2974,54313,
2975,54346,
2976,54379,
2977,54412,
2978,54445,
2979,54478,
2980,54511,
2981,54544,
2982,54577,
2983,54610,
2984,54643,
2985,54676,
2986,54709,
2987,54742,
2988,54775,
2989,54808,
2990,54841,
2991,54874,
2992,54907,
2993,54940,
2994,54973,
2995,55006,
2996,55039,
2997,55072,
2998,55105,
2999,55138,
3000,55171,
3001,55205,
3002,55239,
3003,55273,
3004,55307,
3005,55341,
3006,55375,
3007,55409,
3008,55443,
3009,55477,
3010,55511,
3011,55545,
3012,55579,
3013,55613,
3014,55647,
3015,55681,
3016,55715,
3017,55749,
3018,55783,
3019,55817,
3020,55851,
3021,55885,
3022,55919,
3023,55953,
3024,55987,
3025,56021,
3026,56055,
3027,56089,
3028,56123,
3029,56157,
3030,56191,
3031,56225,
3032,56259,
3033,56293,
3034,56327,
3035,56361,
3036,56395,
3037,56429,
3038,56463,
3039,56497,
3040,56531,
3041,56565,
3042,56599,
3043,56633,
3044,56667,
3045,56701,
3046,56735,
3047,56769,
3048,56803,
3049,56837,
3050,56871,
3051,56905,
3052,56939,
3053,56973,
3054,57007,
3055,57041,
3056,57075,
3057,57109,
3058,57143,
3059,57177,
3060,57211,
3061,57245,
3062,57279,
3063,57313,
3064,57347,
3065,57381,
3066,57415,
3067,57449,
3068,57483,
3069,57517,
3070,57551,
3071,57585,
3072,57619,
3073,57653,
3074,57687,
3075,57721,
3076,57756,
3077,57791,
3078,57826,
3079,57861,
3080,57896,
3081,57931,
3082,57966,
3083,58001,
3084,58036,
3085,58071,
3086,58106,
3087,58141,
3088,58176,
3089,58211,
3090,58246,
3091,58281,
3092,58316,
3093,58351,
3094,58386,
3095,58421,
3096,58456,
3097,58491,
3098,58526,
3099,58561,
3100,58596,
3101,58631,
3102,58666,
3103,58701,
3104,58736,
3105,58771,
3106,58806,
3107,58841,
3108,58876,
3109,58911,
3110,58946,
3111,58981,
3112,59016,
3113,59051,
3114,59086,
3115,59121,
3116,59156,
3117,59191,
3118,59226,
3119,59261,
3120,59296,
3121,59331,
3122,59366,
3123,59401,
3124,59436,
3125,59471,
3126,59506,
3127,59541,
3128,59576,
3129,59611,
3130,59646,
3131,59681,
3132,59716,
3133,59751,
3134,59786,
3135,59821,
3136,59856,
3137,59891,
3138,59926,
3139,59961,
3140,59996,
3141,60031,
3142,60066,
3143,60101,
3144,60136,
3145,60171,
3146,60206,
3147,60241,
3148,60276,
3149,60311,
3150,60346,
3151,60382,
3152,60418,
3153,60454,
3154,60490,
3155,60526,
3156,60562,
3157,60598,
3158,60634,
3159,60670,
3160,60706,
3161,60742,
3162,60778,
3163,60814,
3164,60850,
3165,60886,
3166,60922,
3167,60958,
3168,60994,
3169,61030,
3170,61066,
3171,61102,
3172,61138,
3173,61174,
3174,61210,
3175,61246,
3176,61282,
3177,61318,
3178,61354,
3179,61390,
3180,61426,
3181,61462,
3182,61498,
3183,61534,
3184,61570,
3185,61606,
3186,61642,
3187,61678,
3188,61714,
3189,61750,
3190,61786,
3191,61822,
3192,61858,
3193,61894,
3194,61930,
3195,61966,
3196,62002,
3197,62038,
3198,62074,
3199,62110,
3200,62146,
3201,62182,
3202,62218,
3203,62254,
3204,62290,
3205,62326,
3206,62362,
3207,62398,
3208,62434,
3209,62470,
3210,62506,
3211,62542,
3212,62578,
3213,62614,
3214,62650,
3215,62686,
3216,62722,
3217,62758,
3218,62794,
3219,62830,
3220,62866,
3221,62902,
3222,62938,
3223,62974,
3224,63010,
3225,63046,
3226,63083,
3227,63120,
3228,63157,
3229,63194,
3230,63231,
3231,63268,
3232,63305,
3233,63342,
3234,63379,
3235,63416,
3236,63453,
3237,63490,
3238,63527,
3239,63564,
3240,63601,
3241,63638,
3242,63675,
3243,63712,
3244,63749,
3245,63786,
3246,63823,
3247,63860,
3248,63897,
3249,63934,
3250,63971,
3251,64008,
3252,64045,
3253,64082,
3254,64119,
3255,64156,
3256,64193,
3257,64230,
3258,64267,
3259,64304,
3260,64341,
3261,64378,
3262,64415,
3263,64452,
3264,64489,
3265,64526,
3266,64563,
3267,64600,
3268,64637,
3269,64674,
3270,64711,
3271,64748,
3272,64785,
3273,64822,
3274,64859,
3275,64896,
3276,64933,
3277,64970,
3278,65007,
3279,65044,
3280,65081,
3281,65118,
3282,65155,
3283,65192,
3284,65229,
3285,65266,
3286,65303,
3287,65340,
3288,65377,
3289,65414,
3290,65451,
3291,65488,
3292,65525,
3293,65562,
3294,65599,
3295,65636,
3296,65673,
3297,65710,
3298,65747,
3299,65784,
3300,65821,
3301,65859,
3302,65897,
3303,65935,
3304,65973,
3305,66011,
3306,66049,
3307,66087,
3308,66125,
3309,66163,
3310,66201,
3311,66239,
3312,66277,
3313,66315,
3314,66353,
3315,66391,
3316,66429,
3317,66467,
3318,66505,
3319,66543,
3320,66581,
3321,66619,
3322,66657,
3323,66695,
3324,66733,
3325,66771,
3326,66809,
3327,66847,
3328,66885,
3329,66923,
3330,66961,
3331,66999,
3332,67037,
3333,67075,
3334,67113,
3335,67151,
3336,67189,
3337,67227,
3338,67265,
3339,67303,
3340,67341,
3341,67379,
3342,67417,
3343,67455,
3344,67493,
3345,67531,
3346,67569,
3347,67607,
3348,67645,
3349,67683,
3350,67721,
3351,67759,
3352,67797,
3353,67835,
3354,67873,
3355,67911,
3356,67949,
3357,67987,
3358,68025,
3359,68063,
3360,68101,
3361,68139,
3362,68177,
3363,68215,
3364,68253,
3365,68291,
3366,68329,
3367,68367,
3368,68405,
3369,68443,
3370,68481,
3371,68519,
3372,68557,
3373,68595,
3374,68633,
3375,68671,
3376,68710,
3377,68749,
3378,68788,
3379,68827,
3380,68866,
3381,68905,
3382,68944,
3383,68983,
3384,69022,
3385,69061,
3386,69100,
3387,69139,
3388,69178,
3389,69217,
3390,69256,
3391,69295,
3392,69334,
3393,69373,
3394,69412,
3395,69451,
3396,69490,
3397,69529,
3398,69568,
3399,69607,
3400,69646,
3401,69685,
3402,69724,
3403,69763,
3404,69802,
3405,69841,
3406,69880,
3407,69919,
3408,69958,
3409,69997,
3410,70036,
3411,70075,
3412,70114,
3413,70153,
3414,70192,
3415,70231,
3416,70270,
3417,70309,
3418,70348,
3419,70387,
3420,70426,
3421,70465,
3422,70504,
3423,70543,
3424,70582,
3425,70621,
3426,70660,
3427,70699,
3428,70738,
3429,70777,
3430,70816,
3431,70855,
3432,70894,
3433,70933,
3434,70972,
3435,71011,
3436,71050,
3437,71089,
3438,71128,
3439,71167,
3440,71206,
3441,71245,
3442,71284,
3443,71323,
3444,71362,
3445,71401,
3446,71440,
3447,71479,
3448,71518,
3449,71557,
3450,71596,
3451,71636,
3452,71676,
3453,71716,
3454,71756,
3455,71796,
3456,71836,
3457,71876,
3458,71916,
3459,71956,
3460,71996,
3461,72036,
3462,72076,
3463,72116,
3464,72156,
3465,72196,
3466,72236,
3467,72276,
3468,72316,
3469,72356,
3470,72396,
3471,72436,
3472,72476,
3473,72516,
3474,72556,
3475,72596,
3476,72636,
3477,72676,
3478,72716,
3479,72756,
3480,72796,
3481,72836,
3482,72876,
3483,72916,
3484,72956,
3485,72996,
3486,73036,
3487,73076,
3488,73116,
3489,73156,
3490,73196,
3491,73236,
3492,73276,
3493,73316,
3494,73356,
3495,73396,
3496,73436,
3497,73476,
3498,73516,
3499,73556,
3500,73596,
3501,73636,
3502,73676,
3503,73716,
3504,73756,
3505,73796,
3506,73836,
3507,73876,
3508,73916,
3509,73956,
3510,73996,
3511,74036,
3512,74076,
3513,74116,
3514,74156,
3515,74196,
3516,74236,
3517,74276,
3518,74316,
3519,74356,
3520,74396,
3521,74436,
3522,74476,
3523,74516,
3524,74556,
3525,74596,
3526,74637,
3527,74678,
3528,74719,
3529,74760,
3530,74801,
3531,74842,
3532,74883,
3533,74924,
3534,74965,
3535,75006,
3536,75047,
3537,75088,
3538,75129,
3539,75170,
3540,75211,
3541,75252,
3542,75293,
3543,75334,
3544,75375,
3545,75416,
3546,75457,
3547,75498,
3548,75539,
3549,75580,
3550,75621,
3551,75662,
3552,75703,
3553,75744,
3554,75785,
3555,75826,
3556,75867,
3557,75908,
3558,75949,
3559,75990,
3560,76031,
3561,76072,
3562,76113,
3563,76154,
3564,76195,
3565,76236,
3566,76277,
3567,76318,
3568,76359,
3569,76400,
3570,76441,
3571,76482,
3572,76523,
3573,76564,
3574,76605,
3575,76646,
3576,76687,
3577,76728,
3578,76769,
3579,76810,
3580,76851,
3581,76892,
3582,76933,
3583,76974,
3584,77015,
3585,77056,
3586,77097,
3587,77138,
3588,77179,
3589,77220,
3590,77261,
3591,77302,
3592,77343,
3593,77384,
3594,77425,
3595,77466,
3596,77507,
3597,77548,
3598,77589,
3599,77630,
3600,77671,
3601,77713,
3602,77755,
3603,77797,
3604,77839,
3605,77881,
3606,77923,
3607,77965,
3608,78007,
3609,78049,
3610,78091,
3611,78133,
3612,78175,
3613,78217,
3614,78259,
3615,78301,
3616,78343,
3617,78385,
3618,78427,
3619,78469,
3620,78511,
3621,78553,
3622,78595,
3623,78637,
3624,78679,
3625,78721,
3626,78763,
3627,78805,
3628,78847,
3629,78889,
3630,78931,
3631,78973,
3632,79015,
3633,79057,
3634,79099,
3635,79141,
3636,79183,
3637,79225,
3638,79267,
3639,79309,
3640,79351,
3641,79393,
3642,79435,
3643,79477,
3644,79519,
3645,79561,
3646,79603,
3647,79645,
3648,79687,
3649,79729,
3650,79771,
3651,79813,
3652,79855,
3653,79897,
3654,79939,
3655,79981,
3656,80023,
3657,80065,
3658,80107,
3659,80149,
3660,80191,
3661,80233,
3662,80275,
3663,80317,
3664,80359,
3665,80401,
3666,80443,
3667,80485,
3668,80527,
3669,80569,
3670,80611,
3671,80653,
3672,80695,
3673,80737,
3674,80779,
3675,80821,
3676,80864,
3677,80907,
3678,80950,
3679,80993,
3680,81036,
3681,81079,
3682,81122,
3683,81165,
3684,81208,
3685,81251,
3686,81294,
3687,81337,
3688,81380,
3689,81423,
3690,81466,
3691,81509,
3692,81552,
3693,81595,
3694,81638,
3695,81681,
3696,81724,
3697,81767,
3698,81810,
3699,81853,
3700,81896,
3701,81939,
3702,81982,
3703,82025,
3704,82068,
3705,82111,
3706,82154,
3707,82197,
3708,82240,
3709,82283,
3710,82326,
3711,82369,
3712,82412,
3713,82455,
3714,82498,
3715,82541,
3716,82584,
3717,82627,
3718,82670,
3719,82713,
3720,82756,
3721,82799,
3722,82842,
3723,82885,
3724,82928,
3725,82971,
3726,83014,
3727,83057,
3728,83100,
3729,83143,
3730,83186,
3731,83229,
3732,83272,
3733,83315,
3734,83358,
3735,83401,
3736,83444,
3737,83487,
3738,83530,
3739,83573,
3740,83616,
3741,83659,
3742,83702,
3743,83745,
3744,83788,
3745,83831,
3746,83874,
3747,83917,
3748,83960,
3749,84003,
3750,84046,
3751,84090,
3752,84134,
3753,84178,
3754,84222,
3755,84266,
3756,84310,
3757,84354,
3758,84398,
3759,84442,
3760,84486,
3761,84530,
3762,84574,
3763,84618,
3764,84662,
3765,84706,
3766,84750,
3767,84794,
3768,84838,
3769,84882,
3770,84926,
3771,84970,
3772,85014,
3773,85058,
3774,85102,
3775,85146,
3776,85190,
3777,85234,
3778,85278,
3779,85322,
3780,85366,
3781,85410,
3782,85454,
3783,85498,
3784,85542,
3785,85586,
3786,85630,
3787,85674,
3788,85718,
3789,85762,
3790,85806,
3791,85850,
3792,85894,
3793,85938,
3794,85982,
3795,86026,
3796,86070,
3797,86114,
3798,86158,
3799,86202,
3800,86246,
3801,86290,
3802,86334,
3803,86378,
3804,86422,
3805,86466,
3806,86510,
3807,86554,
3808,86598,
3809,86642,
3810,86686,
3811,86730,
3812,86774,
3813,86818,
3814,86862,
3815,86906,
3816,86950,
3817,86994,
3818,87038,
3819,87082,
3820,87126,
3821,87170,
3822,87214,
3823,87258,
3824,87302,
3825,87346,
3826,87391,
3827,87436,
3828,87481,
3829,87526,
3830,87571,
3831,87616,
3832,87661,
3833,87706,
3834,87751,
3835,87796,
3836,87841,
3837,87886,
3838,87931,
3839,87976,
3840,88021,
3841,88066,
3842,88111,
3843,88156,
3844,88201,
3845,88246,
3846,88291,
3847,88336,
3848,88381,
3849,88426,
3850,88471,
3851,88516,
3852,88561,
3853,88606,
3854,88651,
3855,88696,
3856,88741,
3857,88786,
3858,88831,
3859,88876,
3860,88921,
3861,88966,
3862,89011,
3863,89056,
3864,89101,
3865,89146,
3866,89191,
3867,89236,
3868,89281,
3869,89326,
3870,89371,
3871,89416,
3872,89461,
3873,89506,
3874,89551,
3875,89596,
3876,89641,
3877,89686,
3878,89731,
3879,89776,
3880,89821,
3881,89866,
3882,89911,
3883,89956,
3884,90001,
3885,90046,
3886,90091,
3887,90136,
3888,90181,
3889,90226,
3890,90271,
3891,90316,
3892,90361,
3893,90406,
3894,90451,
3895,90496,
3896,90541,
3897,90586,
3898,90631,
3899,90676,
3900,90721,
3901,90767,
3902,90813,
3903,90859,
3904,90905,
3905,90951,
3906,90997,
3907,91043,
3908,91089,
3909,91135,
3910,91181,
3911,91227,
3912,91273,
3913,91319,
3914,91365,
3915,91411,
3916,91457,
3917,91503,
3918,91549,
3919,91595,
3920,91641,
3921,91687,
3922,91733,
3923,91779,
3924,91825,
3925,91871,
3926,91917,
3927,91963,
3928,92009,
3929,92055,
3930,92101,
3931,92147,
3932,92193,
3933,92239,
3934,92285,
3935,92331,
3936,92377,
3937,92423,
3938,92469,
3939,92515,
3940,92561,
3941,92607,
3942,92653,
3943,92699,
3944,92745,
3945,92791,
3946,92837,
3947,92883,
3948,92929,
3949,92975,
3950,93021,
3951,93067,
3952,93113,
3953,93159,
3954,93205,
3955,93251,
3956,93297,
3957,93343,
3958,93389,
3959,93435,
3960,93481,
3961,93527,
3962,93573,
3963,93619,
3964,93665,
3965,93711,
3966,93757,
3967,93803,
3968,93849,
3969,93895,
3970,93941,
3971,93987,
3972,94033,
3973,94079,
3974,94125,
3975,94171,
3976,94218,
3977,94265,
3978,94312,
3979,94359,
3980,94406,
3981,94453,
3982,94500,
3983,94547,
3984,94594,
3985,94641,
3986,94688,
3987,94735,
3988,94782,
3989,94829,
3990,94876,
3991,94923,
3992,94970,
3993,95017,
3994,95064,
3995,95111,
3996,95158,
3997,95205,
3998,95252,
3999,95300,
4000,95348,
4001,95396,
4002,95444,
4003,95492,
4004,95540,
4005,95588,
4006,95636,
4007,95684,
4008,95732,
4009,95780,
4010,95828,
4011,95876,
4012,95924,
4013,95972,
4014,96020,
4015,96068,
4016,96116,
4017,96164,
4018,96212,
4019,96260,
4020,96308,
4021,96356,
4022,96404,
4023,96452,
4024,96500,
4025,96548,
4026,96596,
4027,96644,
4028,96692,
4029,96740,
4030,96788,
4031,96836,
4032,96884,
4033,96932,
4034,96980,
4035,97028,
4036,97076,
4037,97124,
4038,97172,
4039,97220,
4040,97268,
4041,97316,
4042,97364,
4043,97412,
4044,97460,
4045,97508,
4046,97556,
4047,97604,
4048,97652,
4049,97700,
4050,97748,
4051,97797,
4052,97846,
4053,97895,
4054,97944,
4055,97993,
4056,98042,
4057,98091,
4058,98140,
4059,98189,
4060,98238,
4061,98287,
4062,98336,
4063,98385,
4064,98434,
4065,98483,
4066,98532,
4067,98581,
4068,98630,
4069,98679,
4070,98728,
4071,98777,
4072,98826,
4073,98875,
4074,98924,
4075,98973,
4076,99022,
4077,99071,
4078,99120,
4079,99169,
4080,99218,
4081,99267,
4082,99316,
4083,99365,
4084,99414,
4085,99463,
4086,99512,
4087,99561,
4088,99610,
4089,99659,
4090,99708,
4091,99757,
4092,99806,
4093,99855,
4094,99904,
4095,99953,
4096,100002,
4097,100051,
4098,100100,
4099,100149,
4100,100198,
4101,100248,
4102,100298,
4103,100348,
4104,100398,
4105,100448,
4106,100498,
4107,100548,
4108,100598,
4109,100648,
4110,100698,
4111,100748,
4112,100798,
4113,100848,
4114,100898,
4115,100948,
4116,100998,
4117,101048,
4118,101098,
4119,101148,
4120,101198,
4121,101248,
4122,101298,
4123,101348,
4124,101398,
4125,101448,
4126,101498,
4127,101548,
4128,101598,
4129,101648,
4130,101698,
4131,101748,
4132,101798,
4133,101848,
4134,101898,
4135,101948,
4136,101998,
4137,102048,
4138,102098,
4139,102148,
4140,102198,
4141,102248,
4142,102298,
4143,102348,
4144,102398,
4145,102448,
4146,102498,
4147,102548,
4148,102598,
4149,102648,
4150,102698,
4151,102749,
4152,102800,
4153,102851,
4154,102902,
4155,102953,
4156,103004,
4157,103055,
4158,103106,
4159,103157,
4160,103208,
4161,103259,
4162,103310,
4163,103361,
4164,103412,
4165,103463,
4166,103514,
4167,103565,
4168,103616,
4169,103667,
4170,103718,
4171,103769,
4172,103820,
4173,103871,
4174,103922,
4175,103973,
4176,104024,
4177,104075,
4178,104126,
4179,104177,
4180,104228,
4181,104279,
4182,104330,
4183,104381,
4184,104432,
4185,104483,
4186,104534,
4187,104585,
4188,104636,
4189,104687,
4190,104738,
4191,104789,
4192,104840,
4193,104891,
4194,104942,
4195,104993,
4196,105044,
4197,105095,
4198,105146,
4199,105197,
4200,105248,
4201,105300,
4202,105352,
4203,105404,
4204,105456,
4205,105508,
4206,105560,
4207,105612,
4208,105664,
4209,105716,
4210,105768,
4211,105820,
4212,105872,
4213,105924,
4214,105976,
4215,106028,
4216,106080,
4217,106132,
4218,106184,
4219,106236,
4220,106288,
4221,106340,
4222,106392,
4223,106444,
4224,106496,
4225,106548,
4226,106600,
4227,106652,
4228,106704,
4229,106756,
4230,106808,
4231,106860,
4232,106912,
4233,106964,
4234,107016,
4235,107068,
4236,107120,
4237,107172,
4238,107224,
4239,107276,
4240,107328,
4241,107380,
4242,107432,
4243,107484,
4244,107536,
4245,107588,
4246,107640,
4247,107692,
4248,107744,
4249,107796,
4250,107848,
4251,107901,
4252,107954,
4253,108007,
4254,108060,
4255,108113,
4256,108166,
4257,108219,
4258,108272,
4259,108325,
4260,108378,
4261,108431,
4262,108484,
4263,108537,
4264,108590,
4265,108643,
4266,108696,
4267,108749,
4268,108802,
4269,108855,
4270,108908,
4271,108961,
4272,109014,
4273,109067,
4274,109120,
4275,109173,
4276,109226,
4277,109279,
4278,109332,
4279,109385,
4280,109438,
4281,109491,
4282,109544,
4283,109597,
4284,109650,
4285,109703,
4286,109756,
4287,109809,
4288,109862,
4289,109915,
4290,109968,
4291,110021,
4292,110074,
4293,110127,
4294,110180,
4295,110233,
4296,110286,
4297,110339,
4298,110392,
4299,110445,
4300,110498,
4301,110552,
4302,110606,
4303,110660,
4304,110714,
4305,110768,
4306,110822,
4307,110876,
4308,110930,
4309,110984,
4310,111038,
4311,111092,
4312,111146,
4313,111200,
4314,111254,
4315,111308,
4316,111362,
4317,111416,
4318,111470,
4319,111524,
4320,111578,
4321,111632,
4322,111686,
4323,111740,
4324,111794,
4325,111848,
4326,111902,
4327,111956,
4328,112010,
4329,112064,
4330,112118,
4331,112172,
4332,112226,
4333,112280,
4334,112334,
4335,112388,
4336,112442,
4337,112496,
4338,112550,
4339,112604,
4340,112658,
4341,112712,
4342,112766,
4343,112820,
4344,112874,
4345,112928,
4346,112982,
4347,113036,
4348,113090,
4349,113144,
4350,113198,
4351,113253,
4352,113308,
4353,113363,
4354,113418,
4355,113473,
4356,113528,
4357,113583,
4358,113638,
4359,113693,
4360,113748,
4361,113803,
4362,113858,
4363,113913,
4364,113968,
4365,114023,
4366,114078,
4367,114133,
4368,114188,
4369,114243,
4370,114298,
4371,114353,
4372,114408,
4373,114463,
4374,114518,
4375,114573,
4376,114628,
4377,114683,
4378,114738,
4379,114793,
4380,114848,
4381,114903,
4382,114958,
4383,115013,
4384,115068,
4385,115123,
4386,115178,
4387,115233,
4388,115288,
4389,115343,
4390,115398,
4391,115453,
4392,115508,
4393,115563,
4394,115618,
4395,115673,
4396,115728,
4397,115783,
4398,115838,
4399,115893,
4400,115948,
4401,116004,
4402,116060,
4403,116116,
4404,116172,
4405,116228,
4406,116284,
4407,116340,
4408,116396,
4409,116452,
4410,116508,
4411,116564,
4412,116620,
4413,116676,
4414,116732,
4415,116788,
4416,116844,
4417,116900,
4418,116956,
4419,117012,
4420,117068,
4421,117124,
4422,117180,
4423,117236,
4424,117292,
4425,117348,
4426,117404,
4427,117460,
4428,117516,
4429,117572,
4430,117628,
4431,117684,
4432,117740,
4433,117796,
4434,117852,
4435,117908,
4436,117964,
4437,118020,
4438,118076,
4439,118132,
4440,118188,
4441,118244,
4442,118300,
4443,118356,
4444,118412,
4445,118468,
4446,118524,
4447,118580,
4448,118636,
4449,118692,
4450,118748,
4451,118805,
4452,118862,
4453,118919,
4454,118976,
4455,119033,
4456,119090,
4457,119147,
4458,119204,
4459,119261,
4460,119318,
4461,119375,
4462,119432,
4463,119489,
4464,119546,
4465,119603,
4466,119660,
4467,119717,
4468,119774,
4469,119831,
4470,119888,
4471,119945,
4472,120002,
4473,120059,
4474,120116,
4475,120173,
4476,120230,
4477,120287,
4478,120344,
4479,120401,
4480,120458,
4481,120515,
4482,120572,
4483,120629,
4484,120686,
4485,120743,
4486,120800,
4487,120857,
4488,120914,
4489,120971,
4490,121028,
4491,121085,
4492,121142,
4493,121199,
4494,121256,
4495,121313,
4496,121370,
4497,121427,
4498,121484,
4499,121541,
4500,121598,
4501,121656,
4502,121714,
4503,121772,
4504,121830,
4505,121888,
4506,121946,
4507,122004,
4508,122062,
4509,122120,
4510,122178,
4511,122236,
4512,122294,
4513,122352,
4514,122410,
4515,122468,
4516,122526,
4517,122584,
4518,122642,
4519,122700,
4520,122758,
4521,122816,
4522,122874,
4523,122932,
4524,122990,
4525,123048,
4526,123106,
4527,123164,
4528,123222,
4529,123280,
4530,123338,
4531,123396,
4532,123454,
4533,123512,
4534,123570,
4535,123628,
4536,123686,
4537,123744,
4538,123802,
4539,123860,
4540,123918,
4541,123976,
4542,124034,
4543,124092,
4544,124150,
4545,124208,
4546,124266,
4547,124324,
4548,124382,
4549,124440,
4550,124498,
4551,124557,
4552,124616,
4553,124675,
4554,124734,
4555,124793,
4556,124852,
4557,124911,
4558,124970,
4559,125029,
4560,125088,
4561,125147,
4562,125206,
4563,125265,
4564,125324,
4565,125383,
4566,125442,
4567,125501,
4568,125560,
4569,125619,
4570,125678,
4571,125737,
4572,125796,
4573,125855,
4574,125914,
4575,125973,
4576,126032,
4577,126091,
4578,126150,
4579,126209,
4580,126268,
4581,126327,
4582,126386,
4583,126445,
4584,126504,
4585,126563,
4586,126622,
4587,126681,
4588,126740,
4589,126799,
4590,126858,
4591,126917,
4592,126976,
4593,127035,
4594,127094,
4595,127153,
4596,127212,
4597,127271,
4598,127330,
4599,127389,
4600,127448,
4601,127508,
4602,127568,
4603,127628,
4604,127688,
4605,127748,
4606,127808,
4607,127868,
4608,127928,
4609,127988,
4610,128048,
4611,128108,
4612,128168,
4613,128228,
4614,128288,
4615,128348,
4616,128408,
4617,128468,
4618,128528,
4619,128588,
4620,128648,
4621,128708,
4622,128768,
4623,128828,
4624,128888,
4625,128948,
4626,129008,
4627,129068,
4628,129128,
4629,129188,
4630,129248,
4631,129308,
4632,129368,
4633,129428,
4634,129488,
4635,129548,
4636,129608,
4637,129668,
4638,129728,
4639,129788,
4640,129848,
4641,129908,
4642,129968,
4643,130028,
4644,130088,
4645,130148,
4646,130208,
4647,130268,
4648,130328,
4649,130388,
4650,130448,
4651,130509,
4652,130570,
4653,130631,
4654,130692,
4655,130753,
4656,130814,
4657,130875,
4658,130936,
4659,130997,
4660,131058,
4661,131119,
4662,131180,
4663,131241,
4664,131302,
4665,131363,
4666,131424,
4667,131485,
4668,131546,
4669,131607,
4670,131668,
4671,131729,
4672,131790,
4673,131851,
4674,131912,
4675,131973,
4676,132034,
4677,132095,
4678,132156,
4679,132217,
4680,132278,
4681,132339,
4682,132400,
4683,132461,
4684,132522,
4685,132583,
4686,132644,
4687,132705,
4688,132766,
4689,132827,
4690,132888,
4691,132949,
4692,133010,
4693,133071,
4694,133132,
4695,133193,
4696,133254,
4697,133315,
4698,133376,
4699,133437,
4700,133498,
4701,133560,
4702,133622,
4703,133684,
4704,133746,
4705,133808,
4706,133870,
4707,133932,
4708,133994,
4709,134056,
4710,134118,
4711,134180,
4712,134242,
4713,134304,
4714,134366,
4715,134428,
4716,134490,
4717,134552,
4718,134614,
4719,134676,
4720,134738,
4721,134800,
4722,134862,
4723,134924,
4724,134986,
4725,135048,
4726,135110,
4727,135172,
4728,135234,
4729,135296,
4730,135358,
4731,135420,
4732,135482,
4733,135544,
4734,135606,
4735,135668,
4736,135730,
4737,135792,
4738,135854,
4739,135916,
4740,135978,
4741,136040,
4742,136102,
4743,136164,
4744,136226,
4745,136288,
4746,136350,
4747,136412,
4748,136474,
4749,136536,
4750,136598,
4751,136661,
4752,136724,
4753,136787,
4754,136850,
4755,136913,
4756,136976,
4757,137039,
4758,137102,
4759,137165,
4760,137228,
4761,137291,
4762,137354,
4763,137417,
4764,137480,
4765,137543,
4766,137606,
4767,137669,
4768,137732,
4769,137795,
4770,137858,
4771,137921,
4772,137984,
4773,138047,
4774,138110,
4775,138173,
4776,138236,
4777,138299,
4778,138362,
4779,138425,
4780,138488,
4781,138551,
4782,138614,
4783,138677,
4784,138740,
4785,138803,
4786,138866,
4787,138929,
4788,138992,
4789,139055,
4790,139118,
4791,139181,
4792,139244,
4793,139307,
4794,139370,
4795,139433,
4796,139496,
4797,139559,
4798,139622,
4799,139685,
4800,139748,
4801,139812,
4802,139876,
4803,139940,
4804,140004,
4805,140068,
4806,140132,
4807,140196,
4808,140260,
4809,140324,
4810,140388,
4811,140452,
4812,140516,
4813,140580,
4814,140644,
4815,140708,
4816,140772,
4817,140836,
4818,140900,
4819,140964,
4820,141028,
4821,141092,
4822,141156,
4823,141220,
4824,141284,
4825,141348,
4826,141412,
4827,141476,
4828,141540,
4829,141604,
4830,141668,
4831,141732,
4832,141796,
4833,141860,
4834,141924,
4835,141988,
4836,142052,
4837,142116,
4838,142180,
4839,142244,
4840,142308,
4841,142372,
4842,142436,
4843,142500,
4844,142564,
4845,142628,
4846,142692,
4847,142756,
4848,142820,
4849,142884,
4850,142948,
4851,143013,
4852,143078,
4853,143143,
4854,143208,
4855,143273,
4856,143338,
4857,143403,
4858,143468,
4859,143533,
4860,143598,
4861,143663,
4862,143728,
4863,143793,
4864,143858,
4865,143923,
4866,143988,
4867,144053,
4868,144118,
4869,144183,
4870,144248,
4871,144313,
4872,144378,
4873,144443,
4874,144508,
4875,144573,
4876,144638,
4877,144703,
4878,144768,
4879,144833,
4880,144898,
4881,144963,
4882,145028,
4883,145093,
4884,145158,
4885,145223,
4886,145288,
4887,145353,
4888,145418,
4889,145483,
4890,145548,
4891,145613,
4892,145678,
4893,145743,
4894,145808,
4895,145873,
4896,145938,
4897,146003,
4898,146068,
4899,146133,
4900,146198,
4901,146264,
4902,146330,
4903,146396,
4904,146462,
4905,146528,
4906,146594,
4907,146660,
4908,146726,
4909,146792,
4910,146858,
4911,146924,
4912,146990,
4913,147056,
4914,147122,
4915,147188,
4916,147254,
4917,147320,
4918,147386,
4919,147452,
4920,147518,
4921,147584,
4922,147650,
4923,147716,
4924,147782,
4925,147848,
4926,147914,
4927,147980,
4928,148046,
4929,148112,
4930,148178,
4931,148244,
4932,148310,
4933,148376,
4934,148442,
4935,148508,
4936,148574,
4937,148640,
4938,148706,
4939,148772,
4940,148838,
4941,148904,
4942,148970,
4943,149036,
4944,149102,
4945,149168,
4946,149234,
4947,149300,
4948,149366,
4949,149432,
4950,149498,
4951,149565,
4952,149632,
4953,149699,
4954,149766,
4955,149833,
4956,149900,
4957,149967,
4958,150034,
4959,150101,
4960,150168,
4961,150235,
4962,150302,
4963,150369,
4964,150436,
4965,150503,
4966,150570,
4967,150637,
4968,150704,
4969,150771,
4970,150838,
4971,150905,
4972,150972,
4973,151039,
4974,151106,
4975,151173,
4976,151240,
4977,151307,
4978,151374,
4979,151441,
4980,151508,
4981,151575,
4982,151642,
4983,151709,
4984,151776,
4985,151843,
4986,151910,
4987,151977,
4988,152044,
4989,152111,
4990,152178,
4991,152245,
4992,152312,
4993,152379,
4994,152446,
4995,152513,
4996,152580,
4997,152647,
4998,152714,
4999,152781,
5000,152848,