RewardID,TotalPointsRequired,RewardString,StringBuilder,AllCurrencies
0,6,"Diamonds:50,AnniversaryMinigameCurrency:10,MinigameBallDropPrestigeCurrency:10,MinigameDigsiteCurrency:10,MinigameFishingCurrency:10,MinigameHuntingCurrency:10,MinigameMazeKeys:10,MinigameQuestCurrency:10","Diamonds:25,Diamonds:50,AnniversaryMinigameCurrency:10,MinigameBallDropPrestigeCurrency:10,MinigameDigsiteCurrency:10,MinigameFishingCurrency:10,MinigameHuntingCurrency:10,MinigameMazeKeys:10,MinigameQuestCurrency:10,AnniversaryMinigameCurrency:10,MinigameBallDropPrestigeCurrency:10,MinigameDigsiteCurrency:10,MinigameFishingCurrency:10,MinigameHuntingCurrency:10,MinigameMazeKeys:10,MinigameQuestCurrency:10","AnniversaryMinigameCurrency:10,MinigameBallDropPrestigeCurrency:10,MinigameDigsiteCurrency:10,MinigameFishingCurrency:10,MinigameHuntingCurrency:10,MinigameMazeKeys:10,MinigameQuestCurrency:10"
1,12,"Diamonds:25,SkillPoint:1,AnniversaryMinigameCurrency:10,MinigameBallDropPrestigeCurrency:10,MinigameDigsiteCurrency:10,MinigameFishingCurrency:10,MinigameHuntingCurrency:10,MinigameMazeKeys:10,MinigameQuestCurrency:10","Diamonds:25,Diamonds:25,SkillPoint:1,AnniversaryMinigameCurrency:10,MinigameBallDropPrestigeCurrency:10,MinigameDigsiteCurrency:10,MinigameFishingCurrency:10,MinigameHuntingCurrency:10,MinigameMazeKeys:10,MinigameQuestCurrency:10,AnniversaryMinigameCurrency:10,MinigameBallDropPrestigeCurrency:10,MinigameDigsiteCurrency:10,MinigameFishingCurrency:10,MinigameHuntingCurrency:10,MinigameMazeKeys:10,MinigameQuestCurrency:10","AnniversaryMinigameCurrency:10,MinigameBallDropPrestigeCurrency:10,MinigameDigsiteCurrency:10,MinigameFishingCurrency:10,MinigameHuntingCurrency:10,MinigameMazeKeys:10,MinigameQuestCurrency:10"
2,18,"Diamonds:25,RaidWildcard:10,AnniversaryMinigameCurrency:10,MinigameBallDropPrestigeCurrency:10,MinigameDigsiteCurrency:10,MinigameFishingCurrency:10,MinigameHuntingCurrency:10,MinigameMazeKeys:10,MinigameQuestCurrency:10","Diamonds:25,Diamonds:25,RaidWildcard:10,AnniversaryMinigameCurrency:10,MinigameBallDropPrestigeCurrency:10,MinigameDigsiteCurrency:10,MinigameFishingCurrency:10,MinigameHuntingCurrency:10,MinigameMazeKeys:10,MinigameQuestCurrency:10,AnniversaryMinigameCurrency:10,MinigameBallDropPrestigeCurrency:10,MinigameDigsiteCurrency:10,MinigameFishingCurrency:10,MinigameHuntingCurrency:10,MinigameMazeKeys:10,MinigameQuestCurrency:10","AnniversaryMinigameCurrency:10,MinigameBallDropPrestigeCurrency:10,MinigameDigsiteCurrency:10,MinigameFishingCurrency:10,MinigameHuntingCurrency:10,MinigameMazeKeys:10,MinigameQuestCurrency:10"
3,24,"Diamonds:25,PetsLvl5:1,AnniversaryMinigameCurrency:10,MinigameBallDropPrestigeCurrency:10,MinigameDigsiteCurrency:10,MinigameFishingCurrency:10,MinigameHuntingCurrency:10,MinigameMazeKeys:10,MinigameQuestCurrency:10","Diamonds:25,Diamonds:25,PetsLvl5:1,AnniversaryMinigameCurrency:10,MinigameBallDropPrestigeCurrency:10,MinigameDigsiteCurrency:10,MinigameFishingCurrency:10,MinigameHuntingCurrency:10,MinigameMazeKeys:10,MinigameQuestCurrency:10,AnniversaryMinigameCurrency:10,MinigameBallDropPrestigeCurrency:10,MinigameDigsiteCurrency:10,MinigameFishingCurrency:10,MinigameHuntingCurrency:10,MinigameMazeKeys:10,MinigameQuestCurrency:10","AnniversaryMinigameCurrency:10,MinigameBallDropPrestigeCurrency:10,MinigameDigsiteCurrency:10,MinigameFishingCurrency:10,MinigameHuntingCurrency:10,MinigameMazeKeys:10,MinigameQuestCurrency:10"
4,30,"Diamonds:25,EquipmentShards:5,AnniversaryMinigameCurrency:10,MinigameBallDropPrestigeCurrency:10,MinigameDigsiteCurrency:10,MinigameFishingCurrency:10,MinigameHuntingCurrency:10,MinigameMazeKeys:10,MinigameQuestCurrency:10","Diamonds:25,Diamonds:25,EquipmentShards:5,AnniversaryMinigameCurrency:10,MinigameBallDropPrestigeCurrency:10,MinigameDigsiteCurrency:10,MinigameFishingCurrency:10,MinigameHuntingCurrency:10,MinigameMazeKeys:10,MinigameQuestCurrency:10,AnniversaryMinigameCurrency:10,MinigameBallDropPrestigeCurrency:10,MinigameDigsiteCurrency:10,MinigameFishingCurrency:10,MinigameHuntingCurrency:10,MinigameMazeKeys:10,MinigameQuestCurrency:10","AnniversaryMinigameCurrency:10,MinigameBallDropPrestigeCurrency:10,MinigameDigsiteCurrency:10,MinigameFishingCurrency:10,MinigameHuntingCurrency:10,MinigameMazeKeys:10,MinigameQuestCurrency:10"
5,36,"Diamonds:200,AnniversaryMinigameCurrency:10,MinigameBallDropPrestigeCurrency:10,MinigameDigsiteCurrency:10,MinigameFishingCurrency:10,MinigameHuntingCurrency:10,MinigameMazeKeys:10,MinigameQuestCurrency:10","Diamonds:25,Diamonds:200,AnniversaryMinigameCurrency:10,MinigameBallDropPrestigeCurrency:10,MinigameDigsiteCurrency:10,MinigameFishingCurrency:10,MinigameHuntingCurrency:10,MinigameMazeKeys:10,MinigameQuestCurrency:10,AnniversaryMinigameCurrency:10,MinigameBallDropPrestigeCurrency:10,MinigameDigsiteCurrency:10,MinigameFishingCurrency:10,MinigameHuntingCurrency:10,MinigameMazeKeys:10,MinigameQuestCurrency:10","AnniversaryMinigameCurrency:10,MinigameBallDropPrestigeCurrency:10,MinigameDigsiteCurrency:10,MinigameFishingCurrency:10,MinigameHuntingCurrency:10,MinigameMazeKeys:10,MinigameQuestCurrency:10"
6,42,"Diamonds:25,SkillPoint:5,AnniversaryMinigameCurrency:10,MinigameBallDropPrestigeCurrency:10,MinigameDigsiteCurrency:10,MinigameFishingCurrency:10,MinigameHuntingCurrency:10,MinigameMazeKeys:10,MinigameQuestCurrency:10","Diamonds:25,Diamonds:25,SkillPoint:5,AnniversaryMinigameCurrency:10,MinigameBallDropPrestigeCurrency:10,MinigameDigsiteCurrency:10,MinigameFishingCurrency:10,MinigameHuntingCurrency:10,MinigameMazeKeys:10,MinigameQuestCurrency:10,AnniversaryMinigameCurrency:10,MinigameBallDropPrestigeCurrency:10,MinigameDigsiteCurrency:10,MinigameFishingCurrency:10,MinigameHuntingCurrency:10,MinigameMazeKeys:10,MinigameQuestCurrency:10","AnniversaryMinigameCurrency:10,MinigameBallDropPrestigeCurrency:10,MinigameDigsiteCurrency:10,MinigameFishingCurrency:10,MinigameHuntingCurrency:10,MinigameMazeKeys:10,MinigameQuestCurrency:10"
7,48,"Diamonds:25,RaidWildcard:20,AnniversaryMinigameCurrency:10,MinigameBallDropPrestigeCurrency:10,MinigameDigsiteCurrency:10,MinigameFishingCurrency:10,MinigameHuntingCurrency:10,MinigameMazeKeys:10,MinigameQuestCurrency:10","Diamonds:25,Diamonds:25,RaidWildcard:20,AnniversaryMinigameCurrency:10,MinigameBallDropPrestigeCurrency:10,MinigameDigsiteCurrency:10,MinigameFishingCurrency:10,MinigameHuntingCurrency:10,MinigameMazeKeys:10,MinigameQuestCurrency:10,AnniversaryMinigameCurrency:10,MinigameBallDropPrestigeCurrency:10,MinigameDigsiteCurrency:10,MinigameFishingCurrency:10,MinigameHuntingCurrency:10,MinigameMazeKeys:10,MinigameQuestCurrency:10","AnniversaryMinigameCurrency:10,MinigameBallDropPrestigeCurrency:10,MinigameDigsiteCurrency:10,MinigameFishingCurrency:10,MinigameHuntingCurrency:10,MinigameMazeKeys:10,MinigameQuestCurrency:10"
8,54,"Diamonds:25,PetsLvl5:1,AnniversaryMinigameCurrency:10,MinigameBallDropPrestigeCurrency:10,MinigameDigsiteCurrency:10,MinigameFishingCurrency:10,MinigameHuntingCurrency:10,MinigameMazeKeys:10,MinigameQuestCurrency:10","Diamonds:25,Diamonds:25,PetsLvl5:1,AnniversaryMinigameCurrency:10,MinigameBallDropPrestigeCurrency:10,MinigameDigsiteCurrency:10,MinigameFishingCurrency:10,MinigameHuntingCurrency:10,MinigameMazeKeys:10,MinigameQuestCurrency:10,AnniversaryMinigameCurrency:10,MinigameBallDropPrestigeCurrency:10,MinigameDigsiteCurrency:10,MinigameFishingCurrency:10,MinigameHuntingCurrency:10,MinigameMazeKeys:10,MinigameQuestCurrency:10","AnniversaryMinigameCurrency:10,MinigameBallDropPrestigeCurrency:10,MinigameDigsiteCurrency:10,MinigameFishingCurrency:10,MinigameHuntingCurrency:10,MinigameMazeKeys:10,MinigameQuestCurrency:10"
9,60,"Diamonds:25,EquipmentShards:5,AnniversaryMinigameCurrency:10,MinigameBallDropPrestigeCurrency:10,MinigameDigsiteCurrency:10,MinigameFishingCurrency:10,MinigameHuntingCurrency:10,MinigameMazeKeys:10,MinigameQuestCurrency:10","Diamonds:25,Diamonds:25,EquipmentShards:5,AnniversaryMinigameCurrency:10,MinigameBallDropPrestigeCurrency:10,MinigameDigsiteCurrency:10,MinigameFishingCurrency:10,MinigameHuntingCurrency:10,MinigameMazeKeys:10,MinigameQuestCurrency:10,AnniversaryMinigameCurrency:10,MinigameBallDropPrestigeCurrency:10,MinigameDigsiteCurrency:10,MinigameFishingCurrency:10,MinigameHuntingCurrency:10,MinigameMazeKeys:10,MinigameQuestCurrency:10","AnniversaryMinigameCurrency:10,MinigameBallDropPrestigeCurrency:10,MinigameDigsiteCurrency:10,MinigameFishingCurrency:10,MinigameHuntingCurrency:10,MinigameMazeKeys:10,MinigameQuestCurrency:10"
10,66,"Diamonds:200,AnniversaryMinigameCurrency:10,MinigameBallDropPrestigeCurrency:10,MinigameDigsiteCurrency:10,MinigameFishingCurrency:10,MinigameHuntingCurrency:10,MinigameMazeKeys:10,MinigameQuestCurrency:10","Diamonds:25,Diamonds:200,AnniversaryMinigameCurrency:10,MinigameBallDropPrestigeCurrency:10,MinigameDigsiteCurrency:10,MinigameFishingCurrency:10,MinigameHuntingCurrency:10,MinigameMazeKeys:10,MinigameQuestCurrency:10,AnniversaryMinigameCurrency:10,MinigameBallDropPrestigeCurrency:10,MinigameDigsiteCurrency:10,MinigameFishingCurrency:10,MinigameHuntingCurrency:10,MinigameMazeKeys:10,MinigameQuestCurrency:10","AnniversaryMinigameCurrency:10,MinigameBallDropPrestigeCurrency:10,MinigameDigsiteCurrency:10,MinigameFishingCurrency:10,MinigameHuntingCurrency:10,MinigameMazeKeys:10,MinigameQuestCurrency:10"
11,72,"Diamonds:25,SkillPoint:5,AnniversaryMinigameCurrency:10,MinigameBallDropPrestigeCurrency:10,MinigameDigsiteCurrency:10,MinigameFishingCurrency:10,MinigameHuntingCurrency:10,MinigameMazeKeys:10,MinigameQuestCurrency:10","Diamonds:25,Diamonds:25,SkillPoint:5,AnniversaryMinigameCurrency:10,MinigameBallDropPrestigeCurrency:10,MinigameDigsiteCurrency:10,MinigameFishingCurrency:10,MinigameHuntingCurrency:10,MinigameMazeKeys:10,MinigameQuestCurrency:10,AnniversaryMinigameCurrency:10,MinigameBallDropPrestigeCurrency:10,MinigameDigsiteCurrency:10,MinigameFishingCurrency:10,MinigameHuntingCurrency:10,MinigameMazeKeys:10,MinigameQuestCurrency:10","AnniversaryMinigameCurrency:10,MinigameBallDropPrestigeCurrency:10,MinigameDigsiteCurrency:10,MinigameFishingCurrency:10,MinigameHuntingCurrency:10,MinigameMazeKeys:10,MinigameQuestCurrency:10"
12,78,"Diamonds:25,RaidWildcard:20,AnniversaryMinigameCurrency:10,MinigameBallDropPrestigeCurrency:10,MinigameDigsiteCurrency:10,MinigameFishingCurrency:10,MinigameHuntingCurrency:10,MinigameMazeKeys:10,MinigameQuestCurrency:10","Diamonds:25,Diamonds:25,RaidWildcard:20,AnniversaryMinigameCurrency:10,MinigameBallDropPrestigeCurrency:10,MinigameDigsiteCurrency:10,MinigameFishingCurrency:10,MinigameHuntingCurrency:10,MinigameMazeKeys:10,MinigameQuestCurrency:10,AnniversaryMinigameCurrency:10,MinigameBallDropPrestigeCurrency:10,MinigameDigsiteCurrency:10,MinigameFishingCurrency:10,MinigameHuntingCurrency:10,MinigameMazeKeys:10,MinigameQuestCurrency:10","AnniversaryMinigameCurrency:10,MinigameBallDropPrestigeCurrency:10,MinigameDigsiteCurrency:10,MinigameFishingCurrency:10,MinigameHuntingCurrency:10,MinigameMazeKeys:10,MinigameQuestCurrency:10"
13,84,"Diamonds:25,PetsLvl5:1,AnniversaryMinigameCurrency:10,MinigameBallDropPrestigeCurrency:10,MinigameDigsiteCurrency:10,MinigameFishingCurrency:10,MinigameHuntingCurrency:10,MinigameMazeKeys:10,MinigameQuestCurrency:10","Diamonds:25,Diamonds:25,PetsLvl5:1,AnniversaryMinigameCurrency:10,MinigameBallDropPrestigeCurrency:10,MinigameDigsiteCurrency:10,MinigameFishingCurrency:10,MinigameHuntingCurrency:10,MinigameMazeKeys:10,MinigameQuestCurrency:10,AnniversaryMinigameCurrency:10,MinigameBallDropPrestigeCurrency:10,MinigameDigsiteCurrency:10,MinigameFishingCurrency:10,MinigameHuntingCurrency:10,MinigameMazeKeys:10,MinigameQuestCurrency:10","AnniversaryMinigameCurrency:10,MinigameBallDropPrestigeCurrency:10,MinigameDigsiteCurrency:10,MinigameFishingCurrency:10,MinigameHuntingCurrency:10,MinigameMazeKeys:10,MinigameQuestCurrency:10"
14,90,"Diamonds:25,EquipmentShards:5,AnniversaryMinigameCurrency:10,MinigameBallDropPrestigeCurrency:10,MinigameDigsiteCurrency:10,MinigameFishingCurrency:10,MinigameHuntingCurrency:10,MinigameMazeKeys:10,MinigameQuestCurrency:10","Diamonds:25,Diamonds:25,EquipmentShards:5,AnniversaryMinigameCurrency:10,MinigameBallDropPrestigeCurrency:10,MinigameDigsiteCurrency:10,MinigameFishingCurrency:10,MinigameHuntingCurrency:10,MinigameMazeKeys:10,MinigameQuestCurrency:10,AnniversaryMinigameCurrency:10,MinigameBallDropPrestigeCurrency:10,MinigameDigsiteCurrency:10,MinigameFishingCurrency:10,MinigameHuntingCurrency:10,MinigameMazeKeys:10,MinigameQuestCurrency:10","AnniversaryMinigameCurrency:10,MinigameBallDropPrestigeCurrency:10,MinigameDigsiteCurrency:10,MinigameFishingCurrency:10,MinigameHuntingCurrency:10,MinigameMazeKeys:10,MinigameQuestCurrency:10"
15,96,"Diamonds:200,AnniversaryMinigameCurrency:10,MinigameBallDropPrestigeCurrency:10,MinigameDigsiteCurrency:10,MinigameFishingCurrency:10,MinigameHuntingCurrency:10,MinigameMazeKeys:10,MinigameQuestCurrency:10","Diamonds:25,Diamonds:200,AnniversaryMinigameCurrency:10,MinigameBallDropPrestigeCurrency:10,MinigameDigsiteCurrency:10,MinigameFishingCurrency:10,MinigameHuntingCurrency:10,MinigameMazeKeys:10,MinigameQuestCurrency:10,AnniversaryMinigameCurrency:10,MinigameBallDropPrestigeCurrency:10,MinigameDigsiteCurrency:10,MinigameFishingCurrency:10,MinigameHuntingCurrency:10,MinigameMazeKeys:10,MinigameQuestCurrency:10","AnniversaryMinigameCurrency:10,MinigameBallDropPrestigeCurrency:10,MinigameDigsiteCurrency:10,MinigameFishingCurrency:10,MinigameHuntingCurrency:10,MinigameMazeKeys:10,MinigameQuestCurrency:10"
16,102,"Diamonds:25,SkillPoint:5,AnniversaryMinigameCurrency:10,MinigameBallDropPrestigeCurrency:10,MinigameDigsiteCurrency:10,MinigameFishingCurrency:10,MinigameHuntingCurrency:10,MinigameMazeKeys:10,MinigameQuestCurrency:10","Diamonds:25,Diamonds:25,SkillPoint:5,AnniversaryMinigameCurrency:10,MinigameBallDropPrestigeCurrency:10,MinigameDigsiteCurrency:10,MinigameFishingCurrency:10,MinigameHuntingCurrency:10,MinigameMazeKeys:10,MinigameQuestCurrency:10,AnniversaryMinigameCurrency:10,MinigameBallDropPrestigeCurrency:10,MinigameDigsiteCurrency:10,MinigameFishingCurrency:10,MinigameHuntingCurrency:10,MinigameMazeKeys:10,MinigameQuestCurrency:10","AnniversaryMinigameCurrency:10,MinigameBallDropPrestigeCurrency:10,MinigameDigsiteCurrency:10,MinigameFishingCurrency:10,MinigameHuntingCurrency:10,MinigameMazeKeys:10,MinigameQuestCurrency:10"
17,108,"Diamonds:25,RaidWildcard:20,AnniversaryMinigameCurrency:10,MinigameBallDropPrestigeCurrency:10,MinigameDigsiteCurrency:10,MinigameFishingCurrency:10,MinigameHuntingCurrency:10,MinigameMazeKeys:10,MinigameQuestCurrency:10","Diamonds:25,Diamonds:25,RaidWildcard:20,AnniversaryMinigameCurrency:10,MinigameBallDropPrestigeCurrency:10,MinigameDigsiteCurrency:10,MinigameFishingCurrency:10,MinigameHuntingCurrency:10,MinigameMazeKeys:10,MinigameQuestCurrency:10,AnniversaryMinigameCurrency:10,MinigameBallDropPrestigeCurrency:10,MinigameDigsiteCurrency:10,MinigameFishingCurrency:10,MinigameHuntingCurrency:10,MinigameMazeKeys:10,MinigameQuestCurrency:10","AnniversaryMinigameCurrency:10,MinigameBallDropPrestigeCurrency:10,MinigameDigsiteCurrency:10,MinigameFishingCurrency:10,MinigameHuntingCurrency:10,MinigameMazeKeys:10,MinigameQuestCurrency:10"
18,114,"Diamonds:25,PetsLvl5:1,AnniversaryMinigameCurrency:10,MinigameBallDropPrestigeCurrency:10,MinigameDigsiteCurrency:10,MinigameFishingCurrency:10,MinigameHuntingCurrency:10,MinigameMazeKeys:10,MinigameQuestCurrency:10","Diamonds:25,Diamonds:25,PetsLvl5:1,AnniversaryMinigameCurrency:10,MinigameBallDropPrestigeCurrency:10,MinigameDigsiteCurrency:10,MinigameFishingCurrency:10,MinigameHuntingCurrency:10,MinigameMazeKeys:10,MinigameQuestCurrency:10,AnniversaryMinigameCurrency:10,MinigameBallDropPrestigeCurrency:10,MinigameDigsiteCurrency:10,MinigameFishingCurrency:10,MinigameHuntingCurrency:10,MinigameMazeKeys:10,MinigameQuestCurrency:10","AnniversaryMinigameCurrency:10,MinigameBallDropPrestigeCurrency:10,MinigameDigsiteCurrency:10,MinigameFishingCurrency:10,MinigameHuntingCurrency:10,MinigameMazeKeys:10,MinigameQuestCurrency:10"
19,120,"Diamonds:25,EquipmentShards:5,AnniversaryMinigameCurrency:10,MinigameBallDropPrestigeCurrency:10,MinigameDigsiteCurrency:10,MinigameFishingCurrency:10,MinigameHuntingCurrency:10,MinigameMazeKeys:10,MinigameQuestCurrency:10","Diamonds:25,Diamonds:25,EquipmentShards:5,AnniversaryMinigameCurrency:10,MinigameBallDropPrestigeCurrency:10,MinigameDigsiteCurrency:10,MinigameFishingCurrency:10,MinigameHuntingCurrency:10,MinigameMazeKeys:10,MinigameQuestCurrency:10,AnniversaryMinigameCurrency:10,MinigameBallDropPrestigeCurrency:10,MinigameDigsiteCurrency:10,MinigameFishingCurrency:10,MinigameHuntingCurrency:10,MinigameMazeKeys:10,MinigameQuestCurrency:10","AnniversaryMinigameCurrency:10,MinigameBallDropPrestigeCurrency:10,MinigameDigsiteCurrency:10,MinigameFishingCurrency:10,MinigameHuntingCurrency:10,MinigameMazeKeys:10,MinigameQuestCurrency:10"
20,126,"Diamonds:200,AnniversaryMinigameCurrency:10,MinigameBallDropPrestigeCurrency:10,MinigameDigsiteCurrency:10,MinigameFishingCurrency:10,MinigameHuntingCurrency:10,MinigameMazeKeys:10,MinigameQuestCurrency:10","Diamonds:25,Diamonds:200,AnniversaryMinigameCurrency:10,MinigameBallDropPrestigeCurrency:10,MinigameDigsiteCurrency:10,MinigameFishingCurrency:10,MinigameHuntingCurrency:10,MinigameMazeKeys:10,MinigameQuestCurrency:10,AnniversaryMinigameCurrency:10,MinigameBallDropPrestigeCurrency:10,MinigameDigsiteCurrency:10,MinigameFishingCurrency:10,MinigameHuntingCurrency:10,MinigameMazeKeys:10,MinigameQuestCurrency:10","AnniversaryMinigameCurrency:10,MinigameBallDropPrestigeCurrency:10,MinigameDigsiteCurrency:10,MinigameFishingCurrency:10,MinigameHuntingCurrency:10,MinigameMazeKeys:10,MinigameQuestCurrency:10"
21,132,"Diamonds:25,SkillPoint:5,AnniversaryMinigameCurrency:10,MinigameBallDropPrestigeCurrency:10,MinigameDigsiteCurrency:10,MinigameFishingCurrency:10,MinigameHuntingCurrency:10,MinigameMazeKeys:10,MinigameQuestCurrency:10","Diamonds:25,Diamonds:25,SkillPoint:5,AnniversaryMinigameCurrency:10,MinigameBallDropPrestigeCurrency:10,MinigameDigsiteCurrency:10,MinigameFishingCurrency:10,MinigameHuntingCurrency:10,MinigameMazeKeys:10,MinigameQuestCurrency:10,AnniversaryMinigameCurrency:10,MinigameBallDropPrestigeCurrency:10,MinigameDigsiteCurrency:10,MinigameFishingCurrency:10,MinigameHuntingCurrency:10,MinigameMazeKeys:10,MinigameQuestCurrency:10","AnniversaryMinigameCurrency:10,MinigameBallDropPrestigeCurrency:10,MinigameDigsiteCurrency:10,MinigameFishingCurrency:10,MinigameHuntingCurrency:10,MinigameMazeKeys:10,MinigameQuestCurrency:10"
22,138,"Diamonds:25,RaidWildcard:20,AnniversaryMinigameCurrency:10,MinigameBallDropPrestigeCurrency:10,MinigameDigsiteCurrency:10,MinigameFishingCurrency:10,MinigameHuntingCurrency:10,MinigameMazeKeys:10,MinigameQuestCurrency:10","Diamonds:25,Diamonds:25,RaidWildcard:20,AnniversaryMinigameCurrency:10,MinigameBallDropPrestigeCurrency:10,MinigameDigsiteCurrency:10,MinigameFishingCurrency:10,MinigameHuntingCurrency:10,MinigameMazeKeys:10,MinigameQuestCurrency:10,AnniversaryMinigameCurrency:10,MinigameBallDropPrestigeCurrency:10,MinigameDigsiteCurrency:10,MinigameFishingCurrency:10,MinigameHuntingCurrency:10,MinigameMazeKeys:10,MinigameQuestCurrency:10","AnniversaryMinigameCurrency:10,MinigameBallDropPrestigeCurrency:10,MinigameDigsiteCurrency:10,MinigameFishingCurrency:10,MinigameHuntingCurrency:10,MinigameMazeKeys:10,MinigameQuestCurrency:10"
23,144,"Diamonds:25,PetsLvl5:1,AnniversaryMinigameCurrency:10,MinigameBallDropPrestigeCurrency:10,MinigameDigsiteCurrency:10,MinigameFishingCurrency:10,MinigameHuntingCurrency:10,MinigameMazeKeys:10,MinigameQuestCurrency:10","Diamonds:25,Diamonds:25,PetsLvl5:1,AnniversaryMinigameCurrency:10,MinigameBallDropPrestigeCurrency:10,MinigameDigsiteCurrency:10,MinigameFishingCurrency:10,MinigameHuntingCurrency:10,MinigameMazeKeys:10,MinigameQuestCurrency:10,AnniversaryMinigameCurrency:10,MinigameBallDropPrestigeCurrency:10,MinigameDigsiteCurrency:10,MinigameFishingCurrency:10,MinigameHuntingCurrency:10,MinigameMazeKeys:10,MinigameQuestCurrency:10","AnniversaryMinigameCurrency:10,MinigameBallDropPrestigeCurrency:10,MinigameDigsiteCurrency:10,MinigameFishingCurrency:10,MinigameHuntingCurrency:10,MinigameMazeKeys:10,MinigameQuestCurrency:10"
24,150,"Diamonds:25,EquipmentShards:5,AnniversaryMinigameCurrency:10,MinigameBallDropPrestigeCurrency:10,MinigameDigsiteCurrency:10,MinigameFishingCurrency:10,MinigameHuntingCurrency:10,MinigameMazeKeys:10,MinigameQuestCurrency:10","Diamonds:25,Diamonds:25,EquipmentShards:5,AnniversaryMinigameCurrency:10,MinigameBallDropPrestigeCurrency:10,MinigameDigsiteCurrency:10,MinigameFishingCurrency:10,MinigameHuntingCurrency:10,MinigameMazeKeys:10,MinigameQuestCurrency:10,AnniversaryMinigameCurrency:10,MinigameBallDropPrestigeCurrency:10,MinigameDigsiteCurrency:10,MinigameFishingCurrency:10,MinigameHuntingCurrency:10,MinigameMazeKeys:10,MinigameQuestCurrency:10","AnniversaryMinigameCurrency:10,MinigameBallDropPrestigeCurrency:10,MinigameDigsiteCurrency:10,MinigameFishingCurrency:10,MinigameHuntingCurrency:10,MinigameMazeKeys:10,MinigameQuestCurrency:10"
25,156,"Diamonds:200,AnniversaryMinigameCurrency:10,MinigameBallDropPrestigeCurrency:10,MinigameDigsiteCurrency:10,MinigameFishingCurrency:10,MinigameHuntingCurrency:10,MinigameMazeKeys:10,MinigameQuestCurrency:10","Diamonds:25,Diamonds:200,AnniversaryMinigameCurrency:10,MinigameBallDropPrestigeCurrency:10,MinigameDigsiteCurrency:10,MinigameFishingCurrency:10,MinigameHuntingCurrency:10,MinigameMazeKeys:10,MinigameQuestCurrency:10,AnniversaryMinigameCurrency:10,MinigameBallDropPrestigeCurrency:10,MinigameDigsiteCurrency:10,MinigameFishingCurrency:10,MinigameHuntingCurrency:10,MinigameMazeKeys:10,MinigameQuestCurrency:10","AnniversaryMinigameCurrency:10,MinigameBallDropPrestigeCurrency:10,MinigameDigsiteCurrency:10,MinigameFishingCurrency:10,MinigameHuntingCurrency:10,MinigameMazeKeys:10,MinigameQuestCurrency:10"
26,162,"Diamonds:25,SkillPoint:5,AnniversaryMinigameCurrency:10,MinigameBallDropPrestigeCurrency:10,MinigameDigsiteCurrency:10,MinigameFishingCurrency:10,MinigameHuntingCurrency:10,MinigameMazeKeys:10,MinigameQuestCurrency:10","Diamonds:25,Diamonds:25,SkillPoint:5,AnniversaryMinigameCurrency:10,MinigameBallDropPrestigeCurrency:10,MinigameDigsiteCurrency:10,MinigameFishingCurrency:10,MinigameHuntingCurrency:10,MinigameMazeKeys:10,MinigameQuestCurrency:10,AnniversaryMinigameCurrency:10,MinigameBallDropPrestigeCurrency:10,MinigameDigsiteCurrency:10,MinigameFishingCurrency:10,MinigameHuntingCurrency:10,MinigameMazeKeys:10,MinigameQuestCurrency:10","AnniversaryMinigameCurrency:10,MinigameBallDropPrestigeCurrency:10,MinigameDigsiteCurrency:10,MinigameFishingCurrency:10,MinigameHuntingCurrency:10,MinigameMazeKeys:10,MinigameQuestCurrency:10"
27,168,"Diamonds:25,RaidWildcard:20,AnniversaryMinigameCurrency:10,MinigameBallDropPrestigeCurrency:10,MinigameDigsiteCurrency:10,MinigameFishingCurrency:10,MinigameHuntingCurrency:10,MinigameMazeKeys:10,MinigameQuestCurrency:10","Diamonds:25,Diamonds:25,RaidWildcard:20,AnniversaryMinigameCurrency:10,MinigameBallDropPrestigeCurrency:10,MinigameDigsiteCurrency:10,MinigameFishingCurrency:10,MinigameHuntingCurrency:10,MinigameMazeKeys:10,MinigameQuestCurrency:10,AnniversaryMinigameCurrency:10,MinigameBallDropPrestigeCurrency:10,MinigameDigsiteCurrency:10,MinigameFishingCurrency:10,MinigameHuntingCurrency:10,MinigameMazeKeys:10,MinigameQuestCurrency:10","AnniversaryMinigameCurrency:10,MinigameBallDropPrestigeCurrency:10,MinigameDigsiteCurrency:10,MinigameFishingCurrency:10,MinigameHuntingCurrency:10,MinigameMazeKeys:10,MinigameQuestCurrency:10"
28,174,"Diamonds:25,PetsLvl5:1,AnniversaryMinigameCurrency:10,MinigameBallDropPrestigeCurrency:10,MinigameDigsiteCurrency:10,MinigameFishingCurrency:10,MinigameHuntingCurrency:10,MinigameMazeKeys:10,MinigameQuestCurrency:10","Diamonds:25,Diamonds:25,PetsLvl5:1,AnniversaryMinigameCurrency:10,MinigameBallDropPrestigeCurrency:10,MinigameDigsiteCurrency:10,MinigameFishingCurrency:10,MinigameHuntingCurrency:10,MinigameMazeKeys:10,MinigameQuestCurrency:10,AnniversaryMinigameCurrency:10,MinigameBallDropPrestigeCurrency:10,MinigameDigsiteCurrency:10,MinigameFishingCurrency:10,MinigameHuntingCurrency:10,MinigameMazeKeys:10,MinigameQuestCurrency:10","AnniversaryMinigameCurrency:10,MinigameBallDropPrestigeCurrency:10,MinigameDigsiteCurrency:10,MinigameFishingCurrency:10,MinigameHuntingCurrency:10,MinigameMazeKeys:10,MinigameQuestCurrency:10"
29,180,"Diamonds:25,EquipmentShards:5,AnniversaryMinigameCurrency:10,MinigameBallDropPrestigeCurrency:10,MinigameDigsiteCurrency:10,MinigameFishingCurrency:10,MinigameHuntingCurrency:10,MinigameMazeKeys:10,MinigameQuestCurrency:10","Diamonds:25,Diamonds:25,EquipmentShards:5,AnniversaryMinigameCurrency:10,MinigameBallDropPrestigeCurrency:10,MinigameDigsiteCurrency:10,MinigameFishingCurrency:10,MinigameHuntingCurrency:10,MinigameMazeKeys:10,MinigameQuestCurrency:10,AnniversaryMinigameCurrency:10,MinigameBallDropPrestigeCurrency:10,MinigameDigsiteCurrency:10,MinigameFishingCurrency:10,MinigameHuntingCurrency:10,MinigameMazeKeys:10,MinigameQuestCurrency:10","AnniversaryMinigameCurrency:10,MinigameBallDropPrestigeCurrency:10,MinigameDigsiteCurrency:10,MinigameFishingCurrency:10,MinigameHuntingCurrency:10,MinigameMazeKeys:10,MinigameQuestCurrency:10"
30,186,"Diamonds:200,AnniversaryMinigameCurrency:10,MinigameBallDropPrestigeCurrency:10,MinigameDigsiteCurrency:10,MinigameFishingCurrency:10,MinigameHuntingCurrency:10,MinigameMazeKeys:10,MinigameQuestCurrency:10","Diamonds:25,Diamonds:200,AnniversaryMinigameCurrency:10,MinigameBallDropPrestigeCurrency:10,MinigameDigsiteCurrency:10,MinigameFishingCurrency:10,MinigameHuntingCurrency:10,MinigameMazeKeys:10,MinigameQuestCurrency:10,AnniversaryMinigameCurrency:10,MinigameBallDropPrestigeCurrency:10,MinigameDigsiteCurrency:10,MinigameFishingCurrency:10,MinigameHuntingCurrency:10,MinigameMazeKeys:10,MinigameQuestCurrency:10","AnniversaryMinigameCurrency:10,MinigameBallDropPrestigeCurrency:10,MinigameDigsiteCurrency:10,MinigameFishingCurrency:10,MinigameHuntingCurrency:10,MinigameMazeKeys:10,MinigameQuestCurrency:10"
31,192,"Diamonds:25,SkillPoint:5,AnniversaryMinigameCurrency:10,MinigameBallDropPrestigeCurrency:10,MinigameDigsiteCurrency:10,MinigameFishingCurrency:10,MinigameHuntingCurrency:10,MinigameMazeKeys:10,MinigameQuestCurrency:10","Diamonds:25,Diamonds:25,SkillPoint:5,AnniversaryMinigameCurrency:10,MinigameBallDropPrestigeCurrency:10,MinigameDigsiteCurrency:10,MinigameFishingCurrency:10,MinigameHuntingCurrency:10,MinigameMazeKeys:10,MinigameQuestCurrency:10,AnniversaryMinigameCurrency:10,MinigameBallDropPrestigeCurrency:10,MinigameDigsiteCurrency:10,MinigameFishingCurrency:10,MinigameHuntingCurrency:10,MinigameMazeKeys:10,MinigameQuestCurrency:10","AnniversaryMinigameCurrency:10,MinigameBallDropPrestigeCurrency:10,MinigameDigsiteCurrency:10,MinigameFishingCurrency:10,MinigameHuntingCurrency:10,MinigameMazeKeys:10,MinigameQuestCurrency:10"
32,198,"Diamonds:25,RaidWildcard:20,AnniversaryMinigameCurrency:10,MinigameBallDropPrestigeCurrency:10,MinigameDigsiteCurrency:10,MinigameFishingCurrency:10,MinigameHuntingCurrency:10,MinigameMazeKeys:10,MinigameQuestCurrency:10","Diamonds:25,Diamonds:25,RaidWildcard:20,AnniversaryMinigameCurrency:10,MinigameBallDropPrestigeCurrency:10,MinigameDigsiteCurrency:10,MinigameFishingCurrency:10,MinigameHuntingCurrency:10,MinigameMazeKeys:10,MinigameQuestCurrency:10,AnniversaryMinigameCurrency:10,MinigameBallDropPrestigeCurrency:10,MinigameDigsiteCurrency:10,MinigameFishingCurrency:10,MinigameHuntingCurrency:10,MinigameMazeKeys:10,MinigameQuestCurrency:10","AnniversaryMinigameCurrency:10,MinigameBallDropPrestigeCurrency:10,MinigameDigsiteCurrency:10,MinigameFishingCurrency:10,MinigameHuntingCurrency:10,MinigameMazeKeys:10,MinigameQuestCurrency:10"
33,204,"Diamonds:25,PetsLvl5:1,AnniversaryMinigameCurrency:10,MinigameBallDropPrestigeCurrency:10,MinigameDigsiteCurrency:10,MinigameFishingCurrency:10,MinigameHuntingCurrency:10,MinigameMazeKeys:10,MinigameQuestCurrency:10","Diamonds:25,Diamonds:25,PetsLvl5:1,AnniversaryMinigameCurrency:10,MinigameBallDropPrestigeCurrency:10,MinigameDigsiteCurrency:10,MinigameFishingCurrency:10,MinigameHuntingCurrency:10,MinigameMazeKeys:10,MinigameQuestCurrency:10,AnniversaryMinigameCurrency:10,MinigameBallDropPrestigeCurrency:10,MinigameDigsiteCurrency:10,MinigameFishingCurrency:10,MinigameHuntingCurrency:10,MinigameMazeKeys:10,MinigameQuestCurrency:10","AnniversaryMinigameCurrency:10,MinigameBallDropPrestigeCurrency:10,MinigameDigsiteCurrency:10,MinigameFishingCurrency:10,MinigameHuntingCurrency:10,MinigameMazeKeys:10,MinigameQuestCurrency:10"
34,210,"Diamonds:25,EquipmentShards:5,AnniversaryMinigameCurrency:10,MinigameBallDropPrestigeCurrency:10,MinigameDigsiteCurrency:10,MinigameFishingCurrency:10,MinigameHuntingCurrency:10,MinigameMazeKeys:10,MinigameQuestCurrency:10","Diamonds:25,Diamonds:25,EquipmentShards:5,AnniversaryMinigameCurrency:10,MinigameBallDropPrestigeCurrency:10,MinigameDigsiteCurrency:10,MinigameFishingCurrency:10,MinigameHuntingCurrency:10,MinigameMazeKeys:10,MinigameQuestCurrency:10,AnniversaryMinigameCurrency:10,MinigameBallDropPrestigeCurrency:10,MinigameDigsiteCurrency:10,MinigameFishingCurrency:10,MinigameHuntingCurrency:10,MinigameMazeKeys:10,MinigameQuestCurrency:10","AnniversaryMinigameCurrency:10,MinigameBallDropPrestigeCurrency:10,MinigameDigsiteCurrency:10,MinigameFishingCurrency:10,MinigameHuntingCurrency:10,MinigameMazeKeys:10,MinigameQuestCurrency:10"
35,216,"Diamonds:200,AnniversaryMinigameCurrency:10,MinigameBallDropPrestigeCurrency:10,MinigameDigsiteCurrency:10,MinigameFishingCurrency:10,MinigameHuntingCurrency:10,MinigameMazeKeys:10,MinigameQuestCurrency:10","Diamonds:25,Diamonds:200,AnniversaryMinigameCurrency:10,MinigameBallDropPrestigeCurrency:10,MinigameDigsiteCurrency:10,MinigameFishingCurrency:10,MinigameHuntingCurrency:10,MinigameMazeKeys:10,MinigameQuestCurrency:10,AnniversaryMinigameCurrency:10,MinigameBallDropPrestigeCurrency:10,MinigameDigsiteCurrency:10,MinigameFishingCurrency:10,MinigameHuntingCurrency:10,MinigameMazeKeys:10,MinigameQuestCurrency:10","AnniversaryMinigameCurrency:10,MinigameBallDropPrestigeCurrency:10,MinigameDigsiteCurrency:10,MinigameFishingCurrency:10,MinigameHuntingCurrency:10,MinigameMazeKeys:10,MinigameQuestCurrency:10"
36,222,"Diamonds:25,SkillPoint:5,AnniversaryMinigameCurrency:10,MinigameBallDropPrestigeCurrency:10,MinigameDigsiteCurrency:10,MinigameFishingCurrency:10,MinigameHuntingCurrency:10,MinigameMazeKeys:10,MinigameQuestCurrency:10","Diamonds:25,Diamonds:25,SkillPoint:5,AnniversaryMinigameCurrency:10,MinigameBallDropPrestigeCurrency:10,MinigameDigsiteCurrency:10,MinigameFishingCurrency:10,MinigameHuntingCurrency:10,MinigameMazeKeys:10,MinigameQuestCurrency:10,AnniversaryMinigameCurrency:10,MinigameBallDropPrestigeCurrency:10,MinigameDigsiteCurrency:10,MinigameFishingCurrency:10,MinigameHuntingCurrency:10,MinigameMazeKeys:10,MinigameQuestCurrency:10","AnniversaryMinigameCurrency:10,MinigameBallDropPrestigeCurrency:10,MinigameDigsiteCurrency:10,MinigameFishingCurrency:10,MinigameHuntingCurrency:10,MinigameMazeKeys:10,MinigameQuestCurrency:10"
37,228,"Diamonds:25,RaidWildcard:20,AnniversaryMinigameCurrency:10,MinigameBallDropPrestigeCurrency:10,MinigameDigsiteCurrency:10,MinigameFishingCurrency:10,MinigameHuntingCurrency:10,MinigameMazeKeys:10,MinigameQuestCurrency:10","Diamonds:25,Diamonds:25,RaidWildcard:20,AnniversaryMinigameCurrency:10,MinigameBallDropPrestigeCurrency:10,MinigameDigsiteCurrency:10,MinigameFishingCurrency:10,MinigameHuntingCurrency:10,MinigameMazeKeys:10,MinigameQuestCurrency:10,AnniversaryMinigameCurrency:10,MinigameBallDropPrestigeCurrency:10,MinigameDigsiteCurrency:10,MinigameFishingCurrency:10,MinigameHuntingCurrency:10,MinigameMazeKeys:10,MinigameQuestCurrency:10","AnniversaryMinigameCurrency:10,MinigameBallDropPrestigeCurrency:10,MinigameDigsiteCurrency:10,MinigameFishingCurrency:10,MinigameHuntingCurrency:10,MinigameMazeKeys:10,MinigameQuestCurrency:10"
38,234,"Diamonds:25,PetsLvl5:1,AnniversaryMinigameCurrency:10,MinigameBallDropPrestigeCurrency:10,MinigameDigsiteCurrency:10,MinigameFishingCurrency:10,MinigameHuntingCurrency:10,MinigameMazeKeys:10,MinigameQuestCurrency:10","Diamonds:25,Diamonds:25,PetsLvl5:1,AnniversaryMinigameCurrency:10,MinigameBallDropPrestigeCurrency:10,MinigameDigsiteCurrency:10,MinigameFishingCurrency:10,MinigameHuntingCurrency:10,MinigameMazeKeys:10,MinigameQuestCurrency:10,AnniversaryMinigameCurrency:10,MinigameBallDropPrestigeCurrency:10,MinigameDigsiteCurrency:10,MinigameFishingCurrency:10,MinigameHuntingCurrency:10,MinigameMazeKeys:10,MinigameQuestCurrency:10","AnniversaryMinigameCurrency:10,MinigameBallDropPrestigeCurrency:10,MinigameDigsiteCurrency:10,MinigameFishingCurrency:10,MinigameHuntingCurrency:10,MinigameMazeKeys:10,MinigameQuestCurrency:10"
39,240,"Diamonds:25,EquipmentShards:5,AnniversaryMinigameCurrency:10,MinigameBallDropPrestigeCurrency:10,MinigameDigsiteCurrency:10,MinigameFishingCurrency:10,MinigameHuntingCurrency:10,MinigameMazeKeys:10,MinigameQuestCurrency:10","Diamonds:25,Diamonds:25,EquipmentShards:5,AnniversaryMinigameCurrency:10,MinigameBallDropPrestigeCurrency:10,MinigameDigsiteCurrency:10,MinigameFishingCurrency:10,MinigameHuntingCurrency:10,MinigameMazeKeys:10,MinigameQuestCurrency:10,AnniversaryMinigameCurrency:10,MinigameBallDropPrestigeCurrency:10,MinigameDigsiteCurrency:10,MinigameFishingCurrency:10,MinigameHuntingCurrency:10,MinigameMazeKeys:10,MinigameQuestCurrency:10","AnniversaryMinigameCurrency:10,MinigameBallDropPrestigeCurrency:10,MinigameDigsiteCurrency:10,MinigameFishingCurrency:10,MinigameHuntingCurrency:10,MinigameMazeKeys:10,MinigameQuestCurrency:10"
40,246,"Diamonds:200,AnniversaryMinigameCurrency:10,MinigameBallDropPrestigeCurrency:10,MinigameDigsiteCurrency:10,MinigameFishingCurrency:10,MinigameHuntingCurrency:10,MinigameMazeKeys:10,MinigameQuestCurrency:10","Diamonds:25,Diamonds:200,AnniversaryMinigameCurrency:10,MinigameBallDropPrestigeCurrency:10,MinigameDigsiteCurrency:10,MinigameFishingCurrency:10,MinigameHuntingCurrency:10,MinigameMazeKeys:10,MinigameQuestCurrency:10,AnniversaryMinigameCurrency:10,MinigameBallDropPrestigeCurrency:10,MinigameDigsiteCurrency:10,MinigameFishingCurrency:10,MinigameHuntingCurrency:10,MinigameMazeKeys:10,MinigameQuestCurrency:10","AnniversaryMinigameCurrency:10,MinigameBallDropPrestigeCurrency:10,MinigameDigsiteCurrency:10,MinigameFishingCurrency:10,MinigameHuntingCurrency:10,MinigameMazeKeys:10,MinigameQuestCurrency:10"