CardID,Name,IsActive,Note,Category,Type,Tier,BestAgainst,MaxStacks,Duration,Chance,MaxChance,SpatialLength,BaseCooldown,MaxLevel,Color,BonusTypeA,A1,A2,A3,A4,A5,A6,A7,A8,A9,A10,A11,A12,A13,A14,A15,A16,A17,A18,A19,A20,A21,A22,A23,A24,A25,A26,A27,A28,A29,A30,A31,A32,A33,A34,A35,A36,A37,A38,A39,A40,A41,A42,A43,A44,A45,A46,A47,A48,A49,A50,A51,A52,A53,A54,A55,A56,A57,A58,A59,A60,A61,A62,A63,A64,A65,A66,A67,A68,A69,A70,A71,A72,A73,A74,A75,A76,A77,A78,A79,A80,A81,A82,A83,A84,A85,A86,A87,A88,A89,A90,A91,A92,A93,A94,A95,A96,A97,A98,A99,A100,BonusTypeB,B1,B2,B3,B4,B5,B6,B7,B8,B9,B10,B11,B12,B13,B14,B15,B16,B17,B18,B19,B20,B21,B22,B23,B24,B25,B26,B27,B28,B29,B30,B31,B32,B33,B34,B35,B36,B37,B38,B39,B40,B41,B42,B43,B44,B45,B46,B47,B48,B49,B50,B51,B52,B53,B54,B55,B56,B57,B58,B59,B60,B61,B62,B63,B64,B65,B66,B67,B68,B69,B70,B71,B72,B73,B74,B75,B76,B77,B78,B79,B80,B81,B82,B83,B84,B85,B86,B87,B88,B89,B90,B91,B92,B93,B94,B95,B96,B97,B98,B99,B100,BonusTypeC,BonusAmountC,BonusTypeD,BonusAmountD,BonusTypeE,BonusAmountE
MoonBeam,Moon Beam,TRUE,"Burst, bonus vs Chest",Burst,Basic,1,Torso,0,0,0.12,0.12,0,0,100,#70A2FD,MoonBeamBurst,6.052,6.432,6.812,7.193,7.573,7.953,8.333,8.714,9.094,9.550,9.933,10.323,10.709,11.089,11.465,11.836,12.202,12.563,12.921,13.379,13.730,14.077,14.420,14.758,15.092,15.422,15.748,16.070,16.388,16.836,17.149,17.459,17.765,18.067,18.366,18.661,18.953,19.242,19.528,19.969,20.250,20.529,20.805,21.078,21.348,21.615,21.880,22.142,22.402,22.840,23.097,23.352,23.604,23.854,24.102,24.348,24.592,24.834,25.075,25.516,25.755,25.992,26.228,26.462,26.695,26.926,27.156,27.385,27.613,28.063,28.291,28.517,28.744,28.969,29.193,29.417,29.641,29.864,30.086,30.551,30.775,30.998,31.222,31.445,31.669,31.892,32.116,32.340,32.565,33.052,33.279,33.506,33.735,33.964,34.193,34.424,34.656,34.888,35.122,35.639,None,0,0,0,0,0,0,0,0,0,0,0,0,0,0,0,0,0,0,0,0,0,0,0,0,0,0,0,0,0,0,0,0,0,0,0,0,0,0,0,0,0,0,0,0,0,0,0,0,0,0,0,0,0,0,0,0,0,0,0,0,0,0,0,0,0,0,0,0,0,0,0,0,0,0,0,0,0,0,0,0,0,0,0,0,0,0,0,0,0,0,0,0,0,0,0,0,0,0,0,0,MoonBeamChestMult,1.5,None,0,None,0
Fragmentize,Fragmentize,TRUE,"Burst, bonus vs Armor",Burst,Basic,2,Armor,0,0,0.12,0.12,0,0,100,#00eABB,FragmentizeBurst,5.434,5.775,6.117,6.458,6.800,7.141,7.482,7.824,8.165,8.575,8.919,9.269,9.615,9.957,10.294,10.627,10.956,11.281,11.601,12.013,12.329,12.640,12.947,13.251,13.551,13.847,14.140,14.429,14.715,15.117,15.398,15.676,15.951,16.222,16.491,16.756,17.018,17.277,17.534,17.930,18.183,18.433,18.681,18.926,19.168,19.408,19.646,19.881,20.115,20.508,20.739,20.967,21.194,21.419,21.641,21.862,22.081,22.299,22.515,22.911,23.125,23.338,23.550,23.760,23.969,24.177,24.384,24.589,24.794,25.198,25.402,25.606,25.809,26.011,26.213,26.414,26.614,26.814,27.014,27.432,27.632,27.833,28.034,28.235,28.435,28.636,28.837,29.038,29.240,29.677,29.881,30.085,30.290,30.496,30.702,30.909,31.117,31.326,31.536,32.000,FragmentizeEnchantedArmorMult,1.100,1.100,1.100,1.100,1.100,1.100,1.100,1.100,1.100,1.100,1.100,1.100,1.100,1.100,1.100,1.100,1.100,1.100,1.100,1.100,1.100,1.100,1.100,1.100,1.100,1.100,1.100,1.100,1.100,1.100,1.100,1.100,1.100,1.100,1.100,1.100,1.100,1.100,1.100,1.100,1.100,1.100,1.100,1.100,1.100,1.100,1.100,1.100,1.100,1.100,1.100,1.100,1.100,1.100,1.100,1.100,1.100,1.100,1.100,1.100,1.100,1.100,1.100,1.100,1.100,1.100,1.100,1.100,1.100,1.100,1.100,1.100,1.100,1.100,1.100,1.100,1.100,1.100,1.100,1.100,1.100,1.100,1.100,1.100,1.100,1.100,1.100,1.100,1.100,1.100,1.100,1.100,1.100,1.100,1.100,1.100,1.100,1.100,1.100,1.100,FragmentizeArmorMult,1.50,None,0,None,0
SkullBash,Skull Bash,TRUE,"Burst, bonus vs Head",Burst,Basic,1,Head,0,0,0.12,0.12,0,0,100,#FF4E84,SkullBashBurst,6.052,6.432,6.812,7.193,7.573,7.953,8.333,8.714,9.094,9.550,9.933,10.323,10.709,11.089,11.465,11.836,12.202,12.563,12.921,13.379,13.730,14.077,14.420,14.758,15.092,15.422,15.748,16.070,16.388,16.836,17.149,17.459,17.765,18.067,18.366,18.661,18.953,19.242,19.528,19.969,20.250,20.529,20.805,21.078,21.348,21.615,21.880,22.142,22.402,22.840,23.097,23.352,23.604,23.854,24.102,24.348,24.592,24.834,25.075,25.516,25.755,25.992,26.228,26.462,26.695,26.926,27.156,27.385,27.613,28.063,28.291,28.517,28.744,28.969,29.193,29.417,29.641,29.864,30.086,30.551,30.775,30.998,31.222,31.445,31.669,31.892,32.116,32.340,32.565,33.052,33.279,33.506,33.735,33.964,34.193,34.424,34.656,34.888,35.122,35.639,None,0,0,0,0,0,0,0,0,0,0,0,0,0,0,0,0,0,0,0,0,0,0,0,0,0,0,0,0,0,0,0,0,0,0,0,0,0,0,0,0,0,0,0,0,0,0,0,0,0,0,0,0,0,0,0,0,0,0,0,0,0,0,0,0,0,0,0,0,0,0,0,0,0,0,0,0,0,0,0,0,0,0,0,0,0,0,0,0,0,0,0,0,0,0,0,0,0,0,0,0,SkullBashHeadMult,1.5,None,0,None,0
RazorWind,Razor Wind,TRUE,"Burst, bonus vs Body",Burst,Basic,1,Body,0,0,0.12,0.12,0,0,100,#00D8FF,RazorWindBurst,5.825,6.191,6.557,6.923,7.289,7.655,8.021,8.387,8.753,9.192,9.561,9.936,10.307,10.673,11.035,11.392,11.744,12.092,12.436,12.878,13.216,13.549,13.879,14.204,14.526,14.844,15.157,15.467,15.774,16.205,16.506,16.804,17.098,17.389,17.677,17.961,18.243,18.521,18.796,19.220,19.491,19.759,20.025,20.287,20.547,20.805,21.060,21.312,21.562,21.984,22.231,22.476,22.719,22.960,23.198,23.435,23.670,23.903,24.135,24.559,24.789,25.017,25.244,25.470,25.694,25.917,26.138,26.359,26.578,27.011,27.230,27.448,27.666,27.883,28.099,28.314,28.529,28.744,28.958,29.405,29.621,29.836,30.051,30.266,30.481,30.696,30.912,31.128,31.344,31.812,32.031,32.250,32.470,32.690,32.911,33.133,33.356,33.580,33.805,34.303,None,0,0,0,0,0,0,0,0,0,0,0,0,0,0,0,0,0,0,0,0,0,0,0,0,0,0,0,0,0,0,0,0,0,0,0,0,0,0,0,0,0,0,0,0,0,0,0,0,0,0,0,0,0,0,0,0,0,0,0,0,0,0,0,0,0,0,0,0,0,0,0,0,0,0,0,0,0,0,0,0,0,0,0,0,0,0,0,0,0,0,0,0,0,0,0,0,0,0,0,0,RazorWindBodyMult,1.5,None,0,None,0
WhipOfLightning,Whip Of Lightning,TRUE,"Burst, more chance based on Affliction part count",Burst,Basic,2,-,0,0,0.02,0.12,0,0,100,#B883FF,WhipOfLightningBurst,9.407,9.998,10.589,11.180,11.771,12.362,12.953,13.544,14.135,14.844,15.440,16.047,16.646,17.237,17.821,18.397,18.967,19.529,20.084,20.797,21.343,21.882,22.414,22.940,23.459,23.972,24.479,24.979,25.474,26.170,26.657,27.138,27.613,28.083,28.548,29.007,29.461,29.910,30.354,31.039,31.477,31.911,32.339,32.763,33.183,33.599,34.010,34.418,34.822,35.503,35.902,36.298,36.690,37.079,37.465,37.847,38.226,38.603,38.976,39.662,40.033,40.402,40.768,41.132,41.494,41.854,42.212,42.568,42.922,43.621,43.975,44.328,44.679,45.029,45.378,45.726,46.074,46.420,46.766,47.488,47.836,48.184,48.531,48.879,49.226,49.574,49.921,50.270,50.618,51.376,51.729,52.083,52.437,52.793,53.150,53.509,53.869,54.230,54.593,55.398,WhipOfLightningChance,0.020,0.020,0.020,0.020,0.020,0.020,0.020,0.020,0.020,0.020,0.020,0.020,0.020,0.020,0.020,0.020,0.020,0.020,0.020,0.020,0.020,0.020,0.020,0.020,0.020,0.020,0.020,0.020,0.020,0.020,0.020,0.020,0.020,0.020,0.020,0.020,0.020,0.020,0.020,0.020,0.020,0.020,0.020,0.020,0.020,0.020,0.020,0.020,0.020,0.020,0.020,0.020,0.020,0.020,0.020,0.020,0.020,0.020,0.020,0.020,0.020,0.020,0.020,0.020,0.020,0.020,0.020,0.020,0.020,0.020,0.020,0.020,0.020,0.020,0.020,0.020,0.020,0.020,0.020,0.020,0.020,0.020,0.020,0.020,0.020,0.020,0.020,0.020,0.020,0.020,0.020,0.020,0.020,0.020,0.020,0.020,0.020,0.020,0.020,0.020,WhipOfLightningChanceCap,0.1,None,0,None,0
BurstCount,Clanship Barrage,TRUE,"Burst, dmg increases with Burst Count",Burst,Basic,1,-,0,0,0.1,0.1,0,0,100,#FF4d3a,BurstCountDamage,2.581,2.743,2.905,3.067,3.230,3.392,3.554,3.716,3.878,4.073,4.236,4.403,4.567,4.729,4.889,5.048,5.204,5.358,5.510,5.706,5.856,6.004,6.150,6.294,6.436,6.577,6.716,6.853,6.989,7.180,7.314,7.446,7.576,7.705,7.833,7.959,8.083,8.206,8.328,8.516,8.636,8.755,8.873,8.989,9.104,9.218,9.331,9.443,9.554,9.741,9.850,9.959,10.067,10.173,10.279,10.384,10.488,10.591,10.694,10.882,10.984,11.085,11.185,11.285,11.385,11.483,11.582,11.679,11.776,11.968,12.065,12.162,12.258,12.354,12.450,12.546,12.641,12.736,12.831,13.029,13.125,13.220,13.315,13.411,13.506,13.601,13.697,13.792,13.888,14.096,14.193,14.290,14.387,14.485,14.583,14.681,14.780,14.879,14.979,15.199,None,0,0,0,0,0,0,0,0,0,0,0,0,0,0,0,0,0,0,0,0,0,0,0,0,0,0,0,0,0,0,0,0,0,0,0,0,0,0,0,0,0,0,0,0,0,0,0,0,0,0,0,0,0,0,0,0,0,0,0,0,0,0,0,0,0,0,0,0,0,0,0,0,0,0,0,0,0,0,0,0,0,0,0,0,0,0,0,0,0,0,0,0,0,0,0,0,0,0,0,0,BurstCountBonus,0.04,None,0,None,0
Purify,Purifying Blast,TRUE,"Burst, consumes all affliction stacks on part and burst damage is increased for each consumed affliction",Burst,Basic,2,-,0,0,0.1,0.1,0,0,100,#FFED20,PurifyDamage,6.871,7.302,7.734,8.166,8.597,9.029,9.461,9.892,10.324,10.842,11.277,11.720,12.157,12.589,13.016,13.437,13.852,14.263,14.668,15.189,15.588,15.981,16.370,16.754,17.133,17.508,17.878,18.244,18.605,19.114,19.469,19.820,20.168,20.511,20.850,21.186,21.517,21.845,22.169,22.670,22.990,23.306,23.619,23.929,24.236,24.539,24.840,25.137,25.432,25.930,26.222,26.511,26.797,27.081,27.363,27.642,27.919,28.194,28.467,28.968,29.239,29.508,29.776,30.041,30.306,30.569,30.830,31.090,31.349,31.859,32.118,32.375,32.632,32.888,33.142,33.397,33.650,33.903,34.156,34.684,34.938,35.192,35.445,35.699,35.953,36.207,36.461,36.715,36.970,37.523,37.781,38.039,38.298,38.558,38.819,39.081,39.344,39.608,39.873,40.460,None,0,0,0,0,0,0,0,0,0,0,0,0,0,0,0,0,0,0,0,0,0,0,0,0,0,0,0,0,0,0,0,0,0,0,0,0,0,0,0,0,0,0,0,0,0,0,0,0,0,0,0,0,0,0,0,0,0,0,0,0,0,0,0,0,0,0,0,0,0,0,0,0,0,0,0,0,0,0,0,0,0,0,0,0,0,0,0,0,0,0,0,0,0,0,0,0,0,0,0,0,PurifyBonus,1,None,0,None,0
LimbBurst,Psychic Shackles,TRUE,"Burst, bonus vs Limbs",Burst,Basic,1,Limbs,0,0,0.12,0.12,0,0,100,#19FF85,LimbBurstDamage,5.603,5.955,6.307,6.659,7.011,7.363,7.715,8.067,8.419,8.841,9.196,9.557,9.914,10.266,10.614,10.957,11.296,11.631,11.962,12.387,12.712,13.032,13.350,13.663,13.972,14.277,14.579,14.877,15.172,15.587,15.877,16.163,16.446,16.726,17.003,17.276,17.547,17.814,18.079,18.487,18.748,19.006,19.261,19.514,19.764,20.011,20.256,20.499,20.739,21.145,21.383,21.619,21.852,22.084,22.314,22.541,22.767,22.991,23.214,23.622,23.843,24.063,24.281,24.498,24.714,24.928,25.141,25.353,25.564,25.980,26.191,26.401,26.610,26.819,27.027,27.234,27.441,27.647,27.853,28.284,28.491,28.698,28.905,29.112,29.319,29.526,29.733,29.940,30.148,30.599,30.809,31.020,31.231,31.443,31.656,31.869,32.084,32.299,32.515,32.995,None,0,0,0,0,0,0,0,0,0,0,0,0,0,0,0,0,0,0,0,0,0,0,0,0,0,0,0,0,0,0,0,0,0,0,0,0,0,0,0,0,0,0,0,0,0,0,0,0,0,0,0,0,0,0,0,0,0,0,0,0,0,0,0,0,0,0,0,0,0,0,0,0,0,0,0,0,0,0,0,0,0,0,0,0,0,0,0,0,0,0,0,0,0,0,0,0,0,0,0,0,LimbBurstMult,1.5,None,0,None,0
FlakShot,Flak Shot,TRUE,"Burst, bonus vs armor, ricochets to exposed",Burst,Basic,2,Armor,0,0,0.12,0.12,0,0,100,#B88377,FlakBurst,5.139,5.462,5.785,6.108,6.431,6.753,7.076,7.399,7.722,8.109,8.435,8.766,9.093,9.416,9.735,10.050,10.361,10.668,10.972,11.361,11.659,11.954,12.245,12.532,12.815,13.096,13.372,13.646,13.916,14.297,14.562,14.825,15.085,15.342,15.595,15.846,16.094,16.340,16.582,16.957,17.196,17.432,17.667,17.898,18.128,18.355,18.580,18.802,19.023,19.395,19.613,19.829,20.044,20.256,20.467,20.676,20.883,21.088,21.292,21.667,21.870,22.071,22.271,22.470,22.668,22.865,23.060,23.255,23.448,23.830,24.023,24.216,24.408,24.599,24.790,24.980,25.170,25.359,25.548,25.943,26.133,26.322,26.512,26.702,26.892,27.082,27.272,27.462,27.652,28.066,28.259,28.452,28.646,28.841,29.036,29.231,29.428,29.626,29.824,30.263,None,0,0,0,0,0,0,0,0,0,0,0,0,0,0,0,0,0,0,0,0,0,0,0,0,0,0,0,0,0,0,0,0,0,0,0,0,0,0,0,0,0,0,0,0,0,0,0,0,0,0,0,0,0,0,0,0,0,0,0,0,0,0,0,0,0,0,0,0,0,0,0,0,0,0,0,0,0,0,0,0,0,0,0,0,0,0,0,0,0,0,0,0,0,0,0,0,0,0,0,0,RicochetDamageMult,1,None,0,None,0
Haymaker,Cosmic Haymaker,TRUE,"Burst, after a required number of taps",Burst,Basic,1,-,0,0,1,1,0,0,100,#E80098,HaymakerBurst,70.200,74.611,79.021,83.432,87.842,92.253,96.663,101.074,105.484,110.774,115.220,119.747,124.216,128.629,132.986,137.288,141.537,145.731,149.874,155.196,159.268,163.290,167.262,171.185,175.060,178.888,182.669,186.405,190.096,195.292,198.925,202.515,206.062,209.569,213.035,216.462,219.850,223.201,226.514,231.630,234.897,238.130,241.329,244.494,247.628,250.729,253.800,256.841,259.853,264.939,267.918,270.871,273.798,276.699,279.577,282.430,285.261,288.070,290.858,295.975,298.745,301.497,304.231,306.947,309.648,312.333,315.003,317.660,320.304,325.519,328.161,330.792,333.414,336.027,338.632,341.229,343.821,346.407,348.989,354.379,356.975,359.568,362.160,364.752,367.345,369.938,372.534,375.133,377.736,383.387,386.021,388.661,391.309,393.965,396.631,399.306,401.991,404.689,407.399,413.403,None,0,0,0,0,0,0,0,0,0,0,0,0,0,0,0,0,0,0,0,0,0,0,0,0,0,0,0,0,0,0,0,0,0,0,0,0,0,0,0,0,0,0,0,0,0,0,0,0,0,0,0,0,0,0,0,0,0,0,0,0,0,0,0,0,0,0,0,0,0,0,0,0,0,0,0,0,0,0,0,0,0,0,0,0,0,0,0,0,0,0,0,0,0,0,0,0,0,0,0,0,HaymakerTapsNeeded,70,None,0,None,0
ChainLightning,Chain of Vengeance,TRUE,"Burst, split damage on all parts activated",Burst,Basic,2,-,0,0,0.12,0.12,0,0,100,#E00D09,ChainLightningBurst,8.169,8.682,9.195,9.709,10.222,10.735,11.248,11.762,12.275,12.890,13.408,13.934,14.455,14.968,15.475,15.976,16.470,16.958,17.440,18.060,18.534,19.001,19.464,19.920,20.371,20.817,21.257,21.691,22.121,22.725,23.148,23.566,23.979,24.387,24.790,25.189,25.583,25.973,26.359,26.954,27.334,27.710,28.083,28.451,28.816,29.176,29.534,29.888,30.238,30.830,31.177,31.520,31.861,32.199,32.533,32.865,33.195,33.522,33.846,34.442,34.764,35.084,35.402,35.718,36.033,36.345,36.656,36.965,37.273,37.880,38.187,38.493,38.798,39.102,39.405,39.708,40.009,40.310,40.611,41.238,41.540,41.842,42.143,42.445,42.747,43.048,43.351,43.653,43.956,44.613,44.920,45.227,45.535,45.844,46.155,46.466,46.778,47.092,47.408,48.106,None,0,0,0,0,0,0,0,0,0,0,0,0,0,0,0,0,0,0,0,0,0,0,0,0,0,0,0,0,0,0,0,0,0,0,0,0,0,0,0,0,0,0,0,0,0,0,0,0,0,0,0,0,0,0,0,0,0,0,0,0,0,0,0,0,0,0,0,0,0,0,0,0,0,0,0,0,0,0,0,0,0,0,0,0,0,0,0,0,0,0,0,0,0,0,0,0,0,0,0,0,ChainLightningPartBoost,1.02,ChainLightningMaxTargets,8,None,0
MirrorForce,Mirror Force,TRUE,"Burst, increased damage based on clan usage in previous cycle",Burst,Basic,2,-,0,0,0.12,0.12,0,0,100,#FF8A00,MirrorForceBurst,7.156,7.606,8.055,8.505,8.954,9.404,9.854,10.303,10.753,11.292,11.745,12.207,12.662,13.112,13.556,13.995,14.428,14.855,15.278,15.820,16.235,16.645,17.050,17.450,17.845,18.235,18.621,19.002,19.378,19.908,20.278,20.644,21.005,21.363,21.716,22.066,22.411,22.752,23.090,23.612,23.945,24.274,24.600,24.923,25.242,25.559,25.872,26.182,26.489,27.007,27.311,27.612,27.910,28.206,28.499,28.790,29.079,29.365,29.649,30.171,30.453,30.734,31.012,31.289,31.565,31.838,32.111,32.381,32.651,33.183,33.452,33.720,33.987,34.254,34.519,34.784,35.048,35.312,35.575,36.124,36.389,36.653,36.918,37.182,37.446,37.711,37.975,38.240,38.505,39.081,39.350,39.619,39.889,40.160,40.431,40.704,40.978,41.253,41.529,42.141,None,0,0,0,0,0,0,0,0,0,0,0,0,0,0,0,0,0,0,0,0,0,0,0,0,0,0,0,0,0,0,0,0,0,0,0,0,0,0,0,0,0,0,0,0,0,0,0,0,0,0,0,0,0,0,0,0,0,0,0,0,0,0,0,0,0,0,0,0,0,0,0,0,0,0,0,0,0,0,0,0,0,0,0,0,0,0,0,0,0,0,0,0,0,0,0,0,0,0,0,0,MirrorForceBoost,0.01,MirrorForceBoostMax,0.35,None,0
CelestialStatic,Celestial Static,TRUE,"Burst, builds charges on Body, bursts on Armor",Burst,Basic,2,-,0,0,1,1,0,0,100,#C20020,CelestialStaticBurst,11.526,12.250,12.974,13.699,14.423,15.147,15.871,16.595,17.319,18.188,18.918,19.661,20.395,21.119,21.835,22.541,23.239,23.927,24.608,25.481,26.150,26.810,27.462,28.107,28.743,29.371,29.992,30.605,31.211,32.065,32.661,33.251,33.833,34.409,34.978,35.541,36.097,36.647,37.191,38.031,38.567,39.098,39.623,40.143,40.658,41.167,41.671,42.170,42.665,43.500,43.989,44.474,44.954,45.431,45.903,46.372,46.837,47.298,47.756,48.596,49.051,49.502,49.951,50.397,50.841,51.281,51.720,52.156,52.590,53.447,53.880,54.312,54.743,55.172,55.599,56.026,56.451,56.876,57.300,58.185,58.611,59.037,59.463,59.888,60.314,60.740,61.166,61.593,62.020,62.948,63.380,63.814,64.248,64.685,65.122,65.561,66.002,66.445,66.890,67.876,None,0,0,0,0,0,0,0,0,0,0,0,0,0,0,0,0,0,0,0,0,0,0,0,0,0,0,0,0,0,0,0,0,0,0,0,0,0,0,0,0,0,0,0,0,0,0,0,0,0,0,0,0,0,0,0,0,0,0,0,0,0,0,0,0,0,0,0,0,0,0,0,0,0,0,0,0,0,0,0,0,0,0,0,0,0,0,0,0,0,0,0,0,0,0,0,0,0,0,0,0,CelestialStaticChargePerBurst,8,CelestialStaticChargePerTap,1,CelestialStaticMaxCharges,100
Weaken,Guard Break,TRUE,"Burst, increases Damage from all sources for X seconds",Burst,Basic,1,-,0,6,0.10,0.10,0,0,100,#70A2FD,WeakenBurst,0.797,0.847,0.898,0.948,0.998,1.048,1.098,1.148,1.198,1.258,1.309,1.360,1.411,1.461,1.511,1.559,1.608,1.655,1.702,1.763,1.809,1.855,1.900,1.944,1.988,2.032,2.075,2.117,2.159,2.218,2.260,2.300,2.341,2.380,2.420,2.459,2.497,2.535,2.573,2.631,2.668,2.705,2.741,2.777,2.813,2.848,2.883,2.917,2.952,3.009,3.043,3.077,3.110,3.143,3.176,3.208,3.240,3.272,3.304,3.362,3.393,3.425,3.456,3.486,3.517,3.548,3.578,3.608,3.638,3.697,3.727,3.757,3.787,3.817,3.846,3.876,3.905,3.935,3.964,4.025,4.055,4.084,4.114,4.143,4.173,4.202,4.231,4.261,4.291,4.355,4.385,4.415,4.445,4.475,4.505,4.536,4.566,4.597,4.627,4.696,WeakenDamageBoost,0.894,0.965,1.037,1.108,1.180,1.251,1.323,1.394,1.466,1.546,1.618,1.702,1.784,1.866,1.946,2.025,2.103,2.181,2.257,2.346,2.421,2.495,2.568,2.640,2.711,2.781,2.850,2.919,2.987,3.072,3.138,3.204,3.269,3.333,3.397,3.459,3.521,3.582,3.643,3.725,3.785,3.844,3.903,3.960,4.018,4.074,4.131,4.186,4.241,4.322,4.377,4.431,4.484,4.537,4.590,4.642,4.694,4.746,4.797,4.877,4.928,4.979,5.029,5.079,5.129,5.179,5.228,5.277,5.326,5.408,5.457,5.506,5.554,5.603,5.651,5.700,5.748,5.797,5.845,5.929,5.978,6.027,6.076,6.125,6.174,6.223,6.272,6.321,6.371,6.459,6.510,6.560,6.611,6.661,6.713,6.764,6.816,6.868,6.920,7.015,None,0,None,0,None,0
BurningAttack,Blazing Inferno,TRUE,Chance to apply burning affliction,Affliction,Basic,1,-,3,6,0.14,0.26,0,0,100,#FB702B,BurningDamageRate,1.504,1.598,1.693,1.787,1.882,1.976,2.071,2.165,2.260,2.373,2.469,2.566,2.661,2.756,2.849,2.941,3.032,3.122,3.211,3.325,3.412,3.498,3.584,3.668,3.751,3.833,3.914,3.994,4.073,4.184,4.262,4.339,4.415,4.490,4.564,4.638,4.710,4.782,4.853,4.963,5.033,5.102,5.170,5.238,5.305,5.372,5.438,5.503,5.567,5.676,5.740,5.803,5.866,5.928,5.990,6.051,6.112,6.172,6.231,6.341,6.400,6.459,6.518,6.576,6.634,6.692,6.749,6.806,6.862,6.974,7.031,7.087,7.143,7.199,7.255,7.311,7.366,7.422,7.477,7.592,7.648,7.704,7.759,7.815,7.870,7.926,7.981,8.037,8.093,8.214,8.270,8.327,8.384,8.441,8.498,8.555,8.612,8.670,8.728,8.857,None,0,0,0,0,0,0,0,0,0,0,0,0,0,0,0,0,0,0,0,0,0,0,0,0,0,0,0,0,0,0,0,0,0,0,0,0,0,0,0,0,0,0,0,0,0,0,0,0,0,0,0,0,0,0,0,0,0,0,0,0,0,0,0,0,0,0,0,0,0,0,0,0,0,0,0,0,0,0,0,0,0,0,0,0,0,0,0,0,0,0,0,0,0,0,0,0,0,0,0,0,BurningPartChance,0.015,None,0,None,0
PoisonAttack,Acid Drench,TRUE,Chance to apply acid affliction,Affliction,Basic,1,-,15,2.2,0.18,0.18,0,0,100,#84FF21,PoisonDamageRate,0.853,0.907,0.960,1.014,1.067,1.121,1.175,1.228,1.282,1.346,1.400,1.455,1.509,1.563,1.616,1.668,1.720,1.771,1.821,1.886,1.935,1.984,2.032,2.080,2.127,2.174,2.220,2.265,2.310,2.373,2.417,2.461,2.504,2.546,2.589,2.630,2.671,2.712,2.752,2.815,2.854,2.894,2.932,2.971,3.009,3.047,3.084,3.121,3.157,3.219,3.255,3.291,3.327,3.362,3.397,3.432,3.466,3.500,3.534,3.596,3.630,3.663,3.697,3.730,3.763,3.795,3.828,3.860,3.892,3.955,3.987,4.019,4.051,4.083,4.115,4.146,4.178,4.209,4.241,4.306,4.338,4.369,4.401,4.432,4.464,4.495,4.527,4.558,4.590,4.659,4.691,4.723,4.755,4.787,4.819,4.852,4.885,4.917,4.950,5.023,None,0,0,0,0,0,0,0,0,0,0,0,0,0,0,0,0,0,0,0,0,0,0,0,0,0,0,0,0,0,0,0,0,0,0,0,0,0,0,0,0,0,0,0,0,0,0,0,0,0,0,0,0,0,0,0,0,0,0,0,0,0,0,0,0,0,0,0,0,0,0,0,0,0,0,0,0,0,0,0,0,0,0,0,0,0,0,0,0,0,0,0,0,0,0,0,0,0,0,0,0,None,0,None,0,None,0
DecayingAttack,Decaying Strike,TRUE,Chance to apply decay affliction,Affliction,Basic,2,-,5,3,0.1,0.1,0,0,100,#E844D8,DecayPercentRate,6.578,6.991,7.404,7.817,8.231,8.644,9.057,9.470,9.884,10.379,10.796,11.220,11.639,12.052,12.460,12.864,13.262,13.655,14.043,14.542,14.923,15.300,15.672,16.040,16.403,16.761,17.116,17.466,17.812,18.298,18.639,18.975,19.308,19.636,19.961,20.282,20.599,20.913,21.224,21.703,22.009,22.312,22.612,22.909,23.202,23.493,23.780,24.065,24.348,24.824,25.103,25.380,25.654,25.926,26.196,26.463,26.728,26.992,27.253,27.732,27.992,28.250,28.506,28.760,29.013,29.265,29.515,29.764,30.012,30.500,30.748,30.994,31.240,31.485,31.729,31.972,32.215,32.458,32.699,33.204,33.448,33.691,33.934,34.176,34.419,34.662,34.906,35.149,35.393,35.922,36.169,36.417,36.665,36.914,37.163,37.414,37.666,37.918,38.172,38.735,None,0,0,0,0,0,0,0,0,0,0,0,0,0,0,0,0,0,0,0,0,0,0,0,0,0,0,0,0,0,0,0,0,0,0,0,0,0,0,0,0,0,0,0,0,0,0,0,0,0,0,0,0,0,0,0,0,0,0,0,0,0,0,0,0,0,0,0,0,0,0,0,0,0,0,0,0,0,0,0,0,0,0,0,0,0,0,0,0,0,0,0,0,0,0,0,0,0,0,0,0,None,0,DecayDamageExpo,1,DecayHealthCap,0.7
Fuse,Fusion Bomb,TRUE,Chance to apply fuse affliction,Affliction,Basic,2,-,1,2,0.1,0.1,0,0,100,#FFBA00,FuseExplosionMult,18.917,20.105,21.294,22.482,23.671,24.860,26.048,27.237,28.425,29.850,31.049,32.268,33.473,34.662,35.836,36.995,38.140,39.271,40.387,41.821,42.918,44.002,45.072,46.130,47.174,48.205,49.224,50.231,51.225,52.626,53.605,54.572,55.528,56.473,57.407,58.330,59.243,60.146,61.039,62.418,63.298,64.169,65.031,65.884,66.729,67.564,68.392,69.211,70.023,71.394,72.196,72.992,73.781,74.563,75.338,76.107,76.870,77.627,78.378,79.757,80.503,81.245,81.982,82.714,83.441,84.165,84.885,85.600,86.313,87.718,88.430,89.139,89.846,90.550,91.252,91.952,92.650,93.347,94.043,95.495,96.195,96.893,97.592,98.290,98.989,99.688,100.388,101.088,101.789,103.312,104.022,104.733,105.447,106.163,106.881,107.602,108.325,109.052,109.782,111.400,None,0,0,0,0,0,0,0,0,0,0,0,0,0,0,0,0,0,0,0,0,0,0,0,0,0,0,0,0,0,0,0,0,0,0,0,0,0,0,0,0,0,0,0,0,0,0,0,0,0,0,0,0,0,0,0,0,0,0,0,0,0,0,0,0,0,0,0,0,0,0,0,0,0,0,0,0,0,0,0,0,0,0,0,0,0,0,0,0,0,0,0,0,0,0,0,0,0,0,0,0,FuseDamageBoostPerSecond,0.5,FuseRepeatChance,0.1,None,0
Shadow,Grim Shadow,TRUE,Damage bonus at max stacks,Affliction,Basic,2,-,7,8,0.09,0.09,0,0,100,#9CBEE0,ShadowDamageRate,0.681,0.724,0.766,0.809,0.852,0.895,0.937,0.980,1.023,1.074,1.117,1.161,1.205,1.247,1.290,1.331,1.373,1.413,1.454,1.505,1.545,1.584,1.622,1.660,1.698,1.735,1.772,1.808,1.844,1.894,1.929,1.964,1.998,2.032,2.066,2.099,2.132,2.165,2.197,2.246,2.278,2.309,2.341,2.371,2.402,2.432,2.461,2.491,2.520,2.569,2.598,2.627,2.655,2.684,2.711,2.739,2.767,2.794,2.821,2.870,2.897,2.924,2.951,2.977,3.003,3.029,3.055,3.081,3.106,3.157,3.183,3.208,3.234,3.259,3.284,3.309,3.335,3.360,3.385,3.437,3.462,3.487,3.512,3.538,3.563,3.588,3.613,3.638,3.663,3.718,3.744,3.769,3.795,3.821,3.847,3.873,3.899,3.925,3.951,4.009,None,0,0,0,0,0,0,0,0,0,0,0,0,0,0,0,0,0,0,0,0,0,0,0,0,0,0,0,0,0,0,0,0,0,0,0,0,0,0,0,0,0,0,0,0,0,0,0,0,0,0,0,0,0,0,0,0,0,0,0,0,0,0,0,0,0,0,0,0,0,0,0,0,0,0,0,0,0,0,0,0,0,0,0,0,0,0,0,0,0,0,0,0,0,0,0,0,0,0,0,0,ShadowDamageMult,1.2,None,0,None,0
PlagueAttack,Thriving Plague,TRUE,Damage increases as debuff is spread,Affliction,Basic,1,-,5,4.6,0.08,0.08,0,0,100,#14ff48,PlagueAttackDamageRate,1.917,2.037,2.158,2.278,2.399,2.519,2.640,2.760,2.881,3.025,3.146,3.270,3.392,3.513,3.632,3.749,3.865,3.980,4.093,4.238,4.349,4.459,4.568,4.675,4.780,4.885,4.988,5.090,5.191,5.333,5.432,5.530,5.627,5.723,5.818,5.911,6.004,6.095,6.186,6.325,6.415,6.503,6.590,6.677,6.762,6.847,6.931,7.014,7.096,7.235,7.316,7.397,7.477,7.556,7.635,7.713,7.790,7.867,7.943,8.082,8.158,8.233,8.308,8.382,8.456,8.529,8.602,8.675,8.747,8.889,8.961,9.033,9.105,9.176,9.247,9.318,9.389,9.460,9.530,9.677,9.748,9.819,9.890,9.961,10.031,10.102,10.173,10.244,10.315,10.469,10.541,10.613,10.686,10.758,10.831,10.904,10.977,11.051,11.125,11.289,None,0,0,0,0,0,0,0,0,0,0,0,0,0,0,0,0,0,0,0,0,0,0,0,0,0,0,0,0,0,0,0,0,0,0,0,0,0,0,0,0,0,0,0,0,0,0,0,0,0,0,0,0,0,0,0,0,0,0,0,0,0,0,0,0,0,0,0,0,0,0,0,0,0,0,0,0,0,0,0,0,0,0,0,0,0,0,0,0,0,0,0,0,0,0,0,0,0,0,0,0,PlagueAttackDamageMult,0.11,None,0,None,0
Disease,Radioactivity,TRUE,Damage increases over time,Affliction,Basic,1,-,5,5,0.12,0.12,0,0,100,#FFDB00,DiseaseDamageRate,0.673,0.715,0.758,0.800,0.842,0.885,0.927,0.969,1.012,1.062,1.105,1.148,1.191,1.234,1.275,1.317,1.357,1.398,1.437,1.488,1.527,1.566,1.604,1.642,1.679,1.715,1.752,1.788,1.823,1.873,1.908,1.942,1.976,2.010,2.043,2.076,2.108,2.140,2.172,2.221,2.253,2.284,2.314,2.345,2.375,2.404,2.434,2.463,2.492,2.541,2.569,2.598,2.626,2.653,2.681,2.708,2.736,2.763,2.789,2.838,2.865,2.891,2.917,2.944,2.969,2.995,3.021,3.046,3.072,3.122,3.147,3.172,3.197,3.222,3.247,3.272,3.297,3.322,3.347,3.398,3.423,3.448,3.473,3.498,3.523,3.548,3.573,3.597,3.622,3.677,3.702,3.727,3.753,3.778,3.804,3.829,3.855,3.881,3.907,3.964,None,0,0,0,0,0,0,0,0,0,0,0,0,0,0,0,0,0,0,0,0,0,0,0,0,0,0,0,0,0,0,0,0,0,0,0,0,0,0,0,0,0,0,0,0,0,0,0,0,0,0,0,0,0,0,0,0,0,0,0,0,0,0,0,0,0,0,0,0,0,0,0,0,0,0,0,0,0,0,0,0,0,0,0,0,0,0,0,0,0,0,0,0,0,0,0,0,0,0,0,0,DiseaseBonusRate,0.13,None,0,None,0
Swarm,Ravenous Swarm,TRUE,Extra stacks spread to random parts,Affliction,Basic,1,-,6,5,0.18,0.18,0,0,100,#F6FF9E,SwarmDamageRate,1.277,1.357,1.438,1.518,1.598,1.678,1.758,1.839,1.919,2.015,2.096,2.178,2.260,2.340,2.419,2.497,2.575,2.651,2.726,2.823,2.897,2.970,3.043,3.114,3.185,3.254,3.323,3.391,3.458,3.553,3.619,3.684,3.749,3.812,3.875,3.938,3.999,4.060,4.121,4.214,4.273,4.332,4.390,4.448,4.505,4.561,4.617,4.672,4.727,4.820,4.874,4.928,4.981,5.034,5.086,5.138,5.189,5.240,5.291,5.384,5.435,5.485,5.534,5.584,5.633,5.682,5.730,5.779,5.827,5.922,5.970,6.018,6.065,6.113,6.160,6.207,6.255,6.302,6.349,6.447,6.494,6.541,6.588,6.635,6.683,6.730,6.777,6.824,6.872,6.974,7.022,7.070,7.118,7.167,7.215,7.264,7.313,7.362,7.411,7.520,None,0,0,0,0,0,0,0,0,0,0,0,0,0,0,0,0,0,0,0,0,0,0,0,0,0,0,0,0,0,0,0,0,0,0,0,0,0,0,0,0,0,0,0,0,0,0,0,0,0,0,0,0,0,0,0,0,0,0,0,0,0,0,0,0,0,0,0,0,0,0,0,0,0,0,0,0,0,0,0,0,0,0,0,0,0,0,0,0,0,0,0,0,0,0,0,0,0,0,0,0,None,0,None,0,None,0
RuinousRust,Ruinous Rain,TRUE,Unlimited stacks and bonus cursed damage,Affliction,Basic,1,-,999,99,0.18,0.18,0,0,100,#de8eb3,RuinousRustDamageRate,0.303,0.322,0.341,0.360,0.379,0.398,0.417,0.436,0.455,0.478,0.497,0.517,0.536,0.555,0.574,0.593,0.611,0.629,0.647,0.670,0.687,0.705,0.722,0.739,0.756,0.772,0.788,0.805,0.820,0.843,0.859,0.874,0.889,0.905,0.920,0.934,0.949,0.963,0.978,1.000,1.014,1.028,1.042,1.055,1.069,1.082,1.095,1.109,1.122,1.144,1.156,1.169,1.182,1.194,1.207,1.219,1.231,1.243,1.255,1.277,1.289,1.301,1.313,1.325,1.337,1.348,1.360,1.371,1.383,1.405,1.416,1.428,1.439,1.450,1.462,1.473,1.484,1.495,1.506,1.530,1.541,1.552,1.563,1.574,1.586,1.597,1.608,1.619,1.630,1.655,1.666,1.678,1.689,1.700,1.712,1.723,1.735,1.747,1.758,1.784,None,0,0,0,0,0,0,0,0,0,0,0,0,0,0,0,0,0,0,0,0,0,0,0,0,0,0,0,0,0,0,0,0,0,0,0,0,0,0,0,0,0,0,0,0,0,0,0,0,0,0,0,0,0,0,0,0,0,0,0,0,0,0,0,0,0,0,0,0,0,0,0,0,0,0,0,0,0,0,0,0,0,0,0,0,0,0,0,0,0,0,0,0,0,0,0,0,0,0,0,0,RuinousRustEnchantedArmorMult,1.5,None,0,None,0
PowerBubble,Corrosive Bubbles,TRUE,At max stacks explodes into a burst,Affliction,Basic,1,-,5,3,0.12,0.12,0,0,100,#de8eb3,PowerBubbleDamageRate,1.422,1.511,1.601,1.690,1.779,1.869,1.958,2.047,2.137,2.244,2.334,2.425,2.516,2.605,2.694,2.781,2.867,2.952,3.036,3.143,3.226,3.307,3.388,3.467,3.546,3.623,3.700,3.776,3.850,3.956,4.029,4.102,4.174,4.245,4.315,4.384,4.453,4.521,4.588,4.692,4.758,4.823,4.888,4.952,5.016,5.078,5.141,5.202,5.263,5.366,5.427,5.486,5.546,5.604,5.663,5.721,5.778,5.835,5.891,5.995,6.051,6.107,6.162,6.217,6.272,6.326,6.380,6.434,6.488,6.593,6.647,6.700,6.753,6.806,6.859,6.911,6.964,7.016,7.069,7.178,7.230,7.283,7.335,7.388,7.440,7.493,7.546,7.598,7.651,7.765,7.819,7.872,7.926,7.980,8.034,8.088,8.142,8.197,8.252,8.373,PowerBubbleBurst,26,26,26,26,26,26,26,26,26,26,26,26,26,26,26,26,26,26,26,26,26,26,26,26,26,26,26,26,26,26,26,26,26,26,26,26,26,26,26,26,26,26,26,26,26,26,26,26,26,26,26,26,26,26,26,26,26,26,26,26,26,26,26,26,26,26,26,26,26,26,26,26,26,26,26,26,26,26,26,26,26,26,26,26,26,26,26,26,26,26,26,26,26,26,26,26,26,26,26,26,None,0,None,0,None,0
RuneAttack,Maelstrom,TRUE,Damage from all sources increases with stacks,Affliction,Basic,1,-,2,6,0.10,0.10,0,0,100,#70E6FF,RuneDamageRate,0.166,0.176,0.187,0.197,0.208,0.218,0.229,0.239,0.249,0.262,0.272,0.283,0.294,0.304,0.314,0.325,0.335,0.345,0.354,0.367,0.377,0.386,0.396,0.405,0.414,0.423,0.432,0.441,0.450,0.462,0.470,0.479,0.487,0.496,0.504,0.512,0.520,0.528,0.536,0.548,0.555,0.563,0.571,0.578,0.586,0.593,0.600,0.607,0.614,0.626,0.634,0.641,0.647,0.654,0.661,0.668,0.675,0.681,0.688,0.700,0.706,0.713,0.719,0.726,0.732,0.739,0.745,0.751,0.757,0.770,0.776,0.782,0.788,0.795,0.801,0.807,0.813,0.819,0.825,0.838,0.844,0.850,0.856,0.863,0.869,0.875,0.881,0.887,0.893,0.907,0.913,0.919,0.925,0.932,0.938,0.944,0.951,0.957,0.963,0.978,RuneDamageBoost,0.447,0.483,0.518,0.554,0.590,0.626,0.661,0.697,0.733,0.773,0.809,0.851,0.892,0.933,0.973,1.013,1.052,1.090,1.128,1.173,1.211,1.248,1.284,1.320,1.355,1.391,1.425,1.459,1.493,1.536,1.569,1.602,1.634,1.667,1.698,1.730,1.761,1.791,1.821,1.863,1.893,1.922,1.951,1.980,2.009,2.037,2.065,2.093,2.121,2.161,2.188,2.215,2.242,2.269,2.295,2.321,2.347,2.373,2.399,2.439,2.464,2.489,2.515,2.540,2.565,2.589,2.614,2.639,2.663,2.704,2.728,2.753,2.777,2.801,2.826,2.850,2.874,2.898,2.923,2.965,2.989,3.013,3.038,3.062,3.087,3.111,3.136,3.161,3.185,3.230,3.255,3.280,3.305,3.331,3.356,3.382,3.408,3.434,3.460,3.507,None,0,None,0,None,0
MagicPotion,Amplify,TRUE,Chance to apply DoT and shares levels.,Affliction,Basic,1,-,8,6,0.16,0.16,0,0,100,#FB702B,MagicPotionDamageRate,1.100,1.169,1.238,1.307,1.376,1.446,1.515,1.584,1.653,1.736,1.805,1.876,1.946,2.016,2.084,2.151,2.218,2.284,2.348,2.432,2.496,2.559,2.621,2.682,2.743,2.803,2.862,2.921,2.979,3.060,3.117,3.173,3.229,3.284,3.338,3.392,3.445,3.497,3.549,3.630,3.681,3.731,3.782,3.831,3.880,3.929,3.977,4.025,4.072,4.151,4.198,4.244,4.290,4.336,4.381,4.426,4.470,4.514,4.558,4.638,4.681,4.724,4.767,4.810,4.852,4.894,4.936,4.978,5.019,5.101,5.142,5.183,5.224,5.265,5.306,5.347,5.388,5.428,5.468,5.553,5.594,5.634,5.675,5.715,5.756,5.797,5.837,5.878,5.919,6.007,6.049,6.090,6.132,6.173,6.215,6.257,6.299,6.341,6.384,6.478,None,0,0,0,0,0,0,0,0,0,0,0,0,0,0,0,0,0,0,0,0,0,0,0,0,0,0,0,0,0,0,0,0,0,0,0,0,0,0,0,0,0,0,0,0,0,0,0,0,0,0,0,0,0,0,0,0,0,0,0,0,0,0,0,0,0,0,0,0,0,0,0,0,0,0,0,0,0,0,0,0,0,0,0,0,0,0,0,0,0,0,0,0,0,0,0,0,0,0,0,0,MagicPotionLevelSharing,0.1,None,0,None,0
SandsOfTime,Sands Of Time,TRUE,Increases Duration of other afflictions applied to that part,Affliction,Basic,1,-,1,7,0.12,0.12,0,0,100,#F6FF9E,SandsOfTimeDamageRate,1.881,2.000,2.118,2.236,2.354,2.472,2.591,2.709,2.827,2.969,3.088,3.209,3.329,3.447,3.564,3.679,3.793,3.906,4.017,4.159,4.268,4.376,4.483,4.588,4.692,4.794,4.896,4.996,5.095,5.234,5.331,5.427,5.523,5.617,5.709,5.801,5.892,5.982,6.071,6.208,6.295,6.382,6.468,6.553,6.637,6.720,6.802,6.883,6.964,7.100,7.180,7.259,7.338,7.416,7.493,7.569,7.645,7.720,7.795,7.932,8.007,8.080,8.154,8.226,8.299,8.371,8.442,8.513,8.584,8.724,8.795,8.865,8.936,9.006,9.076,9.145,9.215,9.284,9.353,9.498,9.567,9.637,9.706,9.776,9.845,9.915,9.984,10.054,10.124,10.275,10.346,10.416,10.487,10.558,10.630,10.702,10.774,10.846,10.919,11.079,SandsOfTimeAfflictionDurationBoost,1.0,1.0,1.0,1.0,1.0,1.0,1.0,1.0,1.0,1.0,1.0,1.0,1.0,1.0,1.0,1.0,1.0,1.0,1.0,1.0,1.0,1.0,1.0,1.0,1.0,1.0,1.0,1.0,1.0,1.0,1.0,1.0,1.0,1.0,1.0,1.0,1.0,1.0,1.0,1.0,1.0,1.0,1.0,1.0,1.0,1.0,1.0,1.0,1.0,1.0,1.0,1.0,1.0,1.0,1.0,1.0,1.0,1.0,1.0,1.0,1.0,1.0,1.0,1.0,1.0,1.0,1.0,1.0,1.0,1.0,1.0,1.0,1.0,1.0,1.0,1.0,1.0,1.0,1.0,1.0,1.0,1.0,1.0,1.0,1.0,1.0,1.0,1.0,1.0,1.0,1.0,1.0,1.0,1.0,1.0,1.0,1.0,1.0,1.0,1.0,None,0,None,0,None,0
CosmicBarb,Cosmic Barb,TRUE,High proc rate,Affliction,Basic,1,-,7,0.2,0.25,0.25,0,0,100,#AA9C3E,CosmicBarbDamageRate,20.859,22.170,23.481,24.791,26.102,27.412,28.723,30.033,31.344,32.916,34.237,35.582,36.910,38.221,39.516,40.794,42.057,43.303,44.534,46.115,47.325,48.520,49.701,50.866,52.018,53.155,54.279,55.389,56.485,58.030,59.109,60.176,61.230,62.272,63.302,64.320,65.327,66.322,67.307,68.827,69.798,70.759,71.709,72.650,73.581,74.502,75.415,76.318,77.213,78.725,79.610,80.487,81.357,82.219,83.074,83.922,84.763,85.598,86.426,87.947,88.770,89.588,90.400,91.207,92.009,92.807,93.601,94.390,95.176,96.726,97.511,98.292,99.071,99.848,100.622,101.394,102.164,102.932,103.699,105.301,106.072,106.843,107.613,108.383,109.154,109.924,110.696,111.468,112.241,113.920,114.703,115.488,116.275,117.064,117.856,118.651,119.449,120.250,121.055,122.840,None,0,0,0,0,0,0,0,0,0,0,0,0,0,0,0,0,0,0,0,0,0,0,0,0,0,0,0,0,0,0,0,0,0,0,0,0,0,0,0,0,0,0,0,0,0,0,0,0,0,0,0,0,0,0,0,0,0,0,0,0,0,0,0,0,0,0,0,0,0,0,0,0,0,0,0,0,0,0,0,0,0,0,0,0,0,0,0,0,0,0,0,0,0,0,0,0,0,0,0,0,None,0,None,0,None,0
ExecutionersAxe,Crushing Instinct,TRUE,Head dmg bonus.,Support,Basic,1,Head and Torso,1,99,0.08,0.08,0,0,100,#ffffff,HeadDamageSupport,0.859,0.929,0.999,1.069,1.139,1.210,1.280,1.350,1.420,1.499,1.570,1.652,1.733,1.813,1.891,1.969,2.046,2.122,2.197,2.285,2.358,2.430,2.502,2.573,2.642,2.711,2.779,2.847,2.913,2.997,3.062,3.126,3.190,3.253,3.315,3.377,3.438,3.498,3.557,3.638,3.697,3.755,3.812,3.869,3.925,3.981,4.036,4.090,4.144,4.224,4.277,4.330,4.383,4.435,4.487,4.538,4.589,4.640,4.690,4.769,4.819,4.868,4.918,4.967,5.016,5.065,5.113,5.161,5.209,5.289,5.337,5.385,5.433,5.481,5.529,5.576,5.624,5.671,5.719,5.801,5.849,5.897,5.945,5.993,6.041,6.089,6.138,6.186,6.235,6.321,6.371,6.420,6.470,6.520,6.570,6.620,6.671,6.722,6.774,6.867,ChestDamageSupport,0.859,0.929,0.999,1.069,1.139,1.210,1.280,1.350,1.420,1.499,1.570,1.652,1.733,1.813,1.891,1.969,2.046,2.122,2.197,2.285,2.358,2.430,2.502,2.573,2.642,2.711,2.779,2.847,2.913,2.997,3.062,3.126,3.190,3.253,3.315,3.377,3.438,3.498,3.557,3.638,3.697,3.755,3.812,3.869,3.925,3.981,4.036,4.090,4.144,4.224,4.277,4.330,4.383,4.435,4.487,4.538,4.589,4.640,4.690,4.769,4.819,4.868,4.918,4.967,5.016,5.065,5.113,5.161,5.209,5.289,5.337,5.385,5.433,5.481,5.529,5.576,5.624,5.671,5.719,5.801,5.849,5.897,5.945,5.993,6.041,6.089,6.138,6.186,6.235,6.321,6.371,6.420,6.470,6.520,6.570,6.620,6.671,6.722,6.774,6.867,BurstChanceSupport,1.1,None,0,None,0
CrushingVoid,Insanity Void,TRUE,Dmg per exposed body part,Support,Basic,2,Body,1,99,0.08,0.08,0,0,100,#ffffff,AllRaidDamageSupport,0.338,0.361,0.383,0.406,0.428,0.451,0.474,0.496,0.519,0.545,0.567,0.594,0.620,0.646,0.671,0.696,0.721,0.745,0.769,0.798,0.821,0.845,0.868,0.891,0.913,0.935,0.957,0.979,1.000,1.028,1.049,1.069,1.090,1.110,1.130,1.150,1.170,1.189,1.208,1.234,1.253,1.272,1.290,1.309,1.327,1.345,1.363,1.380,1.398,1.423,1.441,1.458,1.475,1.491,1.508,1.525,1.541,1.557,1.574,1.599,1.615,1.631,1.647,1.663,1.679,1.694,1.710,1.726,1.741,1.767,1.782,1.798,1.813,1.829,1.844,1.860,1.875,1.890,1.905,1.932,1.948,1.963,1.978,1.994,2.009,2.025,2.041,2.056,2.072,2.100,2.116,2.132,2.148,2.164,2.180,2.196,2.213,2.229,2.246,2.276,ExposedBodyBoostSupport,0.159,0.170,0.180,0.191,0.202,0.212,0.223,0.233,0.244,0.256,0.267,0.279,0.292,0.304,0.316,0.327,0.339,0.351,0.362,0.375,0.386,0.397,0.408,0.419,0.430,0.440,0.450,0.461,0.471,0.483,0.493,0.503,0.513,0.522,0.532,0.541,0.550,0.559,0.568,0.581,0.590,0.598,0.607,0.616,0.624,0.633,0.641,0.649,0.657,0.670,0.678,0.686,0.694,0.702,0.709,0.717,0.725,0.733,0.740,0.752,0.760,0.767,0.775,0.782,0.790,0.797,0.804,0.812,0.819,0.831,0.839,0.846,0.853,0.860,0.868,0.875,0.882,0.889,0.896,0.909,0.916,0.923,0.931,0.938,0.945,0.953,0.960,0.967,0.975,0.988,0.995,1.003,1.010,1.018,1.026,1.033,1.041,1.049,1.056,1.071,ExposedBodyBoostSupportMaxParts,6,None,0,None,0
MentalFocus,Rancid Gas,TRUE,Affliction dmg and chance bonus,Support,Basic,2,-,1,99,0.08,0.08,0,0,100,#ffffff,AfflictedDamageSupport,1.237,1.288,1.339,1.390,1.442,1.493,1.544,1.595,1.646,1.704,1.756,1.815,1.874,1.933,1.990,2.047,2.103,2.158,2.213,2.277,2.330,2.383,2.435,2.487,2.538,2.588,2.638,2.687,2.735,2.796,2.844,2.891,2.937,2.983,3.029,3.074,3.118,3.162,3.205,3.264,3.307,3.349,3.391,3.432,3.473,3.514,3.554,3.594,3.633,3.691,3.730,3.769,3.807,3.845,3.883,3.921,3.958,3.995,4.031,4.089,4.125,4.162,4.198,4.233,4.269,4.305,4.340,4.375,4.410,4.469,4.504,4.539,4.574,4.608,4.643,4.678,4.713,4.747,4.782,4.842,4.877,4.912,4.947,4.982,5.017,5.052,5.087,5.123,5.158,5.221,5.257,5.293,5.330,5.366,5.403,5.440,5.477,5.514,5.551,5.619,None,0,0,0,0,0,0,0,0,0,0,0,0,0,0,0,0,0,0,0,0,0,0,0,0,0,0,0,0,0,0,0,0,0,0,0,0,0,0,0,0,0,0,0,0,0,0,0,0,0,0,0,0,0,0,0,0,0,0,0,0,0,0,0,0,0,0,0,0,0,0,0,0,0,0,0,0,0,0,0,0,0,0,0,0,0,0,0,0,0,0,0,0,0,0,0,0,0,0,0,0,AfflictedChanceSupport,1.3,None,0,None,0
ImpactAttack,Inspiring Force,TRUE,Dmg bonus to body part types,Support,Basic,1,Body,1,99,0.08,0.08,0,0,100,#ffffff,BodyDamageSupport,0.913,0.985,1.057,1.129,1.202,1.274,1.346,1.418,1.490,1.572,1.645,1.729,1.812,1.894,1.975,2.056,2.135,2.213,2.290,2.380,2.456,2.530,2.604,2.676,2.748,2.819,2.889,2.958,3.027,3.113,3.180,3.246,3.312,3.377,3.441,3.504,3.566,3.628,3.690,3.773,3.833,3.893,3.952,4.010,4.068,4.125,4.182,4.238,4.294,4.375,4.430,4.485,4.539,4.593,4.646,4.699,4.751,4.803,4.855,4.936,4.988,5.039,5.090,5.140,5.191,5.241,5.291,5.340,5.390,5.472,5.521,5.571,5.620,5.669,5.718,5.767,5.816,5.865,5.914,5.999,6.048,6.097,6.147,6.196,6.246,6.295,6.345,6.395,6.445,6.534,6.585,6.636,6.687,6.738,6.790,6.842,6.894,6.947,6.999,7.095,None,0,0,0,0,0,0,0,0,0,0,0,0,0,0,0,0,0,0,0,0,0,0,0,0,0,0,0,0,0,0,0,0,0,0,0,0,0,0,0,0,0,0,0,0,0,0,0,0,0,0,0,0,0,0,0,0,0,0,0,0,0,0,0,0,0,0,0,0,0,0,0,0,0,0,0,0,0,0,0,0,0,0,0,0,0,0,0,0,0,0,0,0,0,0,0,0,0,0,0,0,None,0,None,0,None,0
InnerTruth,Soul Fire,TRUE,Chest dmg bonus.,Support,Basic,1,Head and Torso,1,99,0.08,0.08,0,0,100,#ffffff,HeadDamageSupport,0.875,0.946,1.016,1.087,1.158,1.229,1.299,1.370,1.441,1.521,1.592,1.675,1.756,1.837,1.916,1.995,2.072,2.149,2.224,2.313,2.387,2.460,2.532,2.603,2.674,2.743,2.812,2.880,2.947,3.031,3.097,3.162,3.226,3.290,3.352,3.414,3.476,3.536,3.596,3.678,3.737,3.796,3.853,3.911,3.967,4.023,4.079,4.134,4.189,4.269,4.323,4.376,4.429,4.482,4.534,4.586,4.637,4.688,4.739,4.818,4.869,4.919,4.969,5.018,5.068,5.117,5.166,5.214,5.263,5.343,5.392,5.440,5.489,5.537,5.585,5.633,5.681,5.729,5.777,5.860,5.908,5.956,6.005,6.053,6.102,6.150,6.199,6.248,6.297,6.384,6.434,6.484,6.534,6.585,6.635,6.686,6.737,6.789,6.841,6.934,ChestDamageSupport,0.875,0.946,1.016,1.087,1.158,1.229,1.299,1.370,1.441,1.521,1.592,1.675,1.756,1.837,1.916,1.995,2.072,2.149,2.224,2.313,2.387,2.460,2.532,2.603,2.674,2.743,2.812,2.880,2.947,3.031,3.097,3.162,3.226,3.290,3.352,3.414,3.476,3.536,3.596,3.678,3.737,3.796,3.853,3.911,3.967,4.023,4.079,4.134,4.189,4.269,4.323,4.376,4.429,4.482,4.534,4.586,4.637,4.688,4.739,4.818,4.869,4.919,4.969,5.018,5.068,5.117,5.166,5.214,5.263,5.343,5.392,5.440,5.489,5.537,5.585,5.633,5.681,5.729,5.777,5.860,5.908,5.956,6.005,6.053,6.102,6.150,6.199,6.248,6.297,6.384,6.434,6.484,6.534,6.585,6.635,6.686,6.737,6.789,6.841,6.934,AfflictedChanceSupport,1.1,None,0,None,0
FinisherAttack,Victory March,TRUE,Dmg per exposed skeleton part,Support,Basic,1,-,1,99,0.08,0.08,0,0,100,#ffffff,AllRaidDamageSupport,0.697,0.741,0.785,0.830,0.874,0.918,0.962,1.006,1.051,1.101,1.145,1.197,1.248,1.298,1.348,1.397,1.445,1.493,1.540,1.596,1.642,1.688,1.733,1.777,1.821,1.865,1.908,1.950,1.992,2.045,2.086,2.127,2.167,2.206,2.246,2.284,2.323,2.361,2.398,2.449,2.486,2.523,2.559,2.595,2.630,2.665,2.700,2.734,2.769,2.818,2.852,2.886,2.919,2.952,2.984,3.017,3.049,3.081,3.112,3.162,3.194,3.225,3.256,3.287,3.318,3.349,3.379,3.410,3.440,3.490,3.521,3.551,3.581,3.611,3.641,3.671,3.701,3.731,3.761,3.813,3.843,3.874,3.904,3.934,3.964,3.995,4.025,4.056,4.086,4.141,4.172,4.203,4.235,4.266,4.298,4.330,4.362,4.394,4.426,4.485,ExposedSkeletonBoostSupport,0.110,0.117,0.124,0.131,0.138,0.145,0.152,0.159,0.166,0.174,0.181,0.189,0.197,0.205,0.213,0.220,0.228,0.236,0.243,0.252,0.259,0.266,0.273,0.281,0.287,0.294,0.301,0.308,0.314,0.323,0.329,0.336,0.342,0.348,0.354,0.361,0.367,0.373,0.378,0.387,0.392,0.398,0.404,0.409,0.415,0.421,0.426,0.432,0.437,0.445,0.450,0.455,0.461,0.466,0.471,0.476,0.481,0.486,0.491,0.499,0.504,0.509,0.514,0.519,0.524,0.528,0.533,0.538,0.543,0.551,0.556,0.560,0.565,0.570,0.575,0.579,0.584,0.589,0.594,0.602,0.607,0.611,0.616,0.621,0.626,0.630,0.635,0.640,0.645,0.654,0.658,0.663,0.668,0.673,0.678,0.683,0.688,0.693,0.699,0.708,None,0,ExposedSkeletonBoostSupportMaxParts,7,None,0
SuperheatMetal,Prismatic Rift,TRUE,Armor dmg bonus.,Support,Basic,2,Armor,1,99,0.08,0.08,0,0,100,#ffffff,ArmorDamageSupport,0.939,1.012,1.085,1.158,1.232,1.305,1.378,1.451,1.524,1.607,1.681,1.766,1.850,1.934,2.016,2.097,2.177,2.256,2.334,2.426,2.502,2.578,2.653,2.726,2.799,2.871,2.942,3.012,3.081,3.169,3.237,3.304,3.370,3.436,3.501,3.565,3.629,3.691,3.753,3.838,3.899,3.959,4.019,4.078,4.137,4.195,4.252,4.309,4.366,4.448,4.504,4.560,4.614,4.669,4.723,4.776,4.830,4.882,4.935,5.017,5.069,5.121,5.173,5.224,5.275,5.326,5.376,5.426,5.477,5.560,5.610,5.660,5.710,5.760,5.810,5.859,5.909,5.958,6.008,6.094,6.144,6.194,6.244,6.294,6.344,6.394,6.445,6.495,6.546,6.637,6.688,6.740,6.791,6.843,6.896,6.948,7.001,7.055,7.108,7.205,None,0,0,0,0,0,0,0,0,0,0,0,0,0,0,0,0,0,0,0,0,0,0,0,0,0,0,0,0,0,0,0,0,0,0,0,0,0,0,0,0,0,0,0,0,0,0,0,0,0,0,0,0,0,0,0,0,0,0,0,0,0,0,0,0,0,0,0,0,0,0,0,0,0,0,0,0,0,0,0,0,0,0,0,0,0,0,0,0,0,0,0,0,0,0,0,0,0,0,0,0,None,0,None,0,None,0
BurstBoost,Ancestral Favor,TRUE,Burst dmg and chance bonus,Support,Basic,2,-,1,99,0.08,0.08,0,0,100,#ffffff,BurstDamageSupport,1.237,1.288,1.339,1.390,1.442,1.493,1.544,1.595,1.646,1.704,1.756,1.815,1.874,1.933,1.990,2.047,2.103,2.158,2.213,2.277,2.330,2.383,2.435,2.487,2.538,2.588,2.638,2.687,2.735,2.796,2.844,2.891,2.937,2.983,3.029,3.074,3.118,3.162,3.205,3.264,3.307,3.349,3.391,3.432,3.473,3.514,3.554,3.594,3.633,3.691,3.730,3.769,3.807,3.845,3.883,3.921,3.958,3.995,4.031,4.089,4.125,4.162,4.198,4.233,4.269,4.305,4.340,4.375,4.410,4.469,4.504,4.539,4.574,4.608,4.643,4.678,4.713,4.747,4.782,4.842,4.877,4.912,4.947,4.982,5.017,5.052,5.087,5.123,5.158,5.221,5.257,5.293,5.330,5.366,5.403,5.440,5.477,5.514,5.551,5.619,None,0,0,0,0,0,0,0,0,0,0,0,0,0,0,0,0,0,0,0,0,0,0,0,0,0,0,0,0,0,0,0,0,0,0,0,0,0,0,0,0,0,0,0,0,0,0,0,0,0,0,0,0,0,0,0,0,0,0,0,0,0,0,0,0,0,0,0,0,0,0,0,0,0,0,0,0,0,0,0,0,0,0,0,0,0,0,0,0,0,0,0,0,0,0,0,0,0,0,0,0,BurstChanceSupport,1.3,None,0,None,0
LimbSupport,Grasping Vines,TRUE,Dmg bonus to limbs,Support,Basic,1,Limbs,1,99,0.08,0.08,0,0,100,#ffffff,LimbDamageSupport,0.930,1.003,1.076,1.149,1.222,1.294,1.367,1.440,1.513,1.595,1.669,1.754,1.838,1.921,2.002,2.083,2.163,2.242,2.319,2.411,2.487,2.562,2.636,2.710,2.782,2.854,2.924,2.994,3.063,3.150,3.218,3.285,3.351,3.416,3.481,3.545,3.608,3.670,3.732,3.816,3.877,3.937,3.997,4.056,4.114,4.172,4.229,4.286,4.342,4.424,4.480,4.535,4.589,4.643,4.697,4.750,4.803,4.856,4.908,4.990,5.042,5.094,5.145,5.196,5.247,5.297,5.347,5.398,5.448,5.531,5.580,5.630,5.680,5.729,5.779,5.828,5.878,5.927,5.976,6.062,6.112,6.162,6.211,6.261,6.311,6.361,6.411,6.462,6.512,6.602,6.653,6.705,6.756,6.808,6.860,6.913,6.965,7.018,7.072,7.168,None,0,0,0,0,0,0,0,0,0,0,0,0,0,0,0,0,0,0,0,0,0,0,0,0,0,0,0,0,0,0,0,0,0,0,0,0,0,0,0,0,0,0,0,0,0,0,0,0,0,0,0,0,0,0,0,0,0,0,0,0,0,0,0,0,0,0,0,0,0,0,0,0,0,0,0,0,0,0,0,0,0,0,0,0,0,0,0,0,0,0,0,0,0,0,0,0,0,0,0,0,None,0,None,0,None,0
TotemFairySkill,Totem of Power,TRUE,All Damage QTE Fairies,Support,Basic,2,-,7,0,0,0,0,0,100,#ffffff,FairyTotemDamage,0.386,0.416,0.447,0.477,0.507,0.537,0.568,0.598,0.628,0.663,0.693,0.728,0.763,0.798,0.832,0.865,0.899,0.931,0.964,1.002,1.033,1.064,1.095,1.126,1.156,1.186,1.215,1.244,1.273,1.309,1.337,1.365,1.393,1.420,1.447,1.473,1.499,1.525,1.551,1.586,1.611,1.636,1.661,1.686,1.710,1.734,1.758,1.781,1.805,1.839,1.862,1.885,1.907,1.930,1.952,1.975,1.997,2.018,2.040,2.074,2.096,2.117,2.139,2.160,2.181,2.202,2.223,2.244,2.264,2.299,2.320,2.340,2.361,2.382,2.402,2.423,2.443,2.464,2.484,2.520,2.541,2.561,2.582,2.603,2.623,2.644,2.665,2.686,2.707,2.745,2.766,2.787,2.809,2.830,2.852,2.874,2.896,2.918,2.940,2.980,None,0,0,0,0,0,0,0,0,0,0,0,0,0,0,0,0,0,0,0,0,0,0,0,0,0,0,0,0,0,0,0,0,0,0,0,0,0,0,0,0,0,0,0,0,0,0,0,0,0,0,0,0,0,0,0,0,0,0,0,0,0,0,0,0,0,0,0,0,0,0,0,0,0,0,0,0,0,0,0,0,0,0,0,0,0,0,0,0,0,0,0,0,0,0,0,0,0,0,0,0,FairyTotemDuration,2,FairyTotemRate,0.66,FairyTotemRandomChance,1
TeamTactics,Team Tactics,TRUE,Adds Damage Bonus to the clan for the next cycle,Support,Basic,1,-,1,99,0.08,0.08,0,0,100,#ffffff,AllRaidDamageSupport,0.410,0.463,0.516,0.570,0.623,0.676,0.729,0.782,0.835,0.896,0.949,1.011,1.073,1.133,1.193,1.252,1.310,1.368,1.425,1.491,1.547,1.602,1.656,1.710,1.763,1.815,1.866,1.917,1.968,2.031,2.081,2.130,2.178,2.226,2.273,2.320,2.366,2.411,2.457,2.518,2.562,2.606,2.650,2.693,2.735,2.778,2.819,2.861,2.902,2.962,3.003,3.043,3.083,3.122,3.161,3.200,3.239,3.278,3.316,3.375,3.413,3.451,3.489,3.526,3.563,3.600,3.637,3.673,3.710,3.770,3.807,3.843,3.879,3.916,3.952,3.988,4.024,4.060,4.096,4.159,4.195,4.231,4.268,4.304,4.340,4.377,4.414,4.450,4.487,4.553,4.591,4.628,4.666,4.704,4.742,4.780,4.818,4.857,4.896,4.967,None,0,0,0,0,0,0,0,0,0,0,0,0,0,0,0,0,0,0,0,0,0,0,0,0,0,0,0,0,0,0,0,0,0,0,0,0,0,0,0,0,0,0,0,0,0,0,0,0,0,0,0,0,0,0,0,0,0,0,0,0,0,0,0,0,0,0,0,0,0,0,0,0,0,0,0,0,0,0,0,0,0,0,0,0,0,0,0,0,0,0,0,0,0,0,0,0,0,0,0,0,TeamTacticsClanMoraleBoost,0.0007,None,0,None,0
SpinalTap,Skeletal Smash,TRUE,Increased Armor dmg if Skeleton is revealed,Support,Basic,2,Armor,1,99,0.08,0.08,0,0,100,#ffffff,ArmorDamageSupport,0.917,0.976,1.036,1.095,1.154,1.214,1.273,1.333,1.392,1.459,1.519,1.588,1.657,1.725,1.791,1.857,1.922,1.986,2.050,2.124,2.186,2.248,2.308,2.368,2.427,2.485,2.543,2.600,2.656,2.727,2.782,2.837,2.891,2.944,2.997,3.049,3.101,3.151,3.202,3.270,3.320,3.369,3.418,3.466,3.513,3.560,3.607,3.653,3.699,3.766,3.811,3.856,3.901,3.945,3.989,4.032,4.076,4.118,4.161,4.228,4.270,4.312,4.354,4.396,4.437,4.478,4.519,4.560,4.601,4.669,4.709,4.750,4.790,4.831,4.871,4.912,4.952,4.992,5.032,5.102,5.143,5.183,5.224,5.264,5.305,5.346,5.387,5.428,5.469,5.543,5.584,5.626,5.668,5.711,5.753,5.796,5.839,5.882,5.926,6.004,SkeletonExposedArmorDamageSupport,0.478,0.509,0.540,0.571,0.602,0.633,0.664,0.695,0.726,0.761,0.792,0.828,0.864,0.899,0.934,0.969,1.002,1.036,1.069,1.108,1.140,1.172,1.204,1.235,1.266,1.296,1.326,1.356,1.385,1.422,1.451,1.480,1.508,1.536,1.563,1.590,1.617,1.644,1.670,1.706,1.731,1.757,1.782,1.807,1.832,1.857,1.881,1.905,1.929,1.964,1.988,2.011,2.034,2.058,2.080,2.103,2.126,2.148,2.170,2.205,2.227,2.249,2.271,2.292,2.314,2.336,2.357,2.378,2.400,2.435,2.456,2.477,2.498,2.519,2.541,2.562,2.583,2.604,2.625,2.661,2.682,2.703,2.724,2.746,2.767,2.788,2.809,2.831,2.852,2.891,2.912,2.934,2.956,2.978,3.000,3.023,3.045,3.068,3.090,3.131,None,0,None,0,None,0
AstralEcho,Astral Echo,TRUE,Bonus Taps per Count,Support,Basic,2,-,1,99,0.08,0.08,0,0,100,#ffffff,AllRaidDamageSupport,0.578,0.638,0.697,0.757,0.816,0.876,0.935,0.995,1.054,1.122,1.181,1.251,1.320,1.388,1.454,1.520,1.586,1.650,1.713,1.788,1.850,1.912,1.973,2.033,2.092,2.150,2.208,2.265,2.321,2.393,2.448,2.503,2.557,2.610,2.663,2.715,2.767,2.818,2.868,2.937,2.987,3.036,3.085,3.133,3.181,3.228,3.275,3.321,3.367,3.434,3.479,3.524,3.569,3.613,3.657,3.701,3.744,3.787,3.830,3.897,3.939,3.981,4.023,4.065,4.107,4.148,4.189,4.230,4.271,4.339,4.379,4.420,4.461,4.501,4.542,4.582,4.623,4.663,4.703,4.773,4.814,4.855,4.895,4.936,4.977,5.018,5.059,5.100,5.141,5.215,5.257,5.299,5.341,5.383,5.426,5.469,5.512,5.555,5.599,5.678,None,0,0,0,0,0,0,0,0,0,0,0,0,0,0,0,0,0,0,0,0,0,0,0,0,0,0,0,0,0,0,0,0,0,0,0,0,0,0,0,0,0,0,0,0,0,0,0,0,0,0,0,0,0,0,0,0,0,0,0,0,0,0,0,0,0,0,0,0,0,0,0,0,0,0,0,0,0,0,0,0,0,0,0,0,0,0,0,0,0,0,0,0,0,0,0,0,0,0,0,0,AstralEchoMaxCharges,5,AstralEchoReducedChance,0.5,None,0
TriangleSupport,Radiant Kaliedoscope,TRUE,Buff for Affliction/Support/Burst deck,Support,Basic,2,-,1,99,0.08,0.08,0,0,100,#ffffff,TriangleSupportAfflictionBoost,1.271,1.356,1.442,1.527,1.613,1.699,1.784,1.870,1.956,2.053,2.139,2.239,2.338,2.435,2.532,2.627,2.720,2.813,2.904,3.012,3.101,3.190,3.277,3.363,3.449,3.533,3.616,3.698,3.779,3.882,3.961,4.040,4.118,4.194,4.270,4.346,4.420,4.493,4.566,4.665,4.736,4.807,4.877,4.946,5.015,5.083,5.150,5.217,5.283,5.380,5.445,5.510,5.574,5.638,5.701,5.764,5.826,5.888,5.949,6.046,6.107,6.167,6.228,6.288,6.348,6.407,6.466,6.525,6.584,6.681,6.740,6.799,6.857,6.915,6.974,7.032,7.090,7.148,7.206,7.307,7.365,7.424,7.482,7.541,7.600,7.658,7.717,7.777,7.836,7.942,8.002,8.063,8.123,8.184,8.246,8.307,8.369,8.432,8.494,8.608,TriangleSupportBurstBoost,1.271,1.356,1.442,1.527,1.613,1.699,1.784,1.870,1.956,2.053,2.139,2.239,2.338,2.435,2.532,2.627,2.720,2.813,2.904,3.012,3.101,3.190,3.277,3.363,3.449,3.533,3.616,3.698,3.779,3.882,3.961,4.040,4.118,4.194,4.270,4.346,4.420,4.493,4.566,4.665,4.736,4.807,4.877,4.946,5.015,5.083,5.150,5.217,5.283,5.380,5.445,5.510,5.574,5.638,5.701,5.764,5.826,5.888,5.949,6.046,6.107,6.167,6.228,6.288,6.348,6.407,6.466,6.525,6.584,6.681,6.740,6.799,6.857,6.915,6.974,7.032,7.090,7.148,7.206,7.307,7.365,7.424,7.482,7.541,7.600,7.658,7.717,7.777,7.836,7.942,8.002,8.063,8.123,8.184,8.246,8.307,8.369,8.432,8.494,8.608,None,0,None,0,None,0