TierID,LevelID,AreaID,Enabled,EnemyIDs,TicketCost,XPClanReward,XPPlayerReward,WildCardPlayerReward,CardPlayerReward,ScrollPlayerReward,FortuneScrollPlayerReward,HolidayCurrencyPerAttack,AttacksPerReset,BaseHP,TitanCount,HasArmor,AreaBonuses,EnemyBonuses,EnchantedArmour,BattleScarEffect,BucketsOfDamage,TotalHP
9999,1,Area1,TRUE,"Enemy2,Enemy3,Enemy4",0,1536,2099,352,401,20,9,5,6,3.23E+10,3,TRUE,1,1,0,1.020,10,9.69E+10
9999,2,Area2,TRUE,"Enemy5,Enemy3,Enemy1",0,1538,2103,353,402,20,9,5,6,2.50E+10,4,TRUE,1,1,0,1.022,15,9.98E+10
9999,3,Area3,TRUE,"Enemy2,Enemy3,Enemy6",0,1540,2107,354,403,20,9,5,6,2.06E+10,5,TRUE,1,1,0,1.024,20,1.03E+11
9999,4,Area4,TRUE,"Enemy5,Enemy2,Enemy3",0,1542,2111,355,404,20,9,5,6,1.76E+10,6,TRUE,1,1,0,1.026,25,1.06E+11
9999,5,Area1,TRUE,"Enemy5,Enemy3,Enemy4",0,1544,2115,355,405,20,9,5,6,1.56E+10,7,TRUE,1,1,0,1.028,20,1.09E+11
9999,6,Area2,TRUE,"Enemy5,Enemy2,Enemy7",0,1546,2119,356,406,20,9,5,6,1.40E+10,8,TRUE,1,1,0,1.030,50,1.12E+11
9999,7,Area3,TRUE,"Enemy2,Enemy3,Enemy7",0,1548,2123,357,407,20,9,5,6,2.89E+10,4,TRUE,1,1,0,1.032,10,1.16E+11
9999,8,Area4,TRUE,"Enemy5,Enemy3,Enemy2",0,1550,2127,358,408,20,9,5,6,1.70E+10,7,TRUE,1,1,0,1.034,15,1.19E+11
9999,9,Area1,TRUE,"Enemy5,Enemy2,Enemy8",0,1552,2131,358,409,20,9,5,6,1.75E+10,7,TRUE,1,1,0,1.036,20,1.23E+11
9999,10,Area2,TRUE,"Enemy5,Enemy2,Enemy3",0,1554,2135,359,410,20,9,5,6,1.58E+10,8,TRUE,1,1,0,1.038,25,1.26E+11
9999,11,Area3,TRUE,"Enemy1,Enemy2,Enemy4",0,1556,2139,360,411,20,9,5,6,1.58E+10,8,TRUE,1,1,1,1.040,20,1.26E+11
9999,12,Area4,TRUE,"Enemy1,Enemy3,Enemy6",0,1558,2143,361,412,20,9,5,6,3.25E+10,4,TRUE,1,1,1,1.042,50,1.30E+11
9999,13,Area1,TRUE,"Enemy3,Enemy4,Enemy6",0,1560,2147,361,413,20,9,5,6,1.91E+10,7,TRUE,1,1,1,1.044,10,1.34E+11
9999,14,Area2,TRUE,"Enemy1,Enemy4,Enemy6",0,1562,2151,362,414,20,9,5,6,2.76E+10,5,TRUE,1,1,1,1.046,15,1.38E+11
9999,15,Area3,TRUE,"Enemy1,Enemy6,Enemy8",0,1564,2155,363,415,20,9,5,6,2.37E+10,6,TRUE,1,1,1,1.048,20,1.42E+11
9999,16,Area4,TRUE,"Enemy3,Enemy5,Enemy6",0,1566,2159,364,416,20,9,5,6,2.44E+10,6,TRUE,1,1,1,1.050,25,1.46E+11
9999,17,Area1,TRUE,"Enemy2,Enemy4,Enemy6",0,1568,2163,364,417,20,9,5,6,2.15E+10,7,TRUE,1,1,1,1.052,20,1.51E+11
9999,18,Area2,TRUE,"Enemy2,Enemy3,Enemy5",0,1570,2167,365,418,20,9,5,6,1.94E+10,8,TRUE,1,1,1,1.054,50,1.55E+11
9999,19,Area3,TRUE,"Enemy1,Enemy3,Enemy5",0,1572,2171,366,419,20,9,5,6,2.29E+10,7,TRUE,1,1,1,1.056,10,1.60E+11
9999,20,Area4,TRUE,"Enemy1,Enemy2,Enemy3",0,1574,2175,367,420,20,9,5,6,2.66E+10,6,TRUE,1,1,2,1.058,15,1.60E+11
9999,21,Area1,TRUE,"Enemy1,Enemy3,Enemy7",0,1576,2179,367,421,20,9,5,6,2.35E+10,7,TRUE,1,1,2,1.060,20,1.65E+11
9999,22,Area2,TRUE,"Enemy2,Enemy6,Enemy7",0,1578,2183,368,422,20,9,5,6,4.24E+10,4,TRUE,1,1,2,1.062,25,1.69E+11
9999,23,Area3,TRUE,"Enemy1,Enemy2,Enemy5",0,1580,2187,369,423,20,9,5,6,4.36E+10,4,TRUE,1,1,2,1.064,20,1.75E+11
9999,24,Area4,TRUE,"Enemy1,Enemy2,Enemy4",0,1582,2191,370,424,20,9,5,6,3.60E+10,5,TRUE,1,1,2,1.066,50,1.80E+11
9999,25,Area1,TRUE,"Enemy3,Enemy6,Enemy7",0,1584,2195,370,425,20,9,5,6,3.09E+10,6,TRUE,1,1,2,1.068,10,1.85E+11
9999,26,Area2,TRUE,"Enemy2,Enemy5,Enemy7",0,1586,2199,371,426,20,9,5,6,3.18E+10,6,TRUE,1,1,2,1.070,15,1.91E+11
9999,27,Area3,TRUE,"Enemy2,Enemy3,Enemy6",0,1588,2203,372,427,20,9,5,6,3.93E+10,5,TRUE,1,1,2,1.072,20,1.96E+11
9999,28,Area4,TRUE,"Enemy4,Enemy5,Enemy7",0,1590,2207,373,428,20,9,5,6,2.53E+10,8,TRUE,1,1,2,1.074,25,2.02E+11
9999,29,Area1,TRUE,"Enemy1,Enemy6,Enemy7",0,1592,2211,373,429,20,9,5,6,3.47E+10,6,TRUE,1,1,2,1.076,20,2.08E+11
9999,30,Area2,TRUE,"Enemy4,Enemy5,Enemy6",0,1594,2215,374,430,20,9,5,6,3.58E+10,6,TRUE,1,1,2,1.078,50,2.15E+11
9999,31,Area3,TRUE,"Enemy1,Enemy5,Enemy8",0,1596,2219,375,431,20,9,5,6,3.06E+10,7,TRUE,1,1,3,1.080,10,2.14E+11
9999,32,Area4,TRUE,"Enemy3,Enemy4,Enemy6",0,1598,2223,376,432,20,9,5,6,4.40E+10,5,TRUE,1,1,3,1.080,15,2.20E+11
9999,33,Area1,TRUE,"Enemy3,Enemy7,Enemy8",0,1600,2227,376,433,20,9,5,6,3.24E+10,7,TRUE,1,1,3,1.080,20,2.27E+11
9999,34,Area2,TRUE,"Enemy2,Enemy4,Enemy5",0,1602,2231,377,434,20,9,5,6,4.67E+10,5,TRUE,1,1,3,1.080,25,2.33E+11
9999,35,Area3,TRUE,"Enemy1,Enemy3,Enemy5",0,1604,2235,378,435,20,9,5,6,4.00E+10,6,TRUE,1,1,3,1.080,20,2.40E+11
9999,36,Area4,TRUE,"Enemy1,Enemy5,Enemy7",0,1606,2239,379,436,20,9,5,6,4.12E+10,6,TRUE,1,1,3,1.080,50,2.47E+11
9999,37,Area1,TRUE,"Enemy2,Enemy3,Enemy7",0,1608,2243,379,437,20,9,5,6,3.64E+10,7,TRUE,1,1,3,1.080,10,2.54E+11
9999,38,Area2,TRUE,"Enemy1,Enemy2,Enemy5",0,1610,2247,380,438,20,9,5,6,3.27E+10,8,TRUE,1,1,3,1.080,15,2.62E+11
9999,39,Area3,TRUE,"Enemy2,Enemy5,Enemy6",0,1612,2251,381,439,20,9,5,6,4.49E+10,6,TRUE,1,1,3,1.080,20,2.69E+11
9999,40,Area4,TRUE,"Enemy1,Enemy7,Enemy8",0,1614,2255,382,440,20,9,5,6,3.46E+10,8,TRUE,1,1,3,1.080,25,2.77E+11
9999,41,Area1,TRUE,"Enemy1,Enemy2,Enemy6",0,1616,2259,382,441,20,9,5,6,5.51E+10,5,TRUE,1,1,4,1.080,20,2.76E+11
9999,42,Area2,TRUE,"Enemy1,Enemy4,Enemy6",0,1618,2263,383,442,20,9,5,6,4.73E+10,6,TRUE,1,1,4,1.080,50,2.84E+11
9999,43,Area3,TRUE,"Enemy1,Enemy4,Enemy7",0,1620,2267,384,443,20,9,5,6,4.17E+10,7,TRUE,1,1,4,1.080,10,2.92E+11
9999,44,Area4,TRUE,"Enemy2,Enemy3,Enemy7",0,1622,2271,385,444,20,9,5,6,5.00E+10,6,TRUE,1,1,4,1.080,15,3.00E+11
9999,45,Area1,TRUE,"Enemy1,Enemy5,Enemy6",0,1624,2275,385,445,20,9,5,6,5.14E+10,6,TRUE,1,1,4,1.080,20,3.08E+11
9999,46,Area2,TRUE,"Enemy3,Enemy6,Enemy7",0,1626,2279,386,446,20,9,5,6,6.34E+10,5,TRUE,1,1,4,1.080,25,3.17E+11
9999,47,Area3,TRUE,"Enemy2,Enemy4,Enemy8",0,1628,2283,387,447,20,9,5,6,8.15E+10,4,TRUE,1,1,4,1.080,20,3.26E+11
9999,48,Area4,TRUE,"Enemy2,Enemy6,Enemy7",0,1630,2287,388,448,20,9,5,6,8.38E+10,4,TRUE,1,1,4,1.080,50,3.35E+11
9999,49,Area1,TRUE,"Enemy1,Enemy2,Enemy4",0,1632,2291,388,449,20,9,5,6,4.31E+10,8,TRUE,1,1,4,1.080,10,3.45E+11
9999,50,Area2,TRUE,"Enemy2,Enemy3,Enemy4",0,1634,2295,389,450,20,9,5,6,5.90E+10,6,TRUE,1,1,4,1.080,15,3.54E+11
9999,51,Area3,TRUE,"Enemy1,Enemy3,Enemy8",0,1636,2299,390,451,20,9,5,6,5.20E+10,7,TRUE,1,1,4,1.080,20,3.64E+11
9999,52,Area4,TRUE,"Enemy4,Enemy6,Enemy7",0,1638,2303,391,452,20,9,5,6,9.35E+10,4,TRUE,1,1,4,1.080,25,3.74E+11
9999,53,Area1,TRUE,"Enemy6,Enemy7,Enemy8",0,1640,2307,391,453,20,9,5,6,9.61E+10,4,TRUE,1,1,4,1.080,20,3.84E+11
9999,54,Area2,TRUE,"Enemy1,Enemy2,Enemy7",0,1642,2311,392,454,20,9,5,6,7.90E+10,5,TRUE,1,1,4,1.080,50,3.95E+11
9999,55,Area3,TRUE,"Enemy2,Enemy7,Enemy8",0,1644,2315,393,455,20,9,5,6,6.76E+10,6,TRUE,1,1,4,1.080,10,4.06E+11
9999,56,Area4,TRUE,"Enemy1,Enemy2,Enemy5",0,1646,2319,394,456,20,9,5,6,5.95E+10,7,TRUE,1,1,4,1.080,15,4.17E+11
9999,57,Area1,TRUE,"Enemy2,Enemy3,Enemy6",0,1648,2323,394,457,20,9,5,6,7.13E+10,6,TRUE,1,1,4,1.080,20,4.28E+11
9999,58,Area2,TRUE,"Enemy5,Enemy7,Enemy8",0,1650,2327,395,458,20,9,5,6,5.49E+10,8,TRUE,1,1,4,1.080,25,4.39E+11
9999,59,Area3,TRUE,"Enemy2,Enemy5,Enemy8",0,1652,2331,396,459,20,9,5,6,9.03E+10,5,TRUE,1,1,4,1.080,20,4.51E+11
9999,60,Area4,TRUE,"Enemy5,Enemy6,Enemy7",0,1654,2335,397,460,20,9,5,6,7.72E+10,6,TRUE,1,1,4,1.080,50,4.63E+11
9999,61,Area1,TRUE,"Enemy1,Enemy3,Enemy4",0,1656,2339,397,461,20,9,5,6,7.93E+10,6,TRUE,1,1,4,1.080,10,4.76E+11
9999,62,Area2,TRUE,"Enemy2,Enemy3,Enemy8",0,1658,2343,398,462,20,9,5,6,6.98E+10,7,TRUE,1,1,4,1.080,15,4.88E+11
9999,63,Area3,TRUE,"Enemy3,Enemy4,Enemy5",0,1660,2347,399,463,20,9,5,6,8.36E+10,6,TRUE,1,1,4,1.080,20,5.01E+11
9999,64,Area4,TRUE,"Enemy1,Enemy5,Enemy8",0,1662,2351,400,464,20,9,5,6,1.03E+11,5,TRUE,1,1,4,1.080,25,5.15E+11
9999,65,Area1,TRUE,"Enemy3,Enemy6,Enemy8",0,1664,2355,400,465,20,9,5,6,1.06E+11,5,TRUE,1,1,4,1.080,20,5.28E+11
9999,66,Area2,TRUE,"Enemy4,Enemy6,Enemy5",0,1666,2359,401,466,20,9,5,6,7.74E+10,7,TRUE,1,1,4,1.080,50,5.42E+11
9999,67,Area3,TRUE,"Enemy2,Enemy3,Enemy8",0,1668,2363,402,467,20,9,5,6,9.27E+10,6,TRUE,1,1,4,1.080,10,5.56E+11
9999,68,Area4,TRUE,"Enemy4,Enemy5,Enemy6",0,1670,2367,403,468,20,9,5,6,7.13E+10,8,TRUE,1,1,4,1.080,15,5.71E+11
9999,69,Area1,TRUE,"Enemy3,Enemy4,Enemy8",0,1672,2371,403,469,20,9,5,6,8.36E+10,7,TRUE,1,1,4,1.080,20,5.85E+11
9999,70,Area2,TRUE,"Enemy1,Enemy2,Enemy8",0,1674,2375,404,470,20,9,5,6,1.00E+11,6,TRUE,1,1,4,1.080,25,6.00E+11
9999,71,Area3,TRUE,"Enemy4,Enemy5,Enemy8",0,1676,2379,405,471,20,9,5,6,1.23E+11,5,TRUE,1,1,4,1.080,20,6.16E+11
9999,72,Area4,TRUE,"Enemy1,Enemy7,Enemy8",0,1678,2383,406,472,20,9,5,6,1.05E+11,6,TRUE,1,1,4,1.080,50,6.32E+11
9999,73,Area1,TRUE,"Enemy5,Enemy6,Enemy7",0,1680,2387,406,473,20,9,5,6,1.62E+11,4,TRUE,1,1,4,1.080,10,6.48E+11
9999,74,Area2,TRUE,"Enemy3,Enemy4,Enemy7",0,1682,2391,407,474,20,9,5,6,9.49E+10,7,TRUE,1,1,4,1.080,15,6.64E+11
9999,75,Area3,TRUE,"Enemy4,Enemy7,Enemy8",0,1684,2395,408,475,20,9,5,6,1.36E+11,5,TRUE,1,1,4,1.080,20,6.81E+11
9999,76,Area4,TRUE,"Enemy3,Enemy5,Enemy7",0,1686,2399,409,476,20,9,5,6,1.16E+11,6,TRUE,1,1,4,1.080,25,6.98E+11
9999,77,Area1,TRUE,"Enemy1,Enemy4,Enemy6",0,1688,2403,409,477,20,9,5,6,1.19E+11,6,TRUE,1,1,4,1.080,20,7.16E+11
9999,78,Area2,TRUE,"Enemy3,Enemy5,Enemy8",0,1690,2407,410,478,20,9,5,6,1.47E+11,5,TRUE,1,1,4,1.080,50,7.34E+11
9999,79,Area3,TRUE,"Enemy2,Enemy4,Enemy6",0,1692,2411,411,479,20,9,5,6,1.50E+11,5,TRUE,1,1,4,1.080,10,7.52E+11
9999,80,Area4,TRUE,"Enemy3,Enemy4,Enemy5",0,1694,2415,412,480,20,9,5,6,1.28E+11,6,TRUE,1,1,4,1.080,15,7.70E+11
9999,81,Area1,TRUE,"Enemy2,Enemy6,Enemy8",0,1696,2419,412,481,20,9,5,6,1.32E+11,6,TRUE,1,1,4,1.080,20,7.89E+11
9999,82,Area2,TRUE,"Enemy1,Enemy2,Enemy8",0,1698,2423,413,482,20,9,5,6,1.01E+11,8,TRUE,1,1,4,1.080,25,8.09E+11
9999,83,Area3,TRUE,"Enemy1,Enemy4,Enemy7",0,1700,2427,414,483,20,9,5,6,1.38E+11,6,TRUE,1,1,4,1.080,20,8.29E+11
9999,84,Area4,TRUE,"Enemy4,Enemy5,Enemy7",0,1702,2431,415,484,20,9,5,6,1.70E+11,5,TRUE,1,1,4,1.080,50,8.49E+11
9999,85,Area1,TRUE,"Enemy1,Enemy3,Enemy6",0,1704,2435,415,485,20,9,5,6,1.09E+11,8,TRUE,1,1,4,1.080,10,8.70E+11
9999,86,Area2,TRUE,"Enemy5,Enemy6,Enemy8",0,1706,2439,416,486,20,9,5,6,1.27E+11,7,TRUE,1,1,4,1.080,15,8.91E+11
9999,87,Area3,TRUE,"Enemy2,Enemy3,Enemy4",0,1708,2443,417,487,20,9,5,6,1.52E+11,6,TRUE,1,1,4,1.080,20,9.12E+11
9999,88,Area4,TRUE,"Enemy2,Enemy4,Enemy7",0,1710,2447,418,488,20,9,5,6,1.87E+11,5,TRUE,1,1,4,1.080,25,9.34E+11
9999,89,Area1,TRUE,"Enemy3,Enemy4,Enemy6",0,1712,2451,418,489,20,9,5,6,1.37E+11,7,TRUE,1,1,4,1.080,20,9.56E+11
9999,90,Area2,TRUE,"Enemy6,Enemy7,Enemy8",0,1714,2455,419,490,20,9,5,6,1.63E+11,6,TRUE,1,1,4,1.080,50,9.79E+11
9999,91,Area3,TRUE,"Enemy1,Enemy5,Enemy8",0,1716,2459,420,491,20,9,5,6,1.43E+11,7,TRUE,1,1,4,1.080,15,1.00E+12
9999,92,Area4,TRUE,"Enemy3,Enemy4,Enemy6",0,1718,2463,421,492,20,9,5,6,1.71E+11,6,TRUE,1,1,4,1.080,15,1.03E+12
9999,93,Area1,TRUE,"Enemy3,Enemy7,Enemy8",0,1720,2467,421,493,20,9,5,6,1.75E+11,6,TRUE,1,1,4,1.080,20,1.05E+12
9999,94,Area2,TRUE,"Enemy2,Enemy4,Enemy5",0,1722,2471,422,494,20,9,5,6,2.15E+11,5,TRUE,1,1,4,1.080,25,1.07E+12
9999,95,Area3,TRUE,"Enemy1,Enemy3,Enemy5",0,1724,2475,423,495,20,9,5,6,1.57E+11,7,TRUE,1,1,4,1.080,20,1.10E+12
9999,96,Area4,TRUE,"Enemy1,Enemy5,Enemy7",0,1726,2479,424,496,20,9,5,6,1.61E+11,7,TRUE,1,1,4,1.080,50,1.13E+12
9999,97,Area1,TRUE,"Enemy2,Enemy3,Enemy7",0,1728,2483,424,497,20,9,5,6,1.92E+11,6,TRUE,1,1,4,1.080,15,1.15E+12
9999,98,Area2,TRUE,"Enemy1,Enemy2,Enemy5",0,1730,2487,425,498,20,9,5,6,1.47E+11,8,TRUE,1,1,4,1.080,15,1.18E+12
9999,99,Area3,TRUE,"Enemy2,Enemy5,Enemy6",0,1732,2491,426,499,20,9,5,6,2.01E+11,6,TRUE,1,1,4,1.080,20,1.20E+12
9999,100,Area4,TRUE,"Enemy1,Enemy2,Enemy3",0,1734,2495,427,500,20,9,5,6,2.05E+11,6,TRUE,1,1,4,1.080,25,1.23E+12
9999,101,Area1,TRUE,"Enemy1,Enemy2,Enemy5",0,1736,2499,427,501,20,9,5,6,1.58E+11,8,TRUE,1,1,4,1.080,20,1.26E+12
9999,102,Area2,TRUE,"Enemy1,Enemy4,Enemy6",0,1738,2503,428,502,20,9,5,6,1.84E+11,7,TRUE,1,1,4,1.080,50,1.29E+12
9999,103,Area3,TRUE,"Enemy1,Enemy6,Enemy7",0,1740,2507,429,503,20,9,5,6,1.65E+11,8,TRUE,1,1,4,1.080,15,1.32E+12
9999,104,Area4,TRUE,"Enemy2,Enemy3,Enemy7",0,1742,2511,430,504,20,9,5,6,1.92E+11,7,TRUE,1,1,4,1.080,15,1.35E+12
9999,105,Area1,TRUE,"Enemy1,Enemy5,Enemy6",0,1744,2515,430,505,20,9,5,6,2.30E+11,6,TRUE,1,1,4,1.080,20,1.38E+12
9999,106,Area2,TRUE,"Enemy3,Enemy6,Enemy7",0,1746,2519,431,506,20,9,5,6,2.82E+11,5,TRUE,1,1,4,1.080,25,1.41E+12
9999,107,Area3,TRUE,"Enemy2,Enemy4,Enemy8",0,1748,2523,432,507,20,9,5,6,2.40E+11,6,TRUE,1,1,4,1.080,20,1.44E+12
9999,108,Area4,TRUE,"Enemy2,Enemy6,Enemy7",0,1750,2527,433,508,20,9,5,6,2.45E+11,6,TRUE,1,1,4,1.080,50,1.47E+12
9999,109,Area1,TRUE,"Enemy1,Enemy2,Enemy4",0,1752,2531,433,509,20,9,5,6,2.15E+11,7,TRUE,1,1,4,1.080,15,1.50E+12
9999,110,Area2,TRUE,"Enemy4,Enemy5,Enemy6",0,1754,2535,434,510,20,9,5,6,2.56E+11,6,TRUE,1,1,4,1.080,15,1.54E+12
9999,111,Area3,TRUE,"Enemy1,Enemy3,Enemy8",0,1756,2539,435,511,20,9,5,6,2.61E+11,6,TRUE,1,1,4,1.080,20,1.57E+12
9999,112,Area4,TRUE,"Enemy4,Enemy6,Enemy7",0,1758,2543,436,512,20,9,5,6,2.00E+11,8,TRUE,1,1,4,1.080,25,1.60E+12
9999,113,Area1,TRUE,"Enemy6,Enemy7,Enemy8",0,1760,2547,436,513,20,9,5,6,3.27E+11,5,TRUE,1,1,4,1.080,20,1.64E+12
9999,114,Area2,TRUE,"Enemy1,Enemy2,Enemy7",0,1762,2551,437,514,20,9,5,6,2.39E+11,7,TRUE,1,1,4,1.080,50,1.67E+12
9999,115,Area3,TRUE,"Enemy2,Enemy7,Enemy8",0,1764,2555,438,515,20,9,5,6,2.13E+11,8,TRUE,1,1,4,1.080,15,1.71E+12
9999,116,Area4,TRUE,"Enemy1,Enemy2,Enemy5",0,1766,2559,439,516,20,9,5,6,2.49E+11,7,TRUE,1,1,4,1.080,15,1.74E+12
9999,117,Area1,TRUE,"Enemy2,Enemy3,Enemy6",0,1768,2563,439,517,20,9,5,6,2.97E+11,6,TRUE,1,1,4,1.080,20,1.78E+12
9999,118,Area2,TRUE,"Enemy5,Enemy7,Enemy8",0,1770,2567,440,518,20,9,5,6,3.64E+11,5,TRUE,1,1,4,1.080,25,1.82E+12
9999,119,Area3,TRUE,"Enemy2,Enemy5,Enemy8",0,1772,2571,441,519,20,9,5,6,2.65E+11,7,TRUE,1,1,4,1.080,20,1.86E+12
9999,120,Area4,TRUE,"Enemy1,Enemy7,Enemy8",0,1774,2575,442,520,20,9,5,6,3.16E+11,6,TRUE,1,1,4,1.080,50,1.89E+12
9999,121,Area1,TRUE,"Enemy1,Enemy3,Enemy4",0,1776,2579,442,521,20,9,5,6,2.42E+11,8,TRUE,1,1,4,1.080,15,1.93E+12
9999,122,Area2,TRUE,"Enemy2,Enemy3,Enemy8",0,1778,2583,443,522,20,9,5,6,3.29E+11,6,TRUE,1,1,4,1.080,15,1.97E+12
9999,123,Area3,TRUE,"Enemy3,Enemy4,Enemy5",0,1780,2587,444,523,20,9,5,6,3.36E+11,6,TRUE,1,1,4,1.080,20,2.01E+12
9999,124,Area4,TRUE,"Enemy1,Enemy5,Enemy8",0,1782,2591,445,524,20,9,5,6,2.94E+11,7,TRUE,1,1,4,1.080,25,2.06E+12
9999,125,Area1,TRUE,"Enemy3,Enemy6,Enemy8",0,1784,2595,445,525,20,9,5,6,3.00E+11,7,TRUE,1,1,4,1.080,20,2.10E+12
9999,126,Area2,TRUE,"Enemy4,Enemy6,Enemy5",0,1786,2599,446,526,20,9,5,6,4.28E+11,5,TRUE,1,1,4,1.080,50,2.14E+12
9999,127,Area3,TRUE,"Enemy2,Enemy3,Enemy8",0,1788,2603,447,527,20,9,5,6,3.64E+11,6,TRUE,1,1,4,1.080,15,2.18E+12
9999,128,Area4,TRUE,"Enemy4,Enemy5,Enemy6",0,1790,2607,448,528,20,9,5,6,3.18E+11,7,TRUE,1,1,4,1.080,15,2.23E+12
9999,129,Area1,TRUE,"Enemy3,Enemy4,Enemy8",0,1792,2611,448,529,20,9,5,6,3.78E+11,6,TRUE,1,1,4,1.080,20,2.27E+12
9999,130,Area2,TRUE,"Enemy2,Enemy3,Enemy4",0,1794,2615,449,530,20,9,5,6,3.86E+11,6,TRUE,1,1,4,1.080,25,2.32E+12
9999,131,Area3,TRUE,"Enemy4,Enemy5,Enemy8",0,1796,2619,450,531,20,9,5,6,3.37E+11,7,TRUE,1,1,4,1.080,20,2.36E+12
9999,132,Area4,TRUE,"Enemy1,Enemy7,Enemy8",0,1798,2623,451,532,20,9,5,6,3.01E+11,8,TRUE,1,1,4,1.080,50,2.41E+12
9999,133,Area1,TRUE,"Enemy5,Enemy6,Enemy7",0,1800,2627,451,533,20,9,5,6,3.51E+11,7,TRUE,1,1,4,1.080,15,2.45E+12
9999,134,Area2,TRUE,"Enemy3,Enemy4,Enemy7",0,1802,2631,452,534,20,9,5,6,3.57E+11,7,TRUE,1,1,4,1.080,15,2.50E+12
9999,135,Area3,TRUE,"Enemy4,Enemy7,Enemy8",0,1804,2635,453,535,20,9,5,6,4.25E+11,6,TRUE,1,1,4,1.080,20,2.55E+12
9999,136,Area4,TRUE,"Enemy3,Enemy5,Enemy7",0,1806,2639,454,536,20,9,5,6,3.25E+11,8,TRUE,1,1,4,1.080,25,2.60E+12
9999,137,Area1,TRUE,"Enemy1,Enemy4,Enemy6",0,1808,2643,454,537,20,9,5,6,3.31E+11,8,TRUE,1,1,4,1.080,20,2.65E+12
9999,138,Area2,TRUE,"Enemy3,Enemy5,Enemy8",0,1810,2647,455,538,20,9,5,6,4.50E+11,6,TRUE,1,1,4,1.080,50,2.70E+12
9999,139,Area3,TRUE,"Enemy2,Enemy4,Enemy6",0,1812,2651,456,539,20,9,5,6,5.50E+11,5,TRUE,1,1,4,1.080,15,2.75E+12
9999,140,Area4,TRUE,"Enemy5,Enemy6,Enemy7",0,1814,2655,457,540,20,9,5,6,4.67E+11,6,TRUE,1,1,4,1.080,15,2.80E+12
9999,141,Area1,TRUE,"Enemy1,Enemy5,Enemy8",0,1816,2659,457,541,20,9,5,6,4.08E+11,7,TRUE,1,1,4,1.080,20,2.85E+12
9999,142,Area2,TRUE,"Enemy3,Enemy4,Enemy6",0,1818,2663,458,542,20,9,5,6,4.84E+11,6,TRUE,1,1,4,1.080,25,2.91E+12
9999,143,Area3,TRUE,"Enemy3,Enemy7,Enemy8",0,1820,2667,459,543,20,9,5,6,4.93E+11,6,TRUE,1,1,4,1.080,20,2.96E+12
9999,144,Area4,TRUE,"Enemy2,Enemy4,Enemy5",0,1822,2671,460,544,20,9,5,6,6.03E+11,5,TRUE,1,1,4,1.080,50,3.02E+12
9999,145,Area1,TRUE,"Enemy1,Enemy3,Enemy5",0,1824,2675,460,545,20,9,5,6,4.39E+11,7,TRUE,1,1,4,1.080,15,3.07E+12
9999,146,Area2,TRUE,"Enemy1,Enemy5,Enemy7",0,1826,2679,461,546,20,9,5,6,4.47E+11,7,TRUE,1,1,4,1.080,15,3.13E+12
9999,147,Area3,TRUE,"Enemy2,Enemy3,Enemy7",0,1828,2683,462,547,20,9,5,6,5.30E+11,6,TRUE,1,1,4,1.080,20,3.18E+12
9999,148,Area4,TRUE,"Enemy1,Enemy2,Enemy5",0,1830,2687,463,548,20,9,5,6,4.05E+11,8,TRUE,1,1,4,1.080,25,3.24E+12
9999,149,Area1,TRUE,"Enemy2,Enemy5,Enemy6",0,1832,2691,463,549,20,9,5,6,5.50E+11,6,TRUE,1,1,4,1.080,20,3.30E+12
9999,150,Area2,TRUE,"Enemy1,Enemy2,Enemy3",0,1834,2695,464,550,20,9,5,6,5.59E+11,6,TRUE,1,1,4,1.080,50,3.36E+12
9999,151,Area3,TRUE,"Enemy1,Enemy2,Enemy5",0,1836,2699,465,551,20,9,5,6,4.27E+11,8,TRUE,1,1,4,1.080,15,3.42E+12
9999,152,Area4,TRUE,"Enemy1,Enemy4,Enemy6",0,1838,2703,466,552,20,9,5,6,4.97E+11,7,TRUE,1,1,4,1.080,15,3.48E+12
9999,153,Area1,TRUE,"Enemy1,Enemy6,Enemy7",0,1840,2707,466,553,20,9,5,6,4.42E+11,8,TRUE,1,1,4,1.080,20,3.54E+12
9999,154,Area2,TRUE,"Enemy2,Enemy3,Enemy7",0,1842,2711,467,554,20,9,5,6,5.14E+11,7,TRUE,1,1,4,1.080,25,3.60E+12
9999,155,Area3,TRUE,"Enemy1,Enemy5,Enemy6",0,1844,2715,468,555,20,9,5,6,6.10E+11,6,TRUE,1,1,4,1.080,20,3.66E+12
9999,156,Area4,TRUE,"Enemy3,Enemy6,Enemy7",0,1846,2719,469,556,20,9,5,6,7.45E+11,5,TRUE,1,1,4,1.080,50,3.72E+12
9999,157,Area1,TRUE,"Enemy2,Enemy4,Enemy8",0,1848,2723,469,557,20,9,5,6,6.31E+11,6,TRUE,1,1,4,1.080,15,3.79E+12
9999,158,Area2,TRUE,"Enemy2,Enemy6,Enemy7",0,1850,2727,470,558,20,9,5,6,6.42E+11,6,TRUE,1,1,4,1.080,15,3.85E+12
9999,159,Area3,TRUE,"Enemy1,Enemy2,Enemy4",0,1852,2731,471,559,20,9,5,6,5.60E+11,7,TRUE,1,1,4,1.080,20,3.92E+12
9999,160,Area4,TRUE,"Enemy4,Enemy5,Enemy6",0,1854,2735,472,560,20,9,5,6,6.64E+11,6,TRUE,1,1,4,1.080,25,3.98E+12
9999,161,Area1,TRUE,"Enemy1,Enemy3,Enemy8",0,1856,2739,472,561,20,9,5,6,6.75E+11,6,TRUE,1,1,4,1.080,20,4.05E+12
9999,162,Area2,TRUE,"Enemy4,Enemy6,Enemy7",0,1858,2743,473,562,20,9,5,6,5.15E+11,8,TRUE,1,1,4,1.080,50,4.12E+12
9999,163,Area3,TRUE,"Enemy6,Enemy7,Enemy8",0,1860,2747,474,563,20,9,5,6,8.37E+11,5,TRUE,1,1,4,1.080,15,4.18E+12
9999,164,Area4,TRUE,"Enemy1,Enemy2,Enemy7",0,1862,2751,475,564,20,9,5,6,6.08E+11,7,TRUE,1,1,4,1.080,15,4.25E+12
9999,165,Area1,TRUE,"Enemy2,Enemy7,Enemy8",0,1864,2755,475,565,20,9,5,6,5.40E+11,8,TRUE,1,1,4,1.080,20,4.32E+12
9999,166,Area2,TRUE,"Enemy1,Enemy2,Enemy5",0,1866,2759,476,566,20,9,5,6,6.28E+11,7,TRUE,1,1,4,1.080,25,4.39E+12
9999,167,Area3,TRUE,"Enemy2,Enemy3,Enemy6",0,1868,2763,477,567,20,9,5,6,7.44E+11,6,TRUE,1,1,4,1.080,20,4.46E+12
9999,168,Area4,TRUE,"Enemy5,Enemy7,Enemy8",0,1870,2767,478,568,20,9,5,6,9.07E+11,5,TRUE,1,1,4,1.080,50,4.53E+12
9999,169,Area1,TRUE,"Enemy2,Enemy5,Enemy8",0,1872,2771,478,569,20,9,5,6,6.58E+11,7,TRUE,1,1,4,1.080,15,4.61E+12
9999,170,Area2,TRUE,"Enemy1,Enemy7,Enemy8",0,1874,2775,479,570,20,9,5,6,7.80E+11,6,TRUE,1,1,4,1.080,15,4.68E+12
9999,171,Area3,TRUE,"Enemy1,Enemy3,Enemy4",0,1876,2779,480,571,20,9,5,6,5.94E+11,8,TRUE,1,1,4,1.080,20,4.75E+12
9999,172,Area4,TRUE,"Enemy2,Enemy3,Enemy8",0,1878,2783,481,572,20,9,5,6,8.05E+11,6,TRUE,1,1,4,1.080,25,4.83E+12
9999,173,Area1,TRUE,"Enemy3,Enemy4,Enemy5",0,1880,2787,481,573,20,9,5,6,8.17E+11,6,TRUE,1,1,4,1.080,20,4.90E+12
9999,174,Area2,TRUE,"Enemy1,Enemy5,Enemy8",0,1882,2791,482,574,20,9,5,6,7.11E+11,7,TRUE,1,1,4,1.080,50,4.98E+12
9999,175,Area3,TRUE,"Enemy3,Enemy6,Enemy8",0,1884,2795,483,575,20,9,5,6,7.22E+11,7,TRUE,1,1,4,1.080,15,5.05E+12
9999,176,Area4,TRUE,"Enemy4,Enemy6,Enemy5",0,1886,2799,484,576,20,9,5,6,1.03E+12,5,TRUE,1,1,4,1.080,15,5.13E+12
9999,177,Area1,TRUE,"Enemy2,Enemy3,Enemy8",0,1888,2803,484,577,20,9,5,6,8.68E+11,6,TRUE,1,1,4,1.080,20,5.21E+12
9999,178,Area2,TRUE,"Enemy4,Enemy5,Enemy6",0,1890,2807,485,578,20,9,5,6,7.55E+11,7,TRUE,1,1,4,1.080,25,5.29E+12
9999,179,Area3,TRUE,"Enemy3,Enemy4,Enemy8",0,1892,2811,486,579,20,9,5,6,8.94E+11,6,TRUE,1,1,4,1.080,20,5.36E+12
9999,180,Area4,TRUE,"Enemy2,Enemy3,Enemy4",0,1894,2815,487,580,20,9,5,6,9.07E+11,6,TRUE,1,1,4,1.080,50,5.44E+12
9999,181,Area1,TRUE,"Enemy4,Enemy5,Enemy8",0,1896,2819,487,581,20,9,5,6,7.89E+11,7,TRUE,1,1,4,1.080,15,5.52E+12
9999,182,Area2,TRUE,"Enemy1,Enemy7,Enemy8",0,1898,2823,488,582,20,9,5,6,7.01E+11,8,TRUE,1,1,4,1.080,15,5.60E+12
9999,183,Area3,TRUE,"Enemy5,Enemy6,Enemy7",0,1900,2827,489,583,20,9,5,6,8.12E+11,7,TRUE,1,1,4,1.080,20,5.69E+12
9999,184,Area4,TRUE,"Enemy3,Enemy4,Enemy7",0,1902,2831,490,584,20,9,5,6,8.24E+11,7,TRUE,1,1,4,1.080,25,5.77E+12
9999,185,Area1,TRUE,"Enemy4,Enemy7,Enemy8",0,1904,2835,490,585,20,9,5,6,9.75E+11,6,TRUE,1,1,4,1.080,20,5.85E+12
9999,186,Area2,TRUE,"Enemy3,Enemy5,Enemy7",0,1906,2839,491,586,20,9,5,6,7.42E+11,8,TRUE,1,1,4,1.080,50,5.93E+12
9999,187,Area3,TRUE,"Enemy1,Enemy4,Enemy6",0,1908,2843,492,587,20,9,5,6,7.52E+11,8,TRUE,1,1,4,1.080,15,6.02E+12
9999,188,Area4,TRUE,"Enemy3,Enemy5,Enemy8",0,1910,2847,493,588,20,9,5,6,1.02E+12,6,TRUE,1,1,4,1.080,15,6.10E+12
9999,189,Area1,TRUE,"Enemy2,Enemy4,Enemy6",0,1912,2851,493,589,20,9,5,6,1.24E+12,5,TRUE,1,1,4,1.080,20,6.19E+12
9999,190,Area2,TRUE,"Enemy5,Enemy6,Enemy7",0,1914,2855,494,590,20,9,5,6,1.05E+12,6,TRUE,1,1,4,1.080,25,6.27E+12