TalentID,Class,Branch,Slot,SPReq,TalentReq,TierNum,Tier,Name,Note,MaxLevel,S0,S1,S2,S3,S4,S5,S6,S7,S8,S9,S10,S11,S12,S13,S14,S15,S16,S17,S18,S19,S20,S21,S22,S23,S24,S25,S26,S27,S28,S29,S30,S31,S32,S33,S34,S35,S36,S37,S38,S39,S40,S41,S42,S43,S44,S45,S46,S47,S48,S49,S50,S51,S52,S53,S54,S55,S56,S57,S58,S59,S60,S61,S62,S63,S64,S65,Co0,Co1,Co2,Co3,Co4,Co5,Co6,Co7,Co8,Co9,Co10,Co11,Co12,Co13,Co14,Co15,Co16,Co17,Co18,Co19,Co20,Co21,Co22,Co23,Co24,Co25,Co26,Co27,Co28,Co29,Co30,Co31,Co32,Co33,Co34,Co35,Co36,Co37,Co38,Co39,Co40,Co41,Co42,Co43,Co44,Co45,Co46,Co47,Co48,Co49,Co50,Co51,Co52,Co53,Co54,Co55,Co56,Co57,Co58,Co59,Co60,Co61,Co62,Co63,Co64,Co65,BonusTypeA,A0,A1,A2,A3,A4,A5,A6,A7,A8,A9,A10,A11,A12,A13,A14,A15,A16,A17,A18,A19,A20,A21,A22,A23,A24,A25,A26,A27,A28,A29,A30,A31,A32,A33,A34,A35,A36,A37,A38,A39,A40,A41,A42,A43,A44,A45,A46,A47,A48,A49,A50,A51,A52,A53,A54,A55,A56,A57,A58,A59,A60,A61,A62,A63,A64,A65,BonusTypeB,B0,B1,B2,B3,B4,B5,B6,B7,B8,B9,B10,B11,B12,B13,B14,B15,B16,B17,B18,B19,B20,B21,B22,B23,B24,B25,B26,B27,B28,B29,B30,B31,B32,B33,B34,B35,B36,B37,B38,B39,B40,B41,B42,B43,B44,B45,B46,B47,B48,B49,B50,B51,B52,B53,B54,B55,B56,B57,B58,B59,B60,B61,B62,B63,B64,B65,BonusTypeC,C0,C1,C2,C3,C4,C5,C6,C7,C8,C9,C10,C11,C12,C13,C14,C15,C16,C17,C18,C19,C20,C21,C22,C23,C24,C25,C26,C27,C28,C29,C30,C31,C32,C33,C34,C35,C36,C37,C38,C39,C40,C41,C42,C43,C44,C45,C46,C47,C48,C49,C50,C51,C52,C53,C54,C55,C56,C57,C58,C59,C60,C61,C62,C63,C64,C65,BonusTypeD,BonusAmountD
TapDmg,Knight,BranchRed,0,0,None,1,I,Knight's Valor,Increased tap damage,60,0,0,0,0,0,0,0,0,0,0,0,0,0,0,0,0,0,0,0,0,0,0,0,0,0,0,0,0,0,0,0,0,0,0,0,0,0,0,0,0,0,0,0,0,0,0,0,0,0,0,0,0,0,0,0,0,0,0,0,0,-,-,-,-,-,-,1,2,3,5,6,7,8,9,10,11,12,13,14,15,16,17,18,19,20,21,22,23,24,25,26,27,28,29,30,41,56,62,69,76,85,90,96,103,111,120,130,141,153,166,180,195,215,237,261,288,317,349,384,423,466,513,565,622,685,754,-,-,-,-,-,-,TapDamage,0.00E+00,1.20E+00,1.79E+00,3.20E+00,8.31E+00,2.55E+01,9.14E+01,3.81E+02,1.83E+03,1.00E+04,6.20E+04,4.31E+05,3.34E+06,2.85E+07,2.66E+08,2.69E+09,2.93E+10,3.39E+11,4.14E+12,5.29E+13,7.01E+14,9.53E+15,1.32E+17,1.84E+18,2.56E+19,3.53E+20,4.76E+21,6.24E+22,7.86E+23,9.43E+24,2.33E+26,1.44E+28,1.05E+30,8.91E+31,8.38E+33,9.06E+35,8.46E+37,6.80E+39,4.62E+41,2.56E+43,1.11E+45,3.52E+46,7.57E+47,2.11E+49,7.83E+50,3.94E+52,2.74E+54,2.95E+56,5.13E+58,1.50E+61,7.91E+63,7.84E+66,1.56E+70,6.64E+73,6.60E+77,1.67E+82,1.18E+87,2.58E+92,1.95E+98,5.81E+104,7.76E+111,-,-,-,-,-,None,-,-,-,-,-,-,-,-,-,-,-,-,-,-,-,-,-,-,-,-,-,-,-,-,-,-,-,-,-,-,-,-,-,-,-,-,-,-,-,-,-,-,-,-,-,-,-,-,-,-,-,-,-,-,-,-,-,-,-,-,-,-,-,-,-,-,None,-,-,-,-,-,-,-,-,-,-,-,-,-,-,-,-,-,-,-,-,-,-,-,-,-,-,-,-,-,-,-,-,-,-,-,-,-,-,-,-,-,-,-,-,-,-,-,-,-,-,-,-,-,-,-,-,-,-,-,-,-,-,-,-,-,-,None,0
TapDmgFromHelpers,Knight,BranchRed,1,3,TapDmg,2,II,Chivalric Order,Increased tap damage from heroes,50,250,250,250,250,250,250,250,250,250,250,250,250,250,250,250,250,250,250,250,250,250,250,250,250,250,250,250,250,250,250,250,250,250,250,250,250,250,250,250,250,250,250,250,250,250,250,250,250,250,250,-,-,-,-,-,-,-,-,-,-,-,-,-,-,-,-,1,3,4,5,6,7,8,9,10,11,12,13,14,15,16,17,18,19,20,21,22,24,31,34,38,42,47,52,58,64,69,75,82,90,99,109,120,132,145,159,174,203,237,277,323,377,440,514,600,700,-,-,-,-,-,-,-,-,-,-,-,-,-,-,-,-,TapDamageFromHelpersMult,0.00E+00,1.20E+00,2.18E+00,4.74E+00,1.22E+01,3.72E+01,1.31E+02,5.37E+02,2.51E+03,1.33E+04,7.86E+04,5.18E+05,3.75E+06,2.96E+07,2.52E+08,2.29E+09,2.20E+10,2.22E+11,2.31E+12,2.47E+13,2.68E+14,2.92E+15,3.50E+16,7.43E+17,1.79E+19,5.15E+20,1.71E+22,6.76E+23,3.03E+25,1.56E+27,8.65E+28,4.58E+30,2.31E+32,1.09E+34,4.67E+35,1.71E+37,5.03E+38,1.09E+40,1.93E+41,4.52E+42,1.44E+44,6.34E+45,5.26E+47,9.13E+49,3.79E+52,4.28E+55,1.56E+59,2.25E+63,1.62E+68,7.60E+73,3.14E+80,-,-,-,-,-,-,-,-,-,-,-,-,-,-,-,None,-,-,-,-,-,-,-,-,-,-,-,-,-,-,-,-,-,-,-,-,-,-,-,-,-,-,-,-,-,-,-,-,-,-,-,-,-,-,-,-,-,-,-,-,-,-,-,-,-,-,-,-,-,-,-,-,-,-,-,-,-,-,-,-,-,-,None,-,-,-,-,-,-,-,-,-,-,-,-,-,-,-,-,-,-,-,-,-,-,-,-,-,-,-,-,-,-,-,-,-,-,-,-,-,-,-,-,-,-,-,-,-,-,-,-,-,-,-,-,-,-,-,-,-,-,-,-,-,-,-,-,-,-,None,0
BurstSkillBoost,Knight,BranchRed,2,3,TapDmg,2,II,Angelic Radiance,Increased damage and titan skip,50,250,250,250,250,250,250,250,250,250,250,250,250,250,250,250,250,250,250,250,250,250,250,250,250,250,250,250,250,250,250,250,250,250,250,250,250,250,250,250,250,250,250,250,250,250,250,250,250,250,250,-,-,-,-,-,-,-,-,-,-,-,-,-,-,-,-,1,3,4,5,6,7,8,9,10,11,12,13,14,15,16,17,18,19,20,21,22,24,31,34,38,42,47,52,58,64,69,75,82,90,99,109,120,132,145,159,174,203,237,277,323,377,440,514,600,700,-,-,-,-,-,-,-,-,-,-,-,-,-,-,-,-,BurstDamageSkillAmount,0.00E+00,2.00E+00,3.63E+00,7.90E+00,2.04E+01,6.19E+01,2.19E+02,8.95E+02,4.18E+03,2.21E+04,1.31E+05,8.63E+05,6.25E+06,4.93E+07,4.20E+08,3.82E+09,3.67E+10,3.69E+11,3.85E+12,4.11E+13,4.46E+14,4.86E+15,5.84E+16,1.24E+18,2.98E+19,8.59E+20,2.85E+22,1.13E+24,5.05E+25,2.60E+27,1.44E+29,7.64E+30,3.86E+32,1.82E+34,7.78E+35,2.85E+37,8.38E+38,1.81E+40,3.21E+41,7.53E+42,2.40E+44,1.06E+46,8.76E+47,1.52E+50,6.31E+52,7.13E+55,2.61E+59,3.75E+63,2.70E+68,1.27E+74,5.23E+80,-,-,-,-,-,-,-,-,-,-,-,-,-,-,-,BurstSkillTitanSkip,0,3,6,9,12,15,18,21,24,27,30,33,36,39,42,45,48,50,52,54,56,58,60,62,64,65,66,67,68,69,70,71,72,73,74,75,75,75,75,75,75,75,75,75,75,75,75,75,75,75,75,-,-,-,-,-,-,-,-,-,-,-,-,-,-,-,None,-,-,-,-,-,-,-,-,-,-,-,-,-,-,-,-,-,-,-,-,-,-,-,-,-,-,-,-,-,-,-,-,-,-,-,-,-,-,-,-,-,-,-,-,-,-,-,-,-,-,-,-,-,-,-,-,-,-,-,-,-,-,-,-,-,-,None,0
FairyGold,Knight,BranchRed,3,3,TapDmg,2,II,Will of Midas,Increased fairy gold,50,250,250,250,250,250,250,250,250,250,250,250,250,250,250,250,250,250,250,250,250,250,250,250,250,250,250,250,250,250,250,250,250,250,250,250,250,250,250,250,250,250,250,250,250,250,250,250,250,250,250,-,-,-,-,-,-,-,-,-,-,-,-,-,-,-,-,1,3,4,5,6,7,8,9,10,11,12,13,14,15,16,17,18,19,20,21,22,24,31,34,38,42,47,52,58,64,69,75,82,90,99,109,120,132,145,159,174,203,237,277,323,377,440,514,600,700,-,-,-,-,-,-,-,-,-,-,-,-,-,-,-,-,FairyGold,0.00E+00,1.60E+00,3.75E+00,1.14E+01,4.42E+01,2.16E+02,1.31E+03,9.79E+03,8.85E+04,9.55E+05,1.21E+07,1.79E+08,3.04E+09,5.81E+10,1.24E+12,2.90E+13,7.36E+14,1.99E+16,5.66E+17,1.67E+19,5.03E+20,1.53E+22,5.32E+23,4.18E+25,3.93E+27,4.78E+29,7.11E+31,1.36E+34,3.11E+36,8.67E+38,2.69E+41,7.81E+43,2.12E+46,5.22E+48,1.11E+51,1.91E+53,2.39E+55,1.94E+57,1.17E+59,1.06E+61,1.49E+63,3.33E+65,1.83E+68,2.90E+71,1.60E+75,3.66E+79,4.51E+84,3.93E+90,3.42E+97,4.31E+105,1.22E+115,-,-,-,-,-,-,-,-,-,-,-,-,-,-,-,None,-,-,-,-,-,-,-,-,-,-,-,-,-,-,-,-,-,-,-,-,-,-,-,-,-,-,-,-,-,-,-,-,-,-,-,-,-,-,-,-,-,-,-,-,-,-,-,-,-,-,-,-,-,-,-,-,-,-,-,-,-,-,-,-,-,-,None,-,-,-,-,-,-,-,-,-,-,-,-,-,-,-,-,-,-,-,-,-,-,-,-,-,-,-,-,-,-,-,-,-,-,-,-,-,-,-,-,-,-,-,-,-,-,-,-,-,-,-,-,-,-,-,-,-,-,-,-,-,-,-,-,-,-,None,0
HeavyStrikes,Knight,BranchRed,4,20,TapDmgFromHelpers,3,III,Cleaving Strike,Increased max critical damage,50,500,500,500,500,500,500,500,500,500,500,500,500,500,500,500,500,500,500,500,500,500,500,500,500,500,500,500,500,500,500,500,500,500,500,500,500,500,500,500,500,500,500,500,500,500,500,500,500,500,500,-,-,-,-,-,-,-,-,-,-,-,-,-,-,-,-,1,3,4,5,6,7,8,9,10,11,12,13,14,15,16,17,18,19,20,21,22,24,31,34,38,42,47,52,58,64,69,75,82,90,99,109,120,132,145,159,174,215,265,327,403,497,613,756,932,1149,-,-,-,-,-,-,-,-,-,-,-,-,-,-,-,-,CritDamage,0.00E+00,1.40E+00,2.54E+00,5.54E+00,1.43E+01,4.38E+01,1.56E+02,6.47E+02,3.08E+03,1.67E+04,1.02E+05,6.95E+05,5.26E+06,4.38E+07,3.97E+08,3.87E+09,4.04E+10,4.47E+11,5.18E+12,6.23E+13,7.72E+14,9.75E+15,1.39E+17,3.72E+18,1.17E+20,4.63E+21,2.21E+23,1.34E+25,9.87E+26,9.04E+28,9.74E+30,1.09E+33,1.27E+35,1.56E+37,1.98E+39,2.50E+41,3.02E+43,3.28E+45,2.95E+47,2.00E+49,9.22E+50,4.07E+52,4.38E+54,1.40E+57,1.72E+60,1.11E+64,5.52E+68,3.43E+74,4.79E+81,3.08E+90,2.23E+101,-,-,-,-,-,-,-,-,-,-,-,-,-,-,-,CritChance,0,0.01,0.02,0.03,0.04,0.05,0.06,0.07,0.08,0.09,0.10,0.11,0.12,0.13,0.14,0.15,0.16,0.17,0.18,0.19,0.20,0.21,0.22,0.23,0.24,0.25,0.26,0.27,0.28,0.29,0.30,0.3,0.3,0.3,0.3,0.3,0.3,0.3,0.3,0.3,0.3,0.3,0.3,0.3,0.3,0.3,0.3,0.3,0.3,0.3,0.3,-,-,-,-,-,-,-,-,-,-,-,-,-,-,-,None,-,-,-,-,-,-,-,-,-,-,-,-,-,-,-,-,-,-,-,-,-,-,-,-,-,-,-,-,-,-,-,-,-,-,-,-,-,-,-,-,-,-,-,-,-,-,-,-,-,-,-,-,-,-,-,-,-,-,-,-,-,-,-,-,-,-,None,0
BurstSkillMana,Knight,BranchRed,5,20,BurstSkillBoost,3,III,Rejuvenation,Heavenly Strike mana decrease and titan skip,9,500,500,500,500,500,500,500,500,500,-,-,-,-,-,-,-,-,-,-,-,-,-,-,-,-,-,-,-,-,-,-,-,-,-,-,-,-,-,-,-,-,-,-,-,-,-,-,-,-,-,-,-,-,-,-,-,-,-,-,-,-,-,-,-,-,-,1,2,3,4,4,5,6,7,8,-,-,-,-,-,-,-,-,-,-,-,-,-,-,-,-,-,-,-,-,-,-,-,-,-,-,-,-,-,-,-,-,-,-,-,-,-,-,-,-,-,-,-,-,-,-,-,-,-,-,-,-,-,-,-,-,-,BurstDamageSkillManaMult,1.00E+00,9.40E-01,9.00E-01,9.00E-01,8.70E-01,8.50E-01,8.20E-01,8.00E-01,7.70E-01,7.50E-01,-,-,-,-,-,-,-,-,-,-,-,-,-,-,-,-,-,-,-,-,-,-,-,-,-,-,-,-,-,-,-,-,-,-,-,-,-,-,-,-,-,-,-,-,-,-,-,-,-,-,-,-,-,-,-,-,BurstSkillStageSkip,0,7,14,21,27,33,39,45,51,57,-,-,-,-,-,-,-,-,-,-,-,-,-,-,-,-,-,-,-,-,-,-,-,-,-,-,-,-,-,-,-,-,-,-,-,-,-,-,-,-,-,-,-,-,-,-,-,-,-,-,-,-,-,-,-,-,None,-,-,-,-,-,-,-,-,-,-,-,-,-,-,-,-,-,-,-,-,-,-,-,-,-,-,-,-,-,-,-,-,-,-,-,-,-,-,-,-,-,-,-,-,-,-,-,-,-,-,-,-,-,-,-,-,-,-,-,-,-,-,-,-,-,-,None,0
FairyChance,Knight,BranchRed,6,20,FairyGold,3,III,Fairy Charm,Multi-fairy spawn bonus + lower fairy spawn cooldown,9,500,500,500,500,500,500,500,500,500,-,-,-,-,-,-,-,-,-,-,-,-,-,-,-,-,-,-,-,-,-,-,-,-,-,-,-,-,-,-,-,-,-,-,-,-,-,-,-,-,-,-,-,-,-,-,-,-,-,-,-,-,-,-,-,-,-,1,2,3,4,4,5,6,7,8,-,-,-,-,-,-,-,-,-,-,-,-,-,-,-,-,-,-,-,-,-,-,-,-,-,-,-,-,-,-,-,-,-,-,-,-,-,-,-,-,-,-,-,-,-,-,-,-,-,-,-,-,-,-,-,-,-,FairySpawnChance,0.00E+00,4.00E-02,1.00E-01,2.80E-01,5.50E-01,8.20E-01,1.17E+00,1.61E+00,2.14E+00,2.75E+00,-,-,-,-,-,-,-,-,-,-,-,-,-,-,-,-,-,-,-,-,-,-,-,-,-,-,-,-,-,-,-,-,-,-,-,-,-,-,-,-,-,-,-,-,-,-,-,-,-,-,-,-,-,-,-,-,FairyCooldown,0,3.6,6.4,12.6,19.7,26.0,33.4,41.5,50.4,60.0,-,-,-,-,-,-,-,-,-,-,-,-,-,-,-,-,-,-,-,-,-,-,-,-,-,-,-,-,-,-,-,-,-,-,-,-,-,-,-,-,-,-,-,-,-,-,-,-,-,-,-,-,-,-,-,-,None,-,-,-,-,-,-,-,-,-,-,-,-,-,-,-,-,-,-,-,-,-,-,-,-,-,-,-,-,-,-,-,-,-,-,-,-,-,-,-,-,-,-,-,-,-,-,-,-,-,-,-,-,-,-,-,-,-,-,-,-,-,-,-,-,-,-,None,0
Frenzy,Knight,BranchRed,7,50,HeavyStrikes,4,IV,Barbaric Fury,Bonus tap attacks per second / increased tap damage,30,6000,6000,6000,6000,6000,6000,6000,6000,6000,6000,6000,6000,6000,6000,6000,6000,6000,6000,6000,6000,6000,6000,6000,6000,6000,6000,6000,6000,6000,6000,-,-,-,-,-,-,-,-,-,-,-,-,-,-,-,-,-,-,-,-,-,-,-,-,-,-,-,-,-,-,-,-,-,-,-,-,3,6,9,14,18,22,26,30,34,38,42,45,49,52,54,57,60,63,65,68,89,116,151,196,255,331,430,559,726,943,-,-,-,-,-,-,-,-,-,-,-,-,-,-,-,-,-,-,-,-,-,-,-,-,-,-,-,-,-,-,-,-,-,-,-,-,ActiveTapDamage,0.00E+00,3.00E+00,9.89E+00,5.59E+01,7.53E+02,1.89E+04,8.43E+05,6.29E+07,7.44E+09,1.32E+12,3.33E+14,1.13E+17,4.23E+19,1.91E+22,8.72E+24,3.44E+27,1.26E+30,4.09E+32,1.13E+35,2.31E+37,3.69E+39,1.46E+42,1.50E+45,4.03E+48,2.59E+52,3.37E+56,5.82E+60,6.75E+64,1.29E+70,9.41E+76,7.69E+85,-,-,-,-,-,-,-,-,-,-,-,-,-,-,-,-,-,-,-,-,-,-,-,-,-,-,-,-,-,-,-,-,-,-,-,FrenzyCount,0,1,3,4,6,7,9,10,12,13,15,16,18,19,21,22,24,25,27,28,30,30,30,30,30,30,30,30,30,30,30,-,-,-,-,-,-,-,-,-,-,-,-,-,-,-,-,-,-,-,-,-,-,-,-,-,-,-,-,-,-,-,-,-,-,-,None,-,-,-,-,-,-,-,-,-,-,-,-,-,-,-,-,-,-,-,-,-,-,-,-,-,-,-,-,-,-,-,-,-,-,-,-,-,-,-,-,-,-,-,-,-,-,-,-,-,-,-,-,-,-,-,-,-,-,-,-,-,-,-,-,-,-,None,0
BurstDamageMultiCastSkill,Knight,BranchRed,8,50,BurstSkillMana,4,IV,Divine Wrath,Stackable Heavenly Strike,3,6000,6000,6000,-,-,-,-,-,-,-,-,-,-,-,-,-,-,-,-,-,-,-,-,-,-,-,-,-,-,-,-,-,-,-,-,-,-,-,-,-,-,-,-,-,-,-,-,-,-,-,-,-,-,-,-,-,-,-,-,-,-,-,-,-,-,-,20,70,160,-,-,-,-,-,-,-,-,-,-,-,-,-,-,-,-,-,-,-,-,-,-,-,-,-,-,-,-,-,-,-,-,-,-,-,-,-,-,-,-,-,-,-,-,-,-,-,-,-,-,-,-,-,-,-,-,-,-,-,-,-,-,-,BurstDamageSkillStacksBonus,0.00E+00,4.56E+02,2.60E+03,3.19E+04,-,-,-,-,-,-,-,-,-,-,-,-,-,-,-,-,-,-,-,-,-,-,-,-,-,-,-,-,-,-,-,-,-,-,-,-,-,-,-,-,-,-,-,-,-,-,-,-,-,-,-,-,-,-,-,-,-,-,-,-,-,-,BurstDamageSkillStacks,0,1,2,3,-,-,-,-,-,-,-,-,-,-,-,-,-,-,-,-,-,-,-,-,-,-,-,-,-,-,-,-,-,-,-,-,-,-,-,-,-,-,-,-,-,-,-,-,-,-,-,-,-,-,-,-,-,-,-,-,-,-,-,-,-,-,None,-,-,-,-,-,-,-,-,-,-,-,-,-,-,-,-,-,-,-,-,-,-,-,-,-,-,-,-,-,-,-,-,-,-,-,-,-,-,-,-,-,-,-,-,-,-,-,-,-,-,-,-,-,-,-,-,-,-,-,-,-,-,-,-,-,-,None,0
TwilightGathering,Knight,BranchRed,9,50,FairyChance,4,IV,Twilight Gathering,Twilight Damage boost + spawns Fairies,30,6000,6000,6000,6000,6000,6000,6000,6000,6000,6000,6000,6000,6000,6000,6000,6000,6000,6000,6000,6000,6000,6000,6000,6000,6000,6000,6000,6000,6000,6000,-,-,-,-,-,-,-,-,-,-,-,-,-,-,-,-,-,-,-,-,-,-,-,-,-,-,-,-,-,-,-,-,-,-,-,-,3,6,9,14,18,22,26,30,34,38,42,45,49,52,54,57,60,63,65,68,89,116,151,196,255,331,430,559,726,943,-,-,-,-,-,-,-,-,-,-,-,-,-,-,-,-,-,-,-,-,-,-,-,-,-,-,-,-,-,-,-,-,-,-,-,-,TwilightFairySkillAmount,0.00E+00,3.00E+00,9.89E+00,5.59E+01,7.53E+02,1.89E+04,8.43E+05,6.29E+07,7.44E+09,1.32E+12,3.33E+14,1.13E+17,4.23E+19,1.91E+22,8.72E+24,3.44E+27,1.26E+30,4.09E+32,1.13E+35,2.31E+37,3.69E+39,1.46E+42,1.50E+45,4.03E+48,2.59E+52,3.37E+56,5.82E+60,6.75E+64,1.29E+70,9.41E+76,7.69E+85,-,-,-,-,-,-,-,-,-,-,-,-,-,-,-,-,-,-,-,-,-,-,-,-,-,-,-,-,-,-,-,-,-,-,-,TwilightFairySkillDuration,0,3,13,27,52,85,127,179,240,310,391,482,582,692,810,935,1028,1101,1154,1177,1200,1200,1200,1200,1200,1200,1200,1200,1200,1200,1200,-,-,-,-,-,-,-,-,-,-,-,-,-,-,-,-,-,-,-,-,-,-,-,-,-,-,-,-,-,-,-,-,-,-,-,TwilightFairySpawnChance,0,0.27,0.89,1.25,1.60,1.90,2.17,2.41,2.64,2.85,3.05,3.24,3.42,3.59,3.69,3.77,3.85,3.93,4.01,4.09,4.17,4.17,4.17,4.17,4.17,4.17,4.17,4.17,4.17,4.17,4.17,4.17,4.17,4.17,4.17,-,-,-,-,-,-,-,-,-,-,-,-,-,-,-,-,-,-,-,-,-,-,-,-,-,-,-,-,-,-,-,TwilightFairyStageSkip,25
TwilightBell,Knight,BranchRed,11,100,BurstDamageMultiCastSkill,5,V,Twilight Bell,HS Spawn Twilight Fairies,30,9000,9000,9000,9000,9000,9000,9000,9000,9000,9000,9000,9000,9000,9000,9000,9000,9000,9000,9000,9000,9000,9000,9000,9000,9000,9000,9000,9000,9000,9000,-,-,-,-,-,-,-,-,-,-,-,-,-,-,-,-,-,-,-,-,-,-,-,-,-,-,-,-,-,-,-,-,-,-,-,-,4,9,13,21,27,33,39,45,51,57,63,67,73,78,81,85,90,94,97,102,140,191,261,357,487,665,908,1239,1690,2306,-,-,-,-,-,-,-,-,-,-,-,-,-,-,-,-,-,-,-,-,-,-,-,-,-,-,-,-,-,-,-,-,-,-,-,-,TwilightFairySkillAmount,0.00E+00,1.73E+00,1.04E+01,1.27E+02,6.44E+03,8.50E+05,2.72E+08,1.95E+11,2.93E+14,8.48E+17,4.40E+21,3.78E+25,3.79E+29,5.45E+33,9.19E+37,1.34E+42,1.80E+46,2.36E+50,2.55E+54,1.95E+58,1.20E+62,7.50E+66,7.22E+72,1.85E+80,2.20E+89,1.86E+100,1.55E+113,1.23E+128,4.37E+144,1.08E+162,6.72E+183,-,-,-,-,-,-,-,-,-,-,-,-,-,-,-,-,-,-,-,-,-,-,-,-,-,-,-,-,-,-,-,-,-,-,-,KnightActiveSkillCap,0,1,1,1,1,2,2,2,2,2,3,3,3,3,3,4,4,4,4,4,5,5,5,5,5,5,5,5,5,5,5,-,-,-,-,-,-,-,-,-,-,-,-,-,-,-,-,-,-,-,-,-,-,-,-,-,-,-,-,-,-,-,-,-,-,-,TwilightFairySpawnChanceOnBurstDamage,0,0.456,0.932,1.143,1.326,1.47,1.592,1.695,1.79,1.875,1.952,2.025,2.091,2.153,2.189,2.217,2.245,2.273,2.301,2.328,2.355,2.355,2.355,2.355,2.355,2.355,2.355,2.355,2.355,2.355,2.355,2.355,2.355,2.355,2.355,-,-,-,-,-,-,-,-,-,-,-,-,-,-,-,-,-,-,-,-,-,-,-,-,-,-,-,-,-,-,-,None,0
TwilightGatheringMultiCastSkill,Knight,BranchRed,12,100,TwilightGathering,5,V,Eventide Afterglow,Stackable Twilight Fairy,3,9000,9000,9000,-,-,-,-,-,-,-,-,-,-,-,-,-,-,-,-,-,-,-,-,-,-,-,-,-,-,-,-,-,-,-,-,-,-,-,-,-,-,-,-,-,-,-,-,-,-,-,-,-,-,-,-,-,-,-,-,-,-,-,-,-,-,-,20,70,160,-,-,-,-,-,-,-,-,-,-,-,-,-,-,-,-,-,-,-,-,-,-,-,-,-,-,-,-,-,-,-,-,-,-,-,-,-,-,-,-,-,-,-,-,-,-,-,-,-,-,-,-,-,-,-,-,-,-,-,-,-,-,-,TwilightFairySkillStacksBonus,0.00E+00,1.27E+02,1.14E+03,2.70E+04,-,-,-,-,-,-,-,-,-,-,-,-,-,-,-,-,-,-,-,-,-,-,-,-,-,-,-,-,-,-,-,-,-,-,-,-,-,-,-,-,-,-,-,-,-,-,-,-,-,-,-,-,-,-,-,-,-,-,-,-,-,-,TwilightFairySkillStacks,0,1,2,3,-,-,-,-,-,-,-,-,-,-,-,-,-,-,-,-,-,-,-,-,-,-,-,-,-,-,-,-,-,-,-,-,-,-,-,-,-,-,-,-,-,-,-,-,-,-,-,-,-,-,-,-,-,-,-,-,-,-,-,-,-,-,TwilightFairyGloomBonusDamage,0.00E+00,1.03E+10,1.23E+15,1.07E+20,-,-,-,-,-,-,-,-,-,-,-,-,-,-,-,-,-,-,-,-,-,-,-,-,-,-,-,-,-,-,-,-,-,-,-,-,-,-,-,-,-,-,-,-,-,-,-,-,-,-,-,-,-,-,-,-,-,-,-,-,-,-,None,0
PetDmg,Pet,BranchOrange,0,0,None,1,I,Pet Evolution,Increased pet damage,60,60,60,60,60,60,60,60,60,60,60,60,60,60,60,60,60,60,60,60,60,60,60,60,60,60,60,60,60,60,60,60,60,60,60,60,60,60,60,60,60,60,60,60,60,60,60,60,60,60,60,60,60,60,60,60,60,60,60,60,60,-,-,-,-,-,-,1,2,3,5,6,7,8,9,10,11,12,13,14,15,16,17,18,19,20,21,22,23,24,25,26,27,28,29,30,41,56,62,69,76,85,90,96,103,111,120,130,141,153,166,180,195,215,237,261,288,317,349,384,423,466,513,565,622,685,754,-,-,-,-,-,-,PetDamage,0.00E+00,1.65E+00,2.46E+00,4.41E+00,1.14E+01,3.50E+01,1.26E+02,5.23E+02,2.51E+03,1.37E+04,8.52E+04,5.93E+05,4.59E+06,3.92E+07,3.66E+08,3.70E+09,4.03E+10,4.66E+11,5.70E+12,7.28E+13,9.64E+14,1.31E+16,1.81E+17,2.53E+18,3.52E+19,4.85E+20,6.55E+21,8.58E+22,1.08E+24,1.30E+25,3.21E+26,1.99E+28,1.44E+30,1.23E+32,1.15E+34,1.25E+36,1.16E+38,9.35E+39,6.35E+41,3.52E+43,1.53E+45,4.84E+46,1.04E+48,2.91E+49,1.08E+51,5.41E+52,3.77E+54,4.06E+56,7.05E+58,2.06E+61,1.09E+64,1.08E+67,2.14E+70,9.12E+73,9.08E+77,2.30E+82,1.62E+87,3.55E+92,2.68E+98,7.99E+104,1.07E+112,-,-,-,-,-,PetTapCountToAttack,0,1,2,3,4,5,6,7,8,9,10,11,12,13,14,15,15,15,15,15,15,15,15,15,15,15,15,15,15,15,15,15,15,15,15,15,15,15,15,15,15,15,15,15,15,15,15,15,15,15,15,15,15,15,15,15,15,15,15,15,15,-,-,-,-,-,None,-,-,-,-,-,-,-,-,-,-,-,-,-,-,-,-,-,-,-,-,-,-,-,-,-,-,-,-,-,-,-,-,-,-,-,-,-,-,-,-,-,-,-,-,-,-,-,-,-,-,-,-,-,-,-,-,-,-,-,-,-,-,-,-,-,-,PetAutoAttackEnabledOverride,1
FireTapSkillBoost,Pet,BranchOrange,1,3,PetDmg,2,II,Summon Inferno,Increased Fire Sword damage,50,300,300,300,300,300,300,300,300,300,300,300,300,300,300,300,300,300,300,300,300,300,300,300,300,300,300,300,300,300,300,300,300,300,300,300,300,300,300,300,300,300,300,300,300,300,300,300,300,300,300,-,-,-,-,-,-,-,-,-,-,-,-,-,-,-,-,1,3,4,5,6,7,8,9,10,11,12,13,14,15,16,17,18,19,20,21,22,24,31,34,38,42,47,52,58,64,69,75,82,90,99,109,120,132,145,159,174,203,237,277,323,377,440,514,600,700,-,-,-,-,-,-,-,-,-,-,-,-,-,-,-,-,TapBoostSkillAmount,0.00E+00,1.40E+00,2.54E+00,5.53E+00,1.43E+01,4.34E+01,1.53E+02,6.26E+02,2.92E+03,1.55E+04,9.17E+04,6.04E+05,4.38E+06,3.45E+07,2.94E+08,2.67E+09,2.57E+10,2.59E+11,2.69E+12,2.88E+13,3.12E+14,3.40E+15,4.09E+16,8.67E+17,2.08E+19,6.01E+20,1.99E+22,7.89E+23,3.53E+25,1.82E+27,1.01E+29,5.35E+30,2.70E+32,1.28E+34,5.44E+35,2.00E+37,5.87E+38,1.27E+40,2.25E+41,5.27E+42,1.68E+44,7.40E+45,6.13E+47,1.07E+50,4.42E+52,4.99E+55,1.82E+59,2.63E+63,1.89E+68,8.86E+73,3.66E+80,-,-,-,-,-,-,-,-,-,-,-,-,-,-,-,TapBoostSkillDuration,0,1,2,4,8,12,19,26,35,46,58,73,89,107,128,150,175,203,232,265,300,337,379,435,498,541,584,616,634,650,664,664,664,664,664,664,664,664,664,664,664,664,664,664,664,664,664,664,664,664,664,-,-,-,-,-,-,-,-,-,-,-,-,-,-,-,None,-,-,-,-,-,-,-,-,-,-,-,-,-,-,-,-,-,-,-,-,-,-,-,-,-,-,-,-,-,-,-,-,-,-,-,-,-,-,-,-,-,-,-,-,-,-,-,-,-,-,-,-,-,-,-,-,-,-,-,-,-,-,-,-,-,-,None,0
PetGoldQTE,Pet,BranchOrange,2,3,PetDmg,2,II,Heart of Gold,Give multiple of monster gold drop QTE,50,300,300,300,300,300,300,300,300,300,300,300,300,300,300,300,300,300,300,300,300,300,300,300,300,300,300,300,300,300,300,300,300,300,300,300,300,300,300,300,300,300,300,300,300,300,300,300,300,300,300,-,-,-,-,-,-,-,-,-,-,-,-,-,-,-,-,1,3,4,5,6,7,8,9,10,11,12,13,14,15,16,17,18,19,20,21,22,24,31,34,38,42,47,52,58,64,69,75,82,90,99,109,120,132,145,159,174,203,237,277,323,377,440,514,600,700,-,-,-,-,-,-,-,-,-,-,-,-,-,-,-,-,GoldBoss,0.00E+00,2.00E+00,4.69E+00,1.42E+01,5.52E+01,2.70E+02,1.64E+03,1.22E+04,1.11E+05,1.19E+06,1.52E+07,2.24E+08,3.80E+09,7.27E+10,1.55E+12,3.63E+13,9.20E+14,2.49E+16,7.08E+17,2.09E+19,6.29E+20,1.91E+22,6.65E+23,5.23E+25,4.91E+27,5.98E+29,8.89E+31,1.70E+34,3.89E+36,1.08E+39,3.36E+41,9.77E+43,2.65E+46,6.52E+48,1.39E+51,2.39E+53,2.99E+55,2.42E+57,1.46E+59,1.33E+61,1.86E+63,4.16E+65,2.29E+68,3.63E+71,1.99E+75,4.58E+79,5.63E+84,4.91E+90,4.28E+97,5.39E+105,1.52E+115,-,-,-,-,-,-,-,-,-,-,-,-,-,-,-,PetGoldQTECooldown,0,0,1,2,3,4,5,6,7,8,9,10,11,12,13,14,16,17,18,19,20,21,22,23,24,25,26,27,28,29,30,30,30,30,30,30,30,30,30,30,30,30,30,30,30,30,30,30,30,30,30,-,-,-,-,-,-,-,-,-,-,-,-,-,-,-,None,-,-,-,-,-,-,-,-,-,-,-,-,-,-,-,-,-,-,-,-,-,-,-,-,-,-,-,-,-,-,-,-,-,-,-,-,-,-,-,-,-,-,-,-,-,-,-,-,-,-,-,-,-,-,-,-,-,-,-,-,-,-,-,-,-,-,None,0
PetEquipmentBoost,Pet,BranchOrange,3,3,PetDmg,2,II,Companion Warfare,Increased Equipment Pets Effect,50,300,300,300,300,300,300,300,300,300,300,300,300,300,300,300,300,300,300,300,300,300,300,300,300,300,300,300,300,300,300,300,300,300,300,300,300,300,300,300,300,300,300,300,300,300,300,300,300,300,300,-,-,-,-,-,-,-,-,-,-,-,-,-,-,-,-,1,3,4,5,6,7,8,9,10,11,12,13,14,15,16,17,18,19,20,21,22,24,31,34,38,42,47,52,58,64,69,75,82,90,99,109,120,132,145,159,174,203,237,277,323,377,440,514,600,700,-,-,-,-,-,-,-,-,-,-,-,-,-,-,-,-,CompanionDamage,0.00E+00,1.45E+00,2.63E+00,5.73E+00,1.48E+01,4.49E+01,1.59E+02,6.49E+02,3.03E+03,1.60E+04,9.50E+04,6.26E+05,4.53E+06,3.58E+07,3.05E+08,2.77E+09,2.66E+10,2.68E+11,2.79E+12,2.98E+13,3.23E+14,3.52E+15,4.23E+16,8.98E+17,2.16E+19,6.22E+20,2.06E+22,8.17E+23,3.66E+25,1.88E+27,1.05E+29,5.54E+30,2.80E+32,1.32E+34,5.64E+35,2.07E+37,6.08E+38,1.32E+40,2.33E+41,5.46E+42,1.74E+44,7.66E+45,6.35E+47,1.10E+50,4.58E+52,5.17E+55,1.89E+59,2.72E+63,1.96E+68,9.18E+73,3.79E+80,-,-,-,-,-,-,-,-,-,-,-,-,-,-,-,None,-,-,-,-,-,-,-,-,-,-,-,-,-,-,-,-,-,-,-,-,-,-,-,-,-,-,-,-,-,-,-,-,-,-,-,-,-,-,-,-,-,-,-,-,-,-,-,-,-,-,-,-,-,-,-,-,-,-,-,-,-,-,-,-,-,-,None,-,-,-,-,-,-,-,-,-,-,-,-,-,-,-,-,-,-,-,-,-,-,-,-,-,-,-,-,-,-,-,-,-,-,-,-,-,-,-,-,-,-,-,-,-,-,-,-,-,-,-,-,-,-,-,-,-,-,-,-,-,-,-,-,-,-,None,0
PetBonusBoost,Pet,BranchOrange,4,20,FireTapSkillBoost,3,III,Ember Arts,Stackable Fire Sword,40,600,600,600,600,600,600,600,600,600,600,600,600,600,600,600,600,600,600,600,600,600,600,600,600,600,600,600,600,600,600,600,600,600,600,600,600,600,600,600,600,-,-,-,-,-,-,-,-,-,-,-,-,-,-,-,-,-,-,-,-,-,-,-,-,-,-,1,3,4,5,6,7,8,9,10,11,12,13,14,15,16,17,18,19,20,21,22,24,31,34,38,42,47,52,58,64,79,98,121,150,185,228,281,347,428,528,-,-,-,-,-,-,-,-,-,-,-,-,-,-,-,-,-,-,-,-,-,-,-,-,-,-,PetDamage,0.00E+00,1.36E+00,2.47E+00,5.36E+00,1.37E+01,4.11E+01,1.43E+02,5.65E+02,2.53E+03,1.27E+04,7.04E+04,4.27E+05,2.80E+06,1.96E+07,1.45E+08,1.12E+09,8.96E+09,7.28E+10,5.97E+11,4.86E+12,3.90E+13,3.03E+14,2.47E+15,3.08E+16,4.02E+17,5.64E+18,8.12E+19,1.21E+21,1.74E+22,2.40E+23,2.92E+24,3.91E+25,5.30E+26,7.38E+27,1.93E+29,1.08E+31,1.54E+33,6.99E+35,1.33E+39,1.48E+43,1.44E+48,-,-,-,-,-,-,-,-,-,-,-,-,-,-,-,-,-,-,-,-,-,-,-,-,-,TapBoostSkillAmount,0.00E+00,1.10E+00,1.63E+00,2.39E+00,3.63E+00,5.74E+00,9.42E+00,1.61E+01,2.85E+01,5.22E+01,9.89E+01,1.94E+02,3.93E+02,8.21E+02,1.77E+03,3.93E+03,8.97E+03,2.11E+04,5.10E+04,1.27E+05,3.23E+05,8.46E+05,2.37E+06,8.75E+06,3.56E+07,1.65E+08,8.67E+08,5.34E+09,3.83E+10,3.29E+11,3.36E+12,3.36E+12,3.36E+12,3.36E+12,3.36E+12,3.36E+12,3.36E+12,3.36E+12,3.36E+12,3.36E+12,3.36E+12,-,-,-,-,-,-,-,-,-,-,-,-,-,-,-,-,-,-,-,-,-,-,-,-,-,None,-,-,-,-,-,-,-,-,-,-,-,-,-,-,-,-,-,-,-,-,-,-,-,-,-,-,-,-,-,-,-,-,-,-,-,-,-,-,-,-,-,-,-,-,-,-,-,-,-,-,-,-,-,-,-,-,-,-,-,-,-,-,-,-,-,-,None,0
PetQTE,Pet,BranchOrange,5,20,PetGoldQTE,3,III,Lightning Burst,Increased pet QTE damage / Pet titan skip,50,600,600,600,600,600,600,600,600,600,600,600,600,600,600,600,600,600,600,600,600,600,600,600,600,600,600,600,600,600,600,600,600,600,600,600,600,600,600,600,600,600,600,600,600,600,600,600,600,600,600,-,-,-,-,-,-,-,-,-,-,-,-,-,-,-,-,1,3,4,5,6,7,8,9,10,11,12,13,14,15,16,17,18,19,20,21,22,24,31,34,38,42,47,52,58,64,69,75,82,90,99,109,120,132,145,159,174,215,265,327,403,497,613,756,932,1149,-,-,-,-,-,-,-,-,-,-,-,-,-,-,-,-,PetAttackQTEDamage,0.00E+00,1.45E+00,2.63E+00,5.74E+00,1.49E+01,4.54E+01,1.62E+02,6.71E+02,3.19E+03,1.73E+04,1.05E+05,7.20E+05,5.45E+06,4.54E+07,4.11E+08,4.01E+09,4.19E+10,4.63E+11,5.36E+12,6.45E+13,8.00E+14,1.01E+16,1.44E+17,3.85E+18,1.21E+20,4.79E+21,2.29E+23,1.39E+25,1.02E+27,9.37E+28,1.01E+31,1.12E+33,1.32E+35,1.62E+37,2.05E+39,2.59E+41,3.13E+43,3.39E+45,3.05E+47,2.07E+49,9.55E+50,4.21E+52,4.53E+54,1.45E+57,1.78E+60,1.15E+64,5.72E+68,3.55E+74,4.96E+81,3.19E+90,2.30E+101,-,-,-,-,-,-,-,-,-,-,-,-,-,-,-,PetAttackTitanSkip,0,2,4,6,8,10,12,14,16,18,20,21,22,23,24,25,26,27,28,29,30,31,32,33,34,35,36,37,38,39,40,40,40,40,40,40,40,40,40,40,40,40,40,40,40,40,40,40,40,40,40,-,-,-,-,-,-,-,-,-,-,-,-,-,-,-,PetQTEStageSkip,0,2,4,6,7,8,8,9,9,10,10,11,11,12,12,13,13,14,14,15,15,16,16,17,17,18,18,19,19,20,20,20,20,20,20,20,20,20,20,20,20,20,20,20,20,20,20,20,20,20,20,20,20,20,20,-,-,-,-,-,-,-,-,-,-,-,None,0
CombatTechniques,Pet,BranchOrange,6,20,PetEquipmentBoost,3,III,Combat Techniques,Increased Equipment Pets Effect,50,600,600,600,600,600,600,600,600,600,600,600,600,600,600,600,600,600,600,600,600,600,600,600,600,600,600,600,600,600,600,600,600,600,600,600,600,600,600,600,600,600,600,600,600,600,600,600,600,600,600,-,-,-,-,-,-,-,-,-,-,-,-,-,-,-,-,1,3,4,5,6,7,8,9,10,11,12,13,14,15,16,17,18,19,20,21,22,24,31,34,38,42,47,52,58,64,69,75,82,90,99,109,120,132,145,159,174,215,265,327,403,497,613,756,932,1149,-,-,-,-,-,-,-,-,-,-,-,-,-,-,-,-,EquipmentPetEffect,0.00E+00,1.03E+00,1.17E+00,1.38E+00,1.69E+00,2.14E+00,2.81E+00,3.80E+00,5.30E+00,7.59E+00,1.11E+01,1.68E+01,2.58E+01,4.05E+01,6.47E+01,1.05E+02,1.73E+02,2.89E+02,4.86E+02,8.26E+02,1.41E+03,2.42E+03,4.26E+03,8.57E+03,1.78E+04,3.90E+04,8.89E+04,2.13E+05,5.31E+05,1.39E+06,3.76E+06,1.02E+07,2.82E+07,7.86E+07,2.20E+08,6.16E+08,1.71E+09,4.63E+09,1.21E+10,2.96E+10,6.69E+10,1.50E+11,4.05E+11,1.38E+12,6.28E+12,4.06E+13,4.05E+14,6.92E+15,2.29E+17,1.72E+19,3.51E+21,-,-,-,-,-,-,-,-,-,-,-,-,-,-,-,ActivePetLevel,0,0.01,0.02,0.02,0.03,0.04,0.04,0.05,0.06,0.06,0.07,0.08,0.08,0.09,0.10,0.10,0.11,0.11,0.12,0.13,0.13,0.14,0.15,0.15,0.16,0.17,0.17,0.18,0.19,0.19,0.20,0.2,0.2,0.2,0.2,0.2,0.2,0.2,0.2,0.2,0.2,0.2,0.2,0.2,0.2,0.2,0.2,0.2,0.2,0.2,0.2,-,-,-,-,-,-,-,-,-,-,-,-,-,-,-,None,-,-,-,-,-,-,-,-,-,-,-,-,-,-,-,-,-,-,-,-,-,-,-,-,-,-,-,-,-,-,-,-,-,-,-,-,-,-,-,-,-,-,-,-,-,-,-,-,-,-,-,-,-,-,-,-,-,-,-,-,-,-,-,-,-,-,None,0
TapBoostMultiCastSkill,Pet,BranchOrange,7,50,PetBonusBoost,4,IV,Volcanic Eruption,Increased Fire Sword Stack Damage,3,5000,5000,5000,-,-,-,-,-,-,-,-,-,-,-,-,-,-,-,-,-,-,-,-,-,-,-,-,-,-,-,-,-,-,-,-,-,-,-,-,-,-,-,-,-,-,-,-,-,-,-,-,-,-,-,-,-,-,-,-,-,-,-,-,-,-,-,20,70,160,-,-,-,-,-,-,-,-,-,-,-,-,-,-,-,-,-,-,-,-,-,-,-,-,-,-,-,-,-,-,-,-,-,-,-,-,-,-,-,-,-,-,-,,,,,,,,,,,,,,,,,,,,,TapBoostSkillStacksBonus,0.00E+00,4.56E+02,2.31E+03,2.39E+04,-,-,-,-,-,-,-,-,-,-,-,-,-,-,-,-,-,-,-,-,-,-,-,-,-,-,-,-,-,-,-,-,-,-,-,-,-,-,-,-,-,-,-,-,-,-,-,-,-,-,-,-,-,-,-,-,-,-,-,-,-,-,TapBoostSkillStacks,0.0,1,2,3,-,-,-,-,-,-,-,-,-,-,-,-,-,-,-,-,-,-,-,-,-,-,-,-,-,-,-,-,-,-,-,-,-,-,-,-,-,-,-,-,-,-,-,-,-,-,-,-,-,-,-,-,-,-,-,-,-,-,-,-,-,-,None,-,-,-,-,-,-,-,-,-,-,-,-,-,-,-,-,-,-,-,-,-,-,-,-,-,-,-,-,-,-,-,-,-,-,-,-,-,-,-,-,-,-,-,-,-,-,-,-,-,-,-,-,-,-,-,-,-,-,-,-,-,-,-,-,-,-,None,0
BossDmgQTE,Pet,BranchOrange,8,50,PetQTE,4,IV,Flash Zip,Pet Boss damage QTE,30,5000,5000,5000,5000,5000,5000,5000,5000,5000,5000,5000,5000,5000,5000,5000,5000,5000,5000,5000,5000,5000,5000,5000,5000,5000,5000,5000,5000,5000,5000,-,-,-,-,-,-,-,-,-,-,-,-,-,-,-,-,-,-,-,-,-,-,-,-,-,-,-,-,-,-,-,-,-,-,-,-,3,6,9,14,18,22,26,30,34,38,42,45,49,52,54,57,60,63,65,68,89,116,151,196,255,331,430,559,726,943,-,-,-,-,-,-,-,-,-,-,-,-,-,-,-,-,-,-,-,-,-,-,-,-,-,-,-,-,-,-,-,-,-,-,-,-,PetBossQTEDamage,0.00E+00,2.00E+00,6.59E+00,3.72E+01,5.02E+02,1.26E+04,5.62E+05,4.19E+07,4.96E+09,8.82E+11,2.22E+14,7.51E+16,2.82E+19,1.27E+22,5.81E+24,2.29E+27,8.39E+29,2.73E+32,7.51E+34,1.54E+37,2.46E+39,9.74E+41,1.00E+45,2.69E+48,1.73E+52,2.24E+56,3.88E+60,4.50E+64,8.63E+69,6.27E+76,5.12E+85,-,-,-,-,-,-,-,-,-,-,-,-,-,-,-,-,-,-,-,-,-,-,-,-,-,-,-,-,-,-,-,-,-,-,-,PetQTECooldownMult,0.0,0.993,0.981,0.971,0.963,0.955,0.948,0.942,0.937,0.931,0.927,0.922,0.918,0.914,0.910,0.906,0.903,0.900,0.900,0.900,0.900,0.900,0.900,0.900,0.900,0.900,0.900,0.900,0.900,0.900,0.900,-,-,-,-,-,-,-,-,-,-,-,-,-,-,-,-,-,-,-,-,-,-,-,-,-,-,-,-,-,-,-,-,-,-,-,PetAttackStageSkip,0,2,4,6,8,10,11,12,13,14,15,16,16,17,17,18,18,19,19,20,20,20,20,20,20,20,20,20,20,20,20,20,20,20,20,-,-,-,-,-,-,-,-,-,-,-,-,-,-,-,-,-,-,-,-,-,-,-,-,-,-,-,-,-,-,-,PetBossQTEDuration,30
DualPetBoost,Pet,BranchOrange,9,50,CombatTechniques,4,IV,Summoning Circle,Increased Dual Pet Damage,30,5000,5000,5000,5000,5000,5000,5000,5000,5000,5000,5000,5000,5000,5000,5000,5000,5000,5000,5000,5000,5000,5000,5000,5000,5000,5000,5000,5000,5000,5000,-,-,-,-,-,-,-,-,-,-,-,-,-,-,-,-,-,-,-,-,-,-,-,-,-,-,-,-,-,-,-,-,-,-,-,-,3,6,9,14,18,22,26,30,34,38,42,45,49,52,54,57,60,63,65,68,89,116,151,196,255,331,430,559,726,943,-,-,-,-,-,-,-,-,-,-,-,-,-,-,-,-,-,-,-,-,-,-,-,-,-,-,-,-,-,-,-,-,-,-,-,-,DualPetAmount,0.00E+00,3.10E+00,1.02E+01,5.77E+01,7.78E+02,1.96E+04,8.71E+05,6.50E+07,7.69E+09,1.37E+12,3.44E+14,1.16E+17,4.37E+19,1.97E+22,9.01E+24,3.55E+27,1.30E+30,4.23E+32,1.16E+35,2.39E+37,3.81E+39,1.51E+42,1.55E+45,4.16E+48,2.68E+52,3.48E+56,6.02E+60,6.97E+64,1.34E+70,9.72E+76,7.94E+85,-,-,-,-,-,-,-,-,-,-,-,-,-,-,-,-,-,-,-,-,-,-,-,-,-,-,-,-,-,-,-,-,-,-,-,DualPetDuration,0,1,11,26,51,85,127,179,240,310,391,482,582,692,810,935,1028,1101,1154,1177,1200,1200,1200,1200,1200,1200,1200,1200,1200,1200,1200,-,-,-,-,-,-,-,-,-,-,-,-,-,-,-,-,-,-,-,-,-,-,-,-,-,-,-,-,-,-,-,-,-,-,-,None,-,-,-,-,-,-,-,-,-,-,-,-,-,-,-,-,-,-,-,-,-,-,-,-,-,-,-,-,-,-,-,-,-,-,-,-,-,-,-,-,-,-,-,-,-,-,-,-,-,-,-,-,-,-,-,-,-,-,-,-,-,-,-,-,-,-,None,0
SummonerAutoTap,Pet,BranchOrange,10,100,TapBoostMultiCastSkill,5,V,Echoflurry Onslaught,PET Auto-tapper,30,9000,9000,9000,9000,9000,9000,9000,9000,9000,9000,9000,9000,9000,9000,9000,9000,9000,9000,9000,9000,9000,9000,9000,9000,9000,9000,9000,9000,9000,9000,-,-,-,-,-,-,-,-,-,-,-,-,-,-,-,-,-,-,-,-,-,-,-,-,-,-,-,-,-,-,-,-,-,-,-,-,4,9,13,21,27,33,39,45,51,57,63,67,73,78,81,85,90,94,97,102,140,191,261,357,487,665,908,1239,1690,2306,-,-,-,-,-,-,-,-,-,-,-,-,-,-,-,-,-,-,-,-,-,-,-,-,-,-,-,-,-,-,-,-,-,-,-,-,PetDamage,0.00E+00,1.76E+00,1.05E+01,1.29E+02,6.55E+03,8.64E+05,2.76E+08,1.99E+11,2.97E+14,8.62E+17,4.47E+21,3.85E+25,3.85E+29,5.54E+33,9.34E+37,1.36E+42,1.83E+46,2.40E+50,2.59E+54,1.98E+58,1.22E+62,7.63E+66,7.34E+72,1.88E+80,2.24E+89,1.89E+100,1.58E+113,1.25E+128,4.45E+144,1.10E+162,6.83E+183,-,-,-,-,-,-,-,-,-,-,-,-,-,-,-,-,-,-,-,-,-,-,-,-,-,-,-,-,-,-,-,-,-,-,-,SummonerActiveSkillCap,0,1,1,1,1,2,2,2,2,2,3,3,3,3,3,4,4,4,4,4,5,5,5,5,5,5,5,5,5,5,5,-,-,-,-,-,-,-,-,-,-,-,-,-,-,-,-,-,-,-,-,-,-,-,-,-,-,-,-,-,-,-,-,-,-,-,AutoTapCount,0,1,2,3,4,5,5,5,6,6,6,7,7,7,8,8,8,9,9,9,10,10,10,10,10,10,10,10,10,10,10,10,10,10,10,-,-,-,-,-,-,-,-,-,-,-,-,-,-,-,-,-,-,-,-,-,-,-,-,-,-,-,-,-,-,-,None,0
DualPetMultiCast,Pet,BranchOrange,12,100,DualPetBoost,5,V,Burning Passion,Stackable Dual Pet,3,9000,9000,9000,-,-,-,-,-,-,-,-,-,-,-,-,-,-,-,-,-,-,-,-,-,-,-,-,-,-,-,-,-,-,-,-,-,-,-,-,-,-,-,-,-,-,-,-,-,-,-,-,-,-,-,-,-,-,-,-,-,-,-,-,-,-,-,20,70,160,-,-,-,-,-,-,-,-,-,-,-,-,-,-,-,-,-,-,-,-,-,-,-,-,-,-,-,-,-,-,-,-,-,-,-,-,-,-,-,-,-,-,-,-,-,-,-,-,-,-,-,-,-,-,-,-,-,-,-,-,-,-,-,DualPetSkillStacksBonus,0.00E+00,1.27E+02,1.22E+03,3.20E+04,-,-,-,-,-,-,-,-,-,-,-,-,-,-,-,-,-,-,-,-,-,-,-,-,-,-,-,-,-,-,-,-,-,-,-,-,-,-,-,-,-,-,-,-,-,-,-,-,-,-,-,-,-,-,-,-,-,-,-,-,-,-,DualPetSkillStacks,0,1,2,3,-,-,-,-,-,-,-,-,-,-,-,-,-,-,-,-,-,-,-,-,-,-,-,-,-,-,-,-,-,-,-,-,-,-,-,-,-,-,-,-,-,-,-,-,-,-,-,-,-,-,-,-,-,-,-,-,-,-,-,-,-,-,None,-,-,-,-,-,-,-,-,-,-,-,-,-,-,-,-,-,-,-,-,-,-,-,-,-,-,-,-,-,-,-,-,-,-,-,-,-,-,-,-,-,-,-,-,-,-,-,-,-,-,-,-,-,-,-,-,-,-,-,-,-,-,-,-,-,-,None,0
AllHelperDmg,Warlord,BranchYellow,0,0,None,1,I,Master Commander,Increased damge to all hero types,60,60,60,60,60,60,60,60,60,60,60,60,60,60,60,60,60,60,60,60,60,60,60,60,60,60,60,60,60,60,60,60,60,60,60,60,60,60,60,60,60,60,60,60,60,60,60,60,60,60,60,60,60,60,60,60,60,60,60,60,60,-,-,-,-,-,-,1,2,3,5,6,7,8,9,10,11,12,13,14,15,16,17,18,19,20,21,22,23,24,25,26,27,28,29,30,41,56,62,69,76,85,90,96,103,111,120,130,141,153,166,180,195,215,237,261,288,317,349,384,423,466,513,565,622,685,754,-,-,-,-,-,-,AllHelperDamage,0.00E+00,1.20E+00,1.79E+00,3.20E+00,8.31E+00,2.55E+01,9.14E+01,3.81E+02,1.83E+03,1.00E+04,6.20E+04,4.31E+05,3.34E+06,2.85E+07,2.66E+08,2.69E+09,2.93E+10,3.39E+11,4.14E+12,5.29E+13,7.01E+14,9.53E+15,1.32E+17,1.84E+18,2.56E+19,3.53E+20,4.76E+21,6.24E+22,7.86E+23,9.43E+24,2.33E+26,1.44E+28,1.05E+30,8.91E+31,8.38E+33,9.06E+35,8.46E+37,6.80E+39,4.62E+41,2.56E+43,1.11E+45,3.52E+46,7.57E+47,2.11E+49,7.83E+50,3.94E+52,2.74E+54,2.95E+56,5.13E+58,1.50E+61,7.91E+63,7.84E+66,1.56E+70,6.64E+73,6.60E+77,1.67E+82,1.18E+87,2.58E+92,1.95E+98,5.81E+104,7.76E+111,-,-,-,-,-,None,-,-,-,-,-,-,-,-,-,-,-,-,-,-,-,-,-,-,-,-,-,-,-,-,-,-,-,-,-,-,-,-,-,-,-,-,-,-,-,-,-,-,-,-,-,-,-,-,-,-,-,-,-,-,-,-,-,-,-,-,-,-,-,-,-,-,None,-,-,-,-,-,-,-,-,-,-,-,-,-,-,-,-,-,-,-,-,-,-,-,-,-,-,-,-,-,-,-,-,-,-,-,-,-,-,-,-,-,-,-,-,-,-,-,-,-,-,-,-,-,-,-,-,-,-,-,-,-,-,-,-,-,-,None,0
HelperBoost,Warlord,BranchYellow,1,3,AllHelperDmg,2,II,Tactical Insight,Unlockable skill boost for heroes,30,300,300,300,300,300,300,300,300,300,300,300,300,300,300,300,300,300,300,300,300,300,300,300,300,300,300,300,300,300,300,-,-,-,-,-,-,-,-,-,-,-,-,-,-,-,-,-,-,-,-,-,-,-,-,-,-,-,-,-,-,-,-,-,-,-,-,1,3,4,5,6,7,8,9,10,11,12,13,14,15,16,17,18,19,20,21,22,24,31,34,38,42,47,52,58,64,-,-,-,-,-,-,-,-,-,-,-,-,-,-,-,-,-,-,-,-,-,-,-,-,-,-,-,-,-,-,-,-,-,-,-,-,HelperMultiplicativeSkillBoost,0.00E+00,3.20E-03,8.10E-03,1.63E-02,2.64E-02,3.79E-02,5.07E-02,6.45E-02,7.93E-02,9.49E-02,1.11E-01,1.29E-01,1.47E-01,1.65E-01,1.84E-01,2.04E-01,2.24E-01,2.45E-01,2.67E-01,2.89E-01,3.11E-01,3.34E-01,3.58E-01,3.81E-01,4.06E-01,4.30E-01,4.56E-01,4.81E-01,5.07E-01,5.33E-01,5.60E-01,-,-,-,-,-,-,-,-,-,-,-,-,-,-,-,-,-,-,-,-,-,-,-,-,-,-,-,-,-,-,-,-,-,-,-,HelperAdditiveSkillBoost,0.000,0.020,0.025,0.033,0.043,0.053,0.064,0.075,0.088,0.101,0.114,0.128,0.142,0.157,0.172,0.187,0.203,0.218,0.235,0.251,0.268,0.285,0.303,0.320,0.338,0.356,0.375,0.393,0.412,0.431,0.450,-,-,-,-,-,-,-,-,-,-,-,-,-,-,-,-,-,-,-,-,-,-,-,-,-,-,-,-,-,-,-,-,-,-,-,None,-,-,-,-,-,-,-,-,-,-,-,-,-,-,-,-,-,-,-,-,-,-,-,-,-,-,-,-,-,-,-,-,-,-,-,-,-,-,-,-,-,-,-,-,-,-,-,-,-,-,-,-,-,-,-,-,-,-,-,-,-,-,-,-,-,-,None,0
HelperDmgSkillBoost,Warlord,BranchYellow,2,3,AllHelperDmg,2,II,Heroic Might,War Cry damage / duration,50,300,300,300,300,300,300,300,300,300,300,300,300,300,300,300,300,300,300,300,300,300,300,300,300,300,300,300,300,300,300,300,300,300,300,300,300,300,300,300,300,300,300,300,300,300,300,300,300,300,300,-,-,-,-,-,-,-,-,-,-,-,-,-,-,-,-,1,3,4,5,6,7,8,9,10,11,12,13,14,15,16,17,18,19,20,21,22,24,31,34,38,42,47,52,58,64,69,75,82,90,99,109,120,132,145,159,174,203,237,277,323,377,440,514,600,700,-,-,-,-,-,-,-,-,-,-,-,-,-,-,-,-,HelperBoostSkillAmount,0.00E+00,1.40E+00,2.54E+00,5.53E+00,1.43E+01,4.34E+01,1.53E+02,6.26E+02,2.92E+03,1.55E+04,9.17E+04,6.04E+05,4.38E+06,3.45E+07,2.94E+08,2.67E+09,2.57E+10,2.59E+11,2.69E+12,2.88E+13,3.12E+14,3.40E+15,4.09E+16,8.67E+17,2.08E+19,6.01E+20,1.99E+22,7.89E+23,3.53E+25,1.82E+27,1.01E+29,5.35E+30,2.70E+32,1.28E+34,5.44E+35,2.00E+37,5.87E+38,1.27E+40,2.25E+41,5.27E+42,1.68E+44,7.40E+45,6.13E+47,1.07E+50,4.42E+52,4.99E+55,1.82E+59,2.63E+63,1.89E+68,8.86E+73,3.66E+80,-,-,-,-,-,-,-,-,-,-,-,-,-,-,-,HelperBoostSkillDuration,0,1,3,6,10,16,23,32,43,56,71,89,108,131,155,182,212,245,281,320,361,406,445,478,508,536,563,589,615,640,664,664,664,664,664,664,664,664,664,664,664,664,664,664,664,664,664,664,664,664,664,-,-,-,-,-,-,-,-,-,-,-,-,-,-,-,None,-,-,-,-,-,-,-,-,-,-,-,-,-,-,-,-,-,-,-,-,-,-,-,-,-,-,-,-,-,-,-,-,-,-,-,-,-,-,-,-,-,-,-,-,-,-,-,-,-,-,-,-,-,-,-,-,-,-,-,-,-,-,-,-,-,-,None,0
ClanShipDmg,Warlord,BranchYellow,3,3,AllHelperDmg,2,II,Aerial Assault,Increased clan ship damage / titan skip,50,300,300,300,300,300,300,300,300,300,300,300,300,300,300,300,300,300,300,300,300,300,300,300,300,300,300,300,300,300,300,300,300,300,300,300,300,300,300,300,300,300,300,300,300,300,300,300,300,300,300,-,-,-,-,-,-,-,-,-,-,-,-,-,-,-,-,1,3,4,5,6,7,8,9,10,11,12,13,14,15,16,17,18,19,20,21,22,24,31,34,38,42,47,52,58,64,69,75,82,90,99,109,120,132,145,159,174,203,237,277,323,377,440,514,600,700,-,-,-,-,-,-,-,-,-,-,-,-,-,-,-,-,ClanShipDamage,0.00E+00,1.50E+00,2.72E+00,5.93E+00,1.53E+01,4.65E+01,1.64E+02,6.71E+02,3.13E+03,1.66E+04,9.82E+04,6.47E+05,4.69E+06,3.70E+07,3.15E+08,2.86E+09,2.75E+10,2.77E+11,2.89E+12,3.09E+13,3.35E+14,3.65E+15,4.38E+16,9.29E+17,2.23E+19,6.44E+20,2.14E+22,8.45E+23,3.79E+25,1.95E+27,1.08E+29,5.73E+30,2.89E+32,1.37E+34,5.83E+35,2.14E+37,6.28E+38,1.36E+40,2.41E+41,5.65E+42,1.80E+44,7.92E+45,6.57E+47,1.14E+50,4.73E+52,5.34E+55,1.95E+59,2.81E+63,2.03E+68,9.50E+73,3.92E+80,-,-,-,-,-,-,-,-,-,-,-,-,-,-,-,ClanShipTitanSkip,0,3,6,9,12,15,18,21,24,27,30,32,34,36,38,40,41,42,43,44,45,46,47,48,49,50,51,52,53,54,55,55,55,55,55,55,55,55,55,55,55,55,55,55,55,55,55,55,55,55,55,-,-,-,-,-,-,-,-,-,-,-,-,-,-,-,None,-,-,-,-,-,-,-,-,-,-,-,-,-,-,-,-,-,-,-,-,-,-,-,-,-,-,-,-,-,-,-,-,-,-,-,-,-,-,-,-,-,-,-,-,-,-,-,-,-,-,-,-,-,-,-,-,-,-,-,-,-,-,-,-,-,-,None,0
ClanQTE,Warlord,BranchYellow,4,20,HelperBoost,3,III,Coordinated Offensive,Summon clan member Clan Ship QTE,50,700,700,700,700,700,700,700,700,700,700,700,700,700,700,700,700,700,700,700,700,700,700,700,700,700,700,700,700,700,700,700,700,700,700,700,700,700,700,700,700,700,700,700,700,700,700,700,700,700,700,-,-,-,-,-,-,-,-,-,-,-,-,-,-,-,-,1,3,4,5,6,7,8,9,10,11,12,13,14,15,16,17,18,19,20,21,22,24,31,34,38,42,47,52,58,64,69,75,82,90,99,109,120,132,145,159,174,215,265,327,403,497,613,756,932,1149,-,-,-,-,-,-,-,-,-,-,-,-,-,-,-,-,ActiveAllHelperDamage,0.00E+00,1.75E+00,3.18E+00,6.92E+00,1.79E+01,5.48E+01,1.96E+02,8.09E+02,3.85E+03,2.08E+04,1.27E+05,8.69E+05,6.58E+06,5.47E+07,4.96E+08,4.84E+09,5.05E+10,5.58E+11,6.47E+12,7.79E+13,9.65E+14,1.22E+16,1.74E+17,4.65E+18,1.46E+20,5.78E+21,2.76E+23,1.68E+25,1.23E+27,1.13E+29,1.22E+31,1.36E+33,1.59E+35,1.95E+37,2.47E+39,3.13E+41,3.78E+43,4.10E+45,3.68E+47,2.50E+49,1.15E+51,5.08E+52,5.47E+54,1.75E+57,2.15E+60,1.39E+64,6.90E+68,4.29E+74,5.98E+81,3.85E+90,2.78E+101,-,-,-,-,-,-,-,-,-,-,-,-,-,-,-,ClanQTECooldown,0,0,1,2,3,4,5,6,7,8,9,10,11,12,13,14,15,16,17,18,19,20,21,22,23,24,25,26,27,28,30,30,30,30,30,30,30,30,30,30,30,30,30,30,30,30,30,30,30,30,30,-,-,-,-,-,-,-,-,-,-,-,-,-,-,-,None,-,-,-,-,-,-,-,-,-,-,-,-,-,-,-,-,-,-,-,-,-,-,-,-,-,-,-,-,-,-,-,-,-,-,-,-,-,-,-,-,-,-,-,-,-,-,-,-,-,-,-,-,-,-,-,-,-,-,-,-,-,-,-,-,-,-,None,0
HelperInspiredWeaken,Warlord,BranchYellow,5,20,HelperDmgSkillBoost,3,III,Searing Light,Inspired Hero Damage / Count,50,700,700,700,700,700,700,700,700,700,700,700,700,700,700,700,700,700,700,700,700,700,700,700,700,700,700,700,700,700,700,700,700,700,700,700,700,700,700,700,700,700,700,700,700,700,700,700,700,700,700,-,-,-,-,-,-,-,-,-,-,-,-,-,-,-,-,1,3,4,5,6,7,8,9,10,11,12,13,14,15,16,17,18,19,20,21,22,24,31,34,38,42,47,52,58,64,69,75,82,90,99,109,120,132,145,159,174,215,265,327,403,497,613,756,932,1149,-,-,-,-,-,-,-,-,-,-,-,-,-,-,-,-,InspiredHelperDamage,0.00E+00,1.45E+00,2.63E+00,5.74E+00,1.49E+01,4.54E+01,1.62E+02,6.71E+02,3.19E+03,1.73E+04,1.05E+05,7.20E+05,5.45E+06,4.54E+07,4.11E+08,4.01E+09,4.19E+10,4.63E+11,5.36E+12,6.45E+13,8.00E+14,1.01E+16,1.44E+17,3.85E+18,1.21E+20,4.79E+21,2.29E+23,1.39E+25,1.02E+27,9.37E+28,1.01E+31,1.12E+33,1.32E+35,1.62E+37,2.05E+39,2.59E+41,3.13E+43,3.39E+45,3.05E+47,2.07E+49,9.55E+50,4.21E+52,4.53E+54,1.45E+57,1.78E+60,1.15E+64,5.72E+68,3.55E+74,4.96E+81,3.19E+90,2.30E+101,-,-,-,-,-,-,-,-,-,-,-,-,-,-,-,InspiredHelperCount,0,1,2,3,4,5,6,7,8,9,10,11,12,13,14,15,16,17,18,19,20,21,22,23,24,25,26,27,28,29,30,30,30,30,30,30,30,30,30,30,30,30,30,30,30,30,30,30,30,30,30,-,-,-,-,-,-,-,-,-,-,-,-,-,-,-,None,-,-,-,-,-,-,-,-,-,-,-,-,-,-,-,-,-,-,-,-,-,-,-,-,-,-,-,-,-,-,-,-,-,-,-,-,-,-,-,-,-,-,-,-,-,-,-,-,-,-,-,-,-,-,-,-,-,-,-,-,-,-,-,-,-,-,None,0
ClanShipStun,Warlord,BranchYellow,6,20,ClanShipDmg,3,III,Anchoring Shot,Stun Titan for increased damage,40,700,700,700,700,700,700,700,700,700,700,700,700,700,700,700,700,700,700,700,700,700,700,700,700,700,700,700,700,700,700,700,700,700,700,700,700,700,700,700,700,-,-,-,-,-,-,-,-,-,-,-,-,-,-,-,-,-,-,-,-,-,-,-,-,-,-,1,3,4,5,6,7,8,9,10,11,12,13,14,15,16,17,18,19,20,21,22,24,31,34,38,42,47,52,58,64,79,98,121,150,185,228,281,347,428,528,-,-,-,-,-,-,-,-,-,-,-,-,-,-,-,-,-,-,-,-,-,-,-,-,-,-,ClanShipStunDamage,0.00E+00,2.20E+00,3.99E+00,8.66E+00,2.22E+01,6.65E+01,2.31E+02,9.14E+02,4.10E+03,2.05E+04,1.14E+05,6.91E+05,4.53E+06,3.18E+07,2.35E+08,1.82E+09,1.45E+10,1.18E+11,9.65E+11,7.87E+12,6.30E+13,4.90E+14,3.99E+15,4.99E+16,6.50E+17,9.12E+18,1.31E+20,1.95E+21,2.82E+22,3.89E+23,4.73E+24,6.33E+25,8.58E+26,1.19E+28,3.12E+29,1.75E+31,2.50E+33,1.13E+36,2.15E+39,2.39E+43,2.33E+48,-,-,-,-,-,-,-,-,-,-,-,-,-,-,-,-,-,-,-,-,-,-,-,-,-,ClanShipStunDuration,0.00,0.70,0.75,0.87,0.96,1.04,1.12,1.18,1.24,1.30,1.35,1.40,1.44,1.49,1.53,1.57,1.61,1.65,1.68,1.72,1.75,1.79,1.82,1.86,1.90,1.94,1.98,2.02,2.05,2.07,2.10,2.10,2.10,2.10,2.10,2.10,2.10,2.10,2.10,2.10,2.10,-,-,-,-,-,-,-,-,-,-,-,-,-,-,-,-,-,-,-,-,-,-,-,-,-,ClanShipStageSkip,0,7,9,11,13,15,17,19,21,23,25,27,29,31,33,35,36,37,38,39,40,41,42,43,44,45,46,47,48,49,50,50,50,50,50,50,50,50,50,50,50,50,50,50,50,-,-,-,-,-,-,-,-,-,-,-,-,-,-,-,-,-,-,-,-,-,None,0
HelperDmgQTE,Warlord,BranchYellow,7,50,ClanQTE,4,IV,Astral Awakening,Increased Hero QTE damage per bounce,30,5000,5000,5000,5000,5000,5000,5000,5000,5000,5000,5000,5000,5000,5000,5000,5000,5000,5000,5000,5000,5000,5000,5000,5000,5000,5000,5000,5000,5000,5000,-,-,-,-,-,-,-,-,-,-,-,-,-,-,-,-,-,-,-,-,-,-,-,-,-,-,-,-,-,-,-,-,-,-,-,-,3,6,9,14,18,22,26,30,34,38,42,45,49,52,54,57,60,63,65,68,89,116,151,196,255,331,430,559,726,943,-,-,-,-,-,-,-,-,-,-,-,-,-,-,-,-,-,-,-,-,-,-,-,-,-,-,-,-,-,-,-,-,-,-,-,-,HelperQTEDamage,0.00E+00,1.30E+00,4.29E+00,2.42E+01,3.26E+02,8.21E+03,3.65E+05,2.73E+07,3.23E+09,5.73E+11,1.44E+14,4.88E+16,1.83E+19,8.28E+21,3.78E+24,1.49E+27,5.45E+29,1.77E+32,4.88E+34,1.00E+37,1.60E+39,6.33E+41,6.50E+44,1.75E+48,1.12E+52,1.46E+56,2.52E+60,2.92E+64,5.61E+69,4.08E+76,3.33E+85,-,-,-,-,-,-,-,-,-,-,-,-,-,-,-,-,-,-,-,-,-,-,-,-,-,-,-,-,-,-,-,-,-,-,-,None,-,-,-,-,-,-,-,-,-,-,-,-,-,-,-,-,-,-,-,-,-,-,-,-,-,-,-,-,-,-,-,-,-,-,-,-,-,-,-,-,-,-,-,-,-,-,-,-,-,-,-,-,-,-,-,-,-,-,-,-,-,-,-,-,-,-,None,-,-,-,-,-,-,-,-,-,-,-,-,-,-,-,-,-,-,-,-,-,-,-,-,-,-,-,-,-,-,-,-,-,-,-,-,-,-,-,-,-,-,-,-,-,-,-,-,-,-,-,-,-,-,-,-,-,-,-,-,-,-,-,-,-,-,HelperQTECount,5
HelperBoostMultiCastSkill,Warlord,BranchYellow,8,50,HelperInspiredWeaken,4,IV,Command Supremacy,Stackable Way Cry,3,5000,5000,5000,-,-,-,-,-,-,-,-,-,-,-,-,-,-,-,-,-,-,-,-,-,-,-,-,-,-,-,-,-,-,-,-,-,-,-,-,-,-,-,-,-,-,-,-,-,-,-,-,-,-,-,-,-,-,-,-,-,-,-,-,-,-,-,20,70,160,-,-,-,-,-,-,-,-,-,-,-,-,-,-,-,-,-,-,-,-,-,-,-,-,-,-,-,-,-,-,-,-,-,-,-,-,-,-,-,-,-,-,-,-,-,-,-,-,-,-,-,-,-,-,-,-,-,-,-,-,-,-,-,HelperBoostSkillStacksBonus,0.00E+00,4.56E+02,2.05E+03,1.79E+04,-,-,-,-,-,-,-,-,-,-,-,-,-,-,-,-,-,-,-,-,-,-,-,-,-,-,-,-,-,-,-,-,-,-,-,-,-,-,-,-,-,-,-,-,-,-,-,-,-,-,-,-,-,-,-,-,-,-,-,-,-,-,HelperBoostSkillStacks,0.00,1,2,3,-,-,-,-,-,-,-,-,-,-,-,-,-,-,-,-,-,-,-,-,-,-,-,-,-,-,-,-,-,-,-,-,-,-,-,-,-,-,-,-,-,-,-,-,-,-,-,-,-,-,-,-,-,-,-,-,-,-,-,-,-,-,None,-,-,-,-,-,-,-,-,-,-,-,-,-,-,-,-,-,-,-,-,-,-,-,-,-,-,-,-,-,-,-,-,-,-,-,-,-,-,-,-,-,-,-,-,-,-,-,-,-,-,-,-,-,-,-,-,-,-,-,-,-,-,-,-,-,-,None,0
ClanShipVoltage,Warlord,BranchYellow,9,50,ClanShipStun,4,IV,Voltaic Sails,Stun Spell Unlock Skill,30,5000,5000,5000,5000,5000,5000,5000,5000,5000,5000,5000,5000,5000,5000,5000,5000,5000,5000,5000,5000,5000,5000,5000,5000,5000,5000,5000,5000,5000,5000,-,-,-,-,-,-,-,-,-,-,-,-,-,-,-,-,-,-,-,-,-,-,-,-,-,-,-,-,-,-,-,-,-,-,-,-,3,6,9,14,18,22,26,30,34,38,42,45,49,52,54,57,60,63,65,68,89,116,151,196,255,331,430,559,726,943,-,-,-,-,-,-,-,-,-,-,-,-,-,-,-,-,-,-,-,-,-,-,-,-,-,-,-,-,-,-,-,-,-,-,-,-,ThunderVolleySkillAmount,0.00E+00,2.40E+00,7.91E+00,4.47E+01,6.02E+02,1.52E+04,6.75E+05,5.03E+07,5.96E+09,1.06E+12,2.67E+14,9.01E+16,3.38E+19,1.53E+22,6.97E+24,2.75E+27,1.01E+30,3.27E+32,9.02E+34,1.85E+37,2.95E+39,1.17E+42,1.20E+45,3.22E+48,2.08E+52,2.69E+56,4.66E+60,5.40E+64,1.04E+70,7.53E+76,6.15E+85,-,-,-,-,-,-,-,-,-,-,-,-,-,-,-,-,-,-,-,-,-,-,-,-,-,-,-,-,-,-,-,-,-,-,-,ThunderVolleySkillSpecialDamage,0,1.28E+00,2.06E+00,3.28E+00,5.99E+00,1.18E+01,2.46E+01,5.49E+01,1.30E+02,3.23E+02,8.47E+02,2.33E+03,6.58E+03,1.94E+04,5.88E+04,1.79E+05,5.56E+05,1.77E+06,5.81E+06,1.91E+07,6.46E+07,6.46E+07,6.46E+07,6.46E+07,6.46E+07,6.46E+07,6.46E+07,6.46E+07,6.46E+07,6.46E+07,6.46E+07,-,-,-,-,-,-,-,-,-,-,-,-,-,-,-,-,-,-,-,-,-,-,-,-,-,-,-,-,-,-,-,-,-,-,-,ThunderVolleySkillDuration,0,1,11,26,51,85,127,179,240,311,392,484,583,693,811,935,1015,1075,1130,1170,1200,1200,1200,1200,1200,1200,1200,1200,1200,1200,1200,1200,1200,1200,1200,-,-,-,-,-,-,-,-,-,-,-,-,-,-,-,-,-,-,-,-,-,-,-,-,-,-,-,-,-,-,-,None,0
ClanShipVoltageMultiCastSkill,Warlord,BranchYellow,12,100,ClanShipVoltage,5,V,Galvanized Mast,Stackable Thunder Ship,3,9000,9000,9000,-,-,-,-,-,-,-,-,-,-,-,-,-,-,-,-,-,-,-,-,-,-,-,-,-,-,-,-,-,-,-,-,-,-,-,-,-,-,-,-,-,-,-,-,-,-,-,-,-,-,-,-,-,-,-,-,-,-,-,-,-,-,-,20,70,160,-,-,-,-,-,-,-,-,-,-,-,-,-,-,-,-,-,-,-,-,-,-,-,-,-,-,-,-,-,-,-,-,-,-,-,-,-,-,-,-,-,-,-,-,-,-,-,-,-,-,-,-,-,-,-,-,-,-,-,-,-,-,-,ThunderVolleySkillStacksBonus,0.00E+00,1.27E+02,1.30E+03,3.70E+04,-,-,-,-,-,-,-,-,-,-,-,-,-,-,-,-,-,-,-,-,-,-,-,-,-,-,-,-,-,-,-,-,-,-,-,-,-,-,-,-,-,-,-,-,-,-,-,-,-,-,-,-,-,-,-,-,-,-,-,-,-,-,ThunderVolleySkillStacks,0,1,2,3,-,-,-,-,-,-,-,-,-,-,-,-,-,-,-,-,-,-,-,-,-,-,-,-,-,-,-,-,-,-,-,-,-,-,-,-,-,-,-,-,-,-,-,-,-,-,-,-,-,-,-,-,-,-,-,-,-,-,-,-,-,-,None,-,-,-,-,-,-,-,-,-,-,-,-,-,-,-,-,-,-,-,-,-,-,-,-,-,-,-,-,-,-,-,-,-,-,-,-,-,-,-,-,-,-,-,-,-,-,-,-,-,-,-,-,-,-,-,-,-,-,-,-,-,-,-,-,-,-,None,0
CloneDmg,Sorcerer,BranchBlue,0,0,None,1,I,Phantom Vengeance,Increased clone dmg + attack rate,60,150,150,150,150,150,150,150,150,150,150,150,150,150,150,150,150,150,150,150,150,150,150,150,150,150,150,150,150,150,150,150,150,150,150,150,150,150,150,150,150,150,150,150,150,150,150,150,150,150,150,150,150,150,150,150,150,150,150,150,150,-,-,-,-,-,-,1,2,3,5,6,7,8,9,10,11,12,13,14,15,16,17,18,19,20,21,22,23,24,25,26,27,28,29,30,41,56,62,69,76,85,90,96,103,111,120,130,141,153,166,180,195,215,237,261,288,317,349,384,423,466,513,565,622,685,754,-,-,-,-,-,-,ShadowCloneSkillAmount,0.00E+00,1.50E+00,2.23E+00,4.00E+00,1.04E+01,3.18E+01,1.14E+02,4.76E+02,2.28E+03,1.25E+04,7.75E+04,5.39E+05,4.17E+06,3.56E+07,3.33E+08,3.37E+09,3.66E+10,4.24E+11,5.18E+12,6.62E+13,8.76E+14,1.19E+16,1.65E+17,2.30E+18,3.20E+19,4.41E+20,5.95E+21,7.80E+22,9.83E+23,1.18E+25,2.92E+26,1.81E+28,1.31E+30,1.11E+32,1.05E+34,1.13E+36,1.06E+38,8.50E+39,5.77E+41,3.20E+43,1.39E+45,4.40E+46,9.46E+47,2.64E+49,9.79E+50,4.92E+52,3.43E+54,3.69E+56,6.41E+58,1.88E+61,9.89E+63,9.80E+66,1.95E+70,8.29E+73,8.25E+77,2.09E+82,1.48E+87,3.23E+92,2.44E+98,7.26E+104,9.70E+111,-,-,-,-,-,ShadowCloneSkillAttackRate,0.00,0.10,0.25,0.45,0.71,0.95,1.19,1.42,1.65,1.88,2.12,2.35,2.58,2.82,3.05,3.29,3.52,3.76,4.00,4.24,4.48,4.72,4.96,5.20,5.44,5.69,5.93,6.17,6.42,6.66,6.99,7.41,7.86,8.20,8.50,8.77,8.77,8.77,8.77,8.77,8.77,8.77,8.77,8.77,8.77,8.77,8.77,8.77,8.77,8.77,8.77,8.77,8.77,8.77,8.77,8.77,8.77,8.77,8.77,8.77,8.77,-,-,-,-,-,None,-,-,-,-,-,-,-,-,-,-,-,-,-,-,-,-,-,-,-,-,-,-,-,-,-,-,-,-,-,-,-,-,-,-,-,-,-,-,-,-,-,-,-,-,-,-,-,-,-,-,-,-,-,-,-,-,-,-,-,-,-,-,-,-,-,-,None,0
MPCapacityBoost,Sorcerer,BranchBlue,1,3,CloneDmg,2,II,Limit Break,Increased mana capacity and regen,15,350,350,350,350,350,350,350,350,350,350,350,350,350,350,350,-,-,-,-,-,-,-,-,-,-,-,-,-,-,-,-,-,-,-,-,-,-,-,-,-,-,-,-,-,-,-,-,-,-,-,-,-,-,-,-,-,-,-,-,-,-,-,-,-,-,-,1,2,3,4,5,6,7,8,10,12,14,18,23,48,69,-,-,-,-,-,-,-,-,-,-,-,-,-,-,-,-,-,-,-,-,-,-,-,-,-,-,-,-,-,-,-,-,-,-,-,-,-,-,-,-,-,-,-,-,-,-,-,-,-,-,-,ManaPoolCap,0.00E+00,4.00E+00,1.00E+01,2.20E+01,4.20E+01,7.20E+01,1.14E+02,1.69E+02,2.40E+02,3.38E+02,4.69E+02,6.35E+02,8.70E+02,1.20E+03,1.97E+03,2.85E+03,-,-,-,-,-,-,-,-,-,-,-,-,-,-,-,-,-,-,-,-,-,-,-,-,-,-,-,-,-,-,-,-,-,-,-,-,-,-,-,-,-,-,-,-,-,-,-,-,-,-,AllManaSourceMult,0.000,1.10,1.26,1.40,1.53,1.64,1.74,1.84,1.93,2.03,2.12,2.22,2.33,2.44,2.64,2.82,-,-,-,-,-,-,-,-,-,-,-,-,-,-,-,-,-,-,-,-,-,-,-,-,-,-,-,-,-,-,-,-,-,-,-,-,-,-,-,-,-,-,-,-,-,-,-,-,-,-,None,-,-,-,-,-,-,-,-,-,-,-,-,-,-,-,-,-,-,-,-,-,-,-,-,-,-,-,-,-,-,-,-,-,-,-,-,-,-,-,-,-,-,-,-,-,-,-,-,-,-,-,-,-,-,-,-,-,-,-,-,-,-,-,-,-,-,None,0
CloneSkillBoost,Sorcerer,BranchBlue,2,3,CloneDmg,2,II,Eternal Darkness,Increased clone duration + titan skip,9,350,350,350,350,350,350,350,350,350,-,-,-,-,-,-,-,-,-,-,-,-,-,-,-,-,-,-,-,-,-,-,-,-,-,-,-,-,-,-,-,-,-,-,-,-,-,-,-,-,-,-,-,-,-,-,-,-,-,-,-,-,-,-,-,-,-,1,2,3,4,4,5,6,7,8,-,-,-,-,-,-,-,-,-,-,-,-,-,-,-,-,-,-,-,-,-,-,-,-,-,-,-,-,-,-,-,-,-,-,-,-,-,-,-,-,-,-,-,-,-,-,-,-,-,-,-,-,-,-,-,-,-,ShadowCloneSkillDuration,0.00E+00,5.00E+00,7.00E+00,1.30E+01,2.70E+01,5.00E+01,9.00E+01,1.56E+02,2.58E+02,4.07E+02,-,-,-,-,-,-,-,-,-,-,-,-,-,-,-,-,-,-,-,-,-,-,-,-,-,-,-,-,-,-,-,-,-,-,-,-,-,-,-,-,-,-,-,-,-,-,-,-,-,-,-,-,-,-,-,-,ShadowCloneTitanSkip,0,5,10,15,19,23,27,31,35,38,-,-,-,-,-,-,-,-,-,-,-,-,-,-,-,-,-,-,-,-,-,-,-,-,-,-,-,-,-,-,-,-,-,-,-,-,-,-,-,-,-,-,-,-,-,-,-,-,-,-,-,-,-,-,-,-,ShadowCloneStageSkip,0,5,9,14,19,24,28,32,36,40,-,-,-,-,-,-,-,-,-,-,-,-,-,-,-,-,-,-,-,-,-,-,-,-,-,-,-,-,-,-,-,-,-,-,-,-,-,-,-,-,-,-,-,-,-,-,-,-,-,-,-,-,-,-,-,-,ShadowCloneBossSplash,0.15
ManaStealSkillBoost,Sorcerer,BranchBlue,3,3,CloneDmg,2,II,Mana Siphon,Chance to gain additional mana per tap,15,350,350,350,350,350,350,350,350,350,350,350,350,350,350,350,-,-,-,-,-,-,-,-,-,-,-,-,-,-,-,-,-,-,-,-,-,-,-,-,-,-,-,-,-,-,-,-,-,-,-,-,-,-,-,-,-,-,-,-,-,-,-,-,-,-,-,1,2,3,4,5,6,7,8,10,12,14,18,23,48,69,-,-,-,-,-,-,-,-,-,-,-,-,-,-,-,-,-,-,-,-,-,-,-,-,-,-,-,-,-,-,-,-,-,-,-,-,-,-,-,-,-,-,-,-,-,-,-,-,-,-,-,ManaTapRegenAmount,0.00E+00,1.40E+00,1.72E+00,2.19E+00,2.80E+00,3.55E+00,4.44E+00,5.47E+00,6.64E+00,8.09E+00,9.81E+00,1.18E+01,1.44E+01,1.76E+01,2.43E+01,3.37E+01,-,-,-,-,-,-,-,-,-,-,-,-,-,-,-,-,-,-,-,-,-,-,-,-,-,-,-,-,-,-,-,-,-,-,-,-,-,-,-,-,-,-,-,-,-,-,-,-,-,-,ManaStealChance,0.005,0.005,0.005,0.005,0.005,0.005,0.005,0.005,0.005,0.005,0.005,0.005,0.005,0.005,0.005,0.005,0.005,0.005,0.005,0.005,0.005,0.005,0.005,0.005,0.005,0.005,-,-,-,-,-,-,-,-,-,-,-,-,-,-,-,-,-,-,-,-,-,-,-,-,-,-,-,-,-,-,-,-,-,-,-,-,-,-,-,-,None,-,-,-,-,-,-,-,-,-,-,-,-,-,-,-,-,-,-,-,-,-,-,-,-,-,-,-,-,-,-,-,-,-,-,-,-,-,-,-,-,-,-,-,-,-,-,-,-,-,-,-,-,-,-,-,-,-,-,-,-,-,-,-,-,-,-,None,0
ManaMonster,Sorcerer,BranchBlue,4,20,MPCapacityBoost,3,III,Manni Mana,Chance for mana monster to spawn (gives mana),15,800,800,800,800,800,800,800,800,800,800,800,800,800,800,800,-,-,-,-,-,-,-,-,-,-,-,-,-,-,-,-,-,-,-,-,-,-,-,-,-,-,-,-,-,-,-,-,-,-,-,-,-,-,-,-,-,-,-,-,-,-,-,-,-,-,-,1,2,3,4,5,6,7,8,10,12,14,18,23,48,69,-,-,-,-,-,-,-,-,-,-,-,-,-,-,-,-,-,-,-,-,-,-,-,-,-,-,-,-,-,-,-,-,-,-,-,-,-,-,-,-,-,-,-,-,-,-,-,-,-,-,-,ManaMonsterAmount,0.00E+00,1.00E+00,3.00E+00,5.00E+00,7.00E+00,1.00E+01,1.30E+01,1.60E+01,2.00E+01,2.40E+01,2.90E+01,3.40E+01,4.00E+01,4.80E+01,6.30E+01,8.30E+01,-,-,-,-,-,-,-,-,-,-,-,-,-,-,-,-,-,-,-,-,-,-,-,-,-,-,-,-,-,-,-,-,-,-,-,-,-,-,-,-,-,-,-,-,-,-,-,-,-,-,ManaMonsterSpawnChance,0.0,0.0,0.0,0.0,0.0,0.0,0.0,0.0,0.0,0.0,0.0,0.0,0.0,0.0,0.0,0.0,0.0,0.0,0.0,0.0,0.0,0.0,0.0,0.0,0.0,0.0,-,-,-,-,-,-,-,-,-,-,-,-,-,-,-,-,-,-,-,-,-,-,-,-,-,-,-,-,-,-,-,-,-,-,-,-,-,-,-,-,None,-,-,-,-,-,-,-,-,-,-,-,-,-,-,-,-,-,-,-,-,-,-,-,-,-,-,-,-,-,-,-,-,-,-,-,-,-,-,-,-,-,-,-,-,-,-,-,-,-,-,-,-,-,-,-,-,-,-,-,-,-,-,-,-,-,-,None,0
BossTimer,Sorcerer,BranchBlue,5,20,CloneSkillBoost,3,III,Dimensional Shift,Increase active skill effects and duration,50,800,800,800,800,800,800,800,800,800,800,800,800,800,800,800,800,800,800,800,800,800,800,800,800,800,800,800,800,800,800,800,800,800,800,800,800,800,800,800,800,800,800,800,800,800,800,800,800,800,800,-,-,-,-,-,-,-,-,-,-,-,-,-,-,-,-,1,3,4,5,6,7,8,9,10,11,12,13,14,15,16,17,18,19,20,21,22,24,31,34,38,42,47,52,58,64,69,75,82,90,99,109,120,132,145,159,174,215,265,327,403,497,613,756,932,1149,-,-,-,-,-,-,-,-,-,-,-,-,-,-,-,-,ShadowCloneAllSkillBoost,0.00E+00,1.20E+00,1.37E+00,1.63E+00,2.01E+00,2.58E+00,3.42E+00,4.69E+00,6.64E+00,9.66E+00,1.44E+01,2.21E+01,3.47E+01,5.56E+01,9.07E+01,1.50E+02,2.53E+02,4.32E+02,7.45E+02,1.29E+03,2.27E+03,3.98E+03,7.18E+03,1.49E+04,3.21E+04,7.26E+04,1.72E+05,4.27E+05,1.11E+06,3.03E+06,8.57E+06,2.44E+07,7.04E+07,2.05E+08,6.01E+08,1.76E+09,5.12E+09,1.45E+10,3.94E+10,1.01E+11,2.36E+11,5.47E+11,1.55E+12,5.57E+12,2.71E+13,1.90E+14,2.10E+15,4.07E+16,1.58E+18,1.43E+20,3.70E+22,-,-,-,-,-,-,-,-,-,-,-,-,-,-,-,ShadowCloneAllSkillDurationRate,1.000,0.970,0.927,0.886,0.853,0.823,0.796,0.770,0.747,0.724,0.702,0.682,0.662,0.642,0.624,0.606,0.588,0.571,0.554,0.537,0.521,0.505,0.489,0.470,0.450,0.430,0.409,0.390,0.376,0.363,0.350,0.350,0.350,0.350,0.350,0.350,0.350,0.350,0.350,0.350,0.350,0.350,0.350,0.350,0.350,0.350,0.350,0.350,0.350,0.350,0.350,-,-,-,-,-,-,-,-,-,-,-,-,-,-,-,None,-,-,-,-,-,-,-,-,-,-,-,-,-,-,-,-,-,-,-,-,-,-,-,-,-,-,-,-,-,-,-,-,-,-,-,-,-,-,-,-,-,-,-,-,-,-,-,-,-,-,-,-,-,-,-,-,-,-,-,-,-,-,-,-,-,-,None,0
CritSkillBoost,Sorcerer,BranchBlue,6,20,ManaStealSkillBoost,3,III,Lightning Strike,Chance to deal damage equal to percent of monster hp,30,800,800,800,800,800,800,800,800,800,800,800,800,800,800,800,800,800,800,800,800,800,800,800,800,800,800,800,800,800,800,-,-,-,-,-,-,-,-,-,-,-,-,-,-,-,-,-,-,-,-,-,-,-,-,-,-,-,-,-,-,-,-,-,-,-,-,1,3,4,5,6,7,8,9,10,11,12,13,14,15,16,17,18,19,20,21,22,24,31,34,38,42,47,52,58,64,-,-,-,-,-,-,-,-,-,-,-,-,-,-,-,-,-,-,-,-,-,-,-,-,-,-,-,-,-,-,-,-,-,-,-,-,LightningStrikeDamage,0.00E+00,1.00E-01,1.60E-01,2.29E-01,2.84E-01,3.30E-01,3.70E-01,4.07E-01,4.41E-01,4.73E-01,5.02E-01,5.30E-01,5.57E-01,5.82E-01,6.06E-01,6.29E-01,6.51E-01,6.73E-01,6.94E-01,7.14E-01,7.33E-01,7.52E-01,7.71E-01,7.94E-01,8.17E-01,8.41E-01,8.65E-01,8.90E-01,9.04E-01,9.18E-01,9.31E-01,-,-,-,-,-,-,-,-,-,-,-,-,-,-,-,-,-,-,-,-,-,-,-,-,-,-,-,-,-,-,-,-,-,-,-,LightningStrikeEfficiency,0.000,0.936,0.941,0.944,0.947,0.949,0.951,0.953,0.954,0.956,0.957,0.959,0.960,0.962,0.963,0.964,0.965,0.966,0.967,0.968,0.969,0.970,0.971,0.973,0.974,0.975,0.976,0.977,0.978,0.979,0.980,-,-,-,-,-,-,-,-,-,-,-,-,-,-,-,-,-,-,-,-,-,-,-,-,-,-,-,-,-,-,-,-,-,-,-,None,-,-,-,-,-,-,-,-,-,-,-,-,-,-,-,-,-,-,-,-,-,-,-,-,-,-,-,-,-,-,-,-,-,-,-,-,-,-,-,-,-,-,-,-,-,-,-,-,-,-,-,-,-,-,-,-,-,-,-,-,-,-,-,-,-,-,LightningStrikeChance,0.02
ForbiddenContract,Sorcerer,BranchBlue,7,50,ManaMonster,4,IV,Forbidden Contract,Activate QTE to drain mana for more damage.,30,6000,6000,6000,6000,6000,6000,6000,6000,6000,6000,6000,6000,6000,6000,6000,6000,6000,6000,6000,6000,6000,6000,6000,6000,6000,6000,6000,6000,6000,6000,-,-,-,-,-,-,-,-,-,-,-,-,-,-,-,-,-,-,-,-,-,-,-,-,-,-,-,-,-,-,-,-,-,-,-,-,3,6,9,14,18,22,26,30,34,38,42,45,49,52,54,57,60,63,65,68,89,116,151,196,255,331,430,559,726,943,-,-,-,-,-,-,-,-,-,-,-,-,-,-,-,-,-,-,-,-,-,-,-,-,-,-,-,-,-,-,-,-,-,-,-,-,ForbiddenContractMaxDamage,0.00E+00,3.50E+01,1.15E+02,6.52E+02,8.78E+03,2.21E+05,9.84E+06,7.34E+08,8.69E+10,1.54E+13,3.89E+15,1.31E+18,4.93E+20,2.23E+23,1.02E+26,4.01E+28,1.47E+31,4.77E+33,1.31E+36,2.70E+38,4.30E+40,1.71E+43,1.75E+46,4.70E+49,3.03E+53,3.93E+57,6.79E+61,7.87E+65,1.51E+71,1.10E+78,8.97E+86,-,-,-,-,-,-,-,-,-,-,-,-,-,-,-,-,-,-,-,-,-,-,-,-,-,-,-,-,-,-,-,-,-,-,-,ForbiddenContractManaCostBase,0.00,0.33,0.41,0.48,0.54,0.59,0.64,0.68,0.73,0.76,0.80,0.83,0.87,0.90,0.92,0.95,0.98,1.00,1.00,1.00,1.00,1.00,1.00,1.00,1.00,1.00,1.00,1.00,1.00,1.00,1.00,-,-,-,-,-,-,-,-,-,-,-,-,-,-,-,-,-,-,-,-,-,-,-,-,-,-,-,-,-,-,-,-,-,-,-,None,-,-,-,-,-,-,-,-,-,-,-,-,-,-,-,-,-,-,-,-,-,-,-,-,-,-,-,-,-,-,-,-,-,-,-,-,-,-,-,-,-,-,-,-,-,-,-,-,-,-,-,-,-,-,-,-,-,-,-,-,-,-,-,-,-,-,ForbiddenContractTimeUntilMaxDamage,1
ShadowCloneMultiCastSkill,Sorcerer,BranchBlue,8,50,BossTimer,4,IV,Phantom Control,Stackable Shadow Clone,3,6000,6000,6000,-,-,-,-,-,-,-,-,-,-,-,-,-,-,-,-,-,-,-,-,-,-,-,-,-,-,-,-,-,-,-,-,-,-,-,-,-,-,-,-,-,-,-,-,-,-,-,-,-,-,-,-,-,-,-,-,-,-,-,-,-,-,-,20,70,160,-,-,-,-,-,-,-,-,-,-,-,-,-,-,-,-,-,-,-,-,-,-,-,-,-,-,-,-,-,-,-,-,-,-,-,-,-,-,-,-,-,-,-,-,-,-,-,-,-,-,-,-,-,-,-,-,-,-,-,-,-,-,-,ShadowCloneSkillStacksBonus,0.00E+00,4.56E+02,2.31E+03,2.39E+04,-,-,-,-,-,-,-,-,-,-,-,-,-,-,-,-,-,-,-,-,-,-,-,-,-,-,-,-,-,-,-,-,-,-,-,-,-,-,-,-,-,-,-,-,-,-,-,-,-,-,-,-,-,-,-,-,-,-,-,-,-,-,ShadowCloneSkillStacks,0,1,2,3,-,-,-,-,-,-,-,-,-,-,-,-,-,-,-,-,-,-,-,-,-,-,-,-,-,-,-,-,-,-,-,-,-,-,-,-,-,-,-,-,-,-,-,-,-,-,-,-,-,-,-,-,-,-,-,-,-,-,-,-,-,-,None,-,-,-,-,-,-,-,-,-,-,-,-,-,-,-,-,-,-,-,-,-,-,-,-,-,-,-,-,-,-,-,-,-,-,-,-,-,-,-,-,-,-,-,-,-,-,-,-,-,-,-,-,-,-,-,-,-,-,-,-,-,-,-,-,-,-,None,0
PuppetMaster,Sorcerer,BranchBlue,9,50,CritSkillBoost,4,IV,Nightmare Puppeteer,Damage based on Shadow Clone Special Attempts + Special Attempts,30,6000,6000,6000,6000,6000,6000,6000,6000,6000,6000,6000,6000,6000,6000,6000,6000,6000,6000,6000,6000,6000,6000,6000,6000,6000,6000,6000,6000,6000,6000,-,-,-,-,-,-,-,-,-,-,-,-,-,-,-,-,-,-,-,-,-,-,-,-,-,-,-,-,-,-,-,-,-,-,-,-,3,6,9,14,18,22,26,30,34,38,42,45,49,52,54,57,60,63,65,68,89,116,151,196,255,331,430,559,726,943,-,-,-,-,-,-,-,-,-,-,-,-,-,-,-,-,-,-,-,-,-,-,-,-,-,-,-,-,-,-,-,-,-,-,-,-,ShadowCloneSkillSpecialDamage,0.00E+00,3.00E+00,9.89E+00,5.59E+01,7.53E+02,1.89E+04,8.43E+05,6.29E+07,7.44E+09,1.32E+12,3.33E+14,1.13E+17,4.23E+19,1.91E+22,8.72E+24,3.44E+27,1.26E+30,4.09E+32,1.13E+35,2.31E+37,3.69E+39,1.46E+42,1.50E+45,4.03E+48,2.59E+52,3.37E+56,5.82E+60,6.75E+64,1.29E+70,9.41E+76,7.69E+85,-,-,-,-,-,-,-,-,-,-,-,-,-,-,-,-,-,-,-,-,-,-,-,-,-,-,-,-,-,-,-,-,-,-,-,ShadowCloneSkillSpecialRate,0.00,1.02,1.04,1.06,1.07,1.08,1.09,1.10,1.11,1.11,1.12,1.13,1.13,1.14,1.14,1.15,1.16,1.16,1.17,1.17,1.17,1.17,1.17,1.17,1.17,1.17,1.17,1.17,1.17,1.17,1.17,-,-,-,-,-,-,-,-,-,-,-,-,-,-,-,-,-,-,-,-,-,-,-,-,-,-,-,-,-,-,-,-,-,-,-,None,-,-,-,-,-,-,-,-,-,-,-,-,-,-,-,-,-,-,-,-,-,-,-,-,-,-,-,-,-,-,-,-,-,-,-,-,-,-,-,-,-,-,-,-,-,-,-,-,-,-,-,-,-,-,-,-,-,-,-,-,-,-,-,-,-,-,ShadowCloneSkillSpecialChance,0.0013
TerrifyingPact,Sorcerer,BranchBlue,10,100,ForbiddenContract,5,V,Terrifying Pact,Reduced Titan Count and increased Effect during Contracts,30,10000,10000,10000,10000,10000,10000,10000,10000,10000,10000,10000,10000,10000,10000,10000,10000,10000,10000,10000,10000,10000,10000,10000,10000,10000,10000,10000,10000,10000,10000,-,-,-,-,-,-,-,-,-,-,-,-,-,-,-,-,-,-,-,-,-,-,-,-,-,-,-,-,-,-,-,-,-,-,-,-,3,6,9,14,18,22,26,30,34,38,42,45,49,52,54,57,60,63,65,68,93,127,174,238,325,444,606,827,1129,1540,-,-,-,-,-,-,-,-,-,-,-,-,-,-,-,-,-,-,-,-,-,-,-,-,-,-,-,-,-,-,-,-,-,-,-,-,ForbiddenContractBonusGold,0.00E+00,3.00E+00,1.65E+01,1.97E+02,8.27E+03,8.65E+05,2.10E+08,1.10E+11,1.17E+14,2.31E+17,7.99E+20,4.46E+24,3.08E+28,2.99E+32,3.17E+36,2.92E+40,2.64E+44,2.20E+48,1.60E+52,8.36E+55,3.40E+59,1.21E+64,5.84E+69,6.63E+76,2.91E+85,7.61E+95,1.61E+108,2.57E+122,1.56E+138,6.20E+154,3.84E+175,-,-,-,-,-,-,-,-,-,-,-,-,-,-,-,-,-,-,-,-,-,-,-,-,-,-,-,-,-,-,-,-,-,-,-,RoyalContractBonusDamage,0.00E+00,2.16E+00,7.11E+00,4.04E+01,5.52E+02,1.43E+04,6.69E+05,5.37E+07,7.03E+09,1.43E+12,4.28E+14,1.80E+17,8.75E+19,5.41E+22,3.55E+25,2.12E+28,1.24E+31,6.92E+33,3.49E+36,1.40E+39,4.70E+41,7.21E+44,6.86E+48,5.96E+53,6.69E+59,1.31E+67,5.56E+75,4.87E+85,5.44E+96,2.26E+108,8.11E+122,-,-,-,-,-,-,-,-,-,-,-,-,-,-,-,-,-,-,-,-,-,-,-,-,-,-,-,-,-,-,-,-,-,-,-,AnyContractMonsterCount,0,1,2,3,4,5,6,7,7,7,7,7,7,7,7,7,7,7,7,7,7,7,7,7,7,7,7,7,7,7,7,7,7,7,7,-,-,-,-,-,-,-,-,-,-,-,-,-,-,-,-,-,-,-,-,-,-,-,-,-,-,-,-,-,-,-,None,0
OfflineGold,Rogue,BranchGreen,0,0,None,1,I,Master Thief,All Gold / Jackpot Gold (Change to AG and JC),60,200,200,200,200,200,200,200,200,200,200,200,200,200,200,200,200,200,200,200,200,200,200,200,200,200,200,200,200,200,200,200,200,200,200,200,200,200,200,200,200,200,200,200,200,200,200,200,200,200,200,200,200,200,200,200,200,200,200,200,200,-,-,-,-,-,-,1,2,3,5,6,7,8,9,10,11,12,13,14,15,16,17,18,19,20,21,22,23,24,25,26,27,28,29,30,41,56,62,69,76,85,90,96,103,111,120,130,141,153,166,180,195,215,237,261,288,317,349,384,423,466,513,565,622,685,754,-,-,-,-,-,-,GoldAll,0.00E+00,1.60E+00,2.82E+00,6.51E+00,2.54E+01,1.26E+02,7.80E+02,5.99E+03,5.63E+04,6.38E+05,8.65E+06,1.38E+08,2.57E+09,5.51E+10,1.34E+12,3.66E+13,1.11E+15,3.66E+16,1.31E+18,4.97E+19,1.99E+21,8.28E+22,3.53E+24,1.52E+26,6.56E+27,2.78E+29,1.15E+31,4.53E+32,1.69E+34,5.88E+35,5.75E+37,2.09E+40,9.46E+42,5.42E+45,3.57E+48,2.87E+51,1.88E+54,9.87E+56,4.09E+59,1.27E+62,2.76E+64,3.86E+66,3.09E+68,3.59E+70,6.26E+72,1.69E+75,7.24E+77,5.79E+80,9.17E+83,3.06E+87,2.37E+91,4.51E+95,2.32E+100,3.55E+105,1.83E+111,3.58E+117,3.02E+124,1.28E+132,3.20E+140,5.68E+149,8.59E+159,-,-,-,-,-,None,-,-,-,-,-,-,-,-,-,-,-,-,-,-,-,-,-,-,-,-,-,-,-,-,-,-,-,-,-,-,-,-,-,-,-,-,-,-,-,-,-,-,-,-,-,-,-,-,-,-,-,-,-,-,-,-,-,-,-,-,-,-,-,-,-,-,None,-,-,-,-,-,-,-,-,-,-,-,-,-,-,-,-,-,-,-,-,-,-,-,-,-,-,-,-,-,-,-,-,-,-,-,-,-,-,-,-,-,-,-,-,-,-,-,-,-,-,-,-,-,-,-,-,-,-,-,-,-,-,-,-,-,-,None,0
CritSkillBoostDmg,Rogue,BranchGreen,1,3,OfflineGold,2,II,Assassinate,Deadly Strike damage / duration boost,50,400,400,400,400,400,400,400,400,400,400,400,400,400,400,400,400,400,400,400,400,400,400,400,400,400,400,400,400,400,400,400,400,400,400,400,400,400,400,400,400,400,400,400,400,400,400,400,400,400,400,-,-,-,-,-,-,-,-,-,-,-,-,-,-,-,-,1,3,4,5,6,7,8,9,10,11,12,13,14,15,16,17,18,19,20,21,22,24,31,34,38,42,47,52,58,64,69,75,82,90,99,109,120,132,145,159,174,203,237,277,323,377,440,514,600,700,-,-,-,-,-,-,-,-,-,-,-,-,-,-,-,-,CritBoostSkillAmount,0.00E+00,1.45E+00,3.21E+00,9.05E+00,3.21E+01,1.41E+02,7.60E+02,4.96E+03,3.87E+04,3.57E+05,3.83E+06,4.73E+07,6.63E+08,1.04E+10,1.81E+11,3.44E+12,7.02E+13,1.52E+15,3.47E+16,8.17E+17,1.96E+19,4.74E+20,1.30E+22,7.66E+23,5.31E+25,4.70E+27,5.00E+29,6.75E+31,1.07E+34,2.06E+36,4.35E+38,8.66E+40,1.62E+43,2.76E+45,4.12E+47,5.01E+49,4.55E+51,2.74E+53,1.26E+55,8.49E+56,8.56E+58,1.33E+61,4.82E+63,4.67E+66,1.45E+70,1.70E+74,9.57E+78,3.35E+84,1.01E+91,3.66E+98,2.42E+107,-,-,-,-,-,-,-,-,-,-,-,-,-,-,-,CritBoostSkillDuration,0,1,2,3,4,5,8,12,18,26,37,50,67,89,115,146,183,227,278,337,406,483,576,707,865,955,1040,1118,1188,1268,1328,1328,1328,1328,1328,1328,1328,1328,1328,1328,1328,1328,1328,1328,1328,1328,1328,1328,1328,1328,1328,-,-,-,-,-,-,-,-,-,-,-,-,-,-,-,None,-,-,-,-,-,-,-,-,-,-,-,-,-,-,-,-,-,-,-,-,-,-,-,-,-,-,-,-,-,-,-,-,-,-,-,-,-,-,-,-,-,-,-,-,-,-,-,-,-,-,-,-,-,-,-,-,-,-,-,-,-,-,-,-,-,-,None,0
UltraDagger,Rogue,BranchGreen,2,3,OfflineGold,2,II,Summon Dagger,Dagger QTE to deal damage and cooldown and titan skip,50,400,400,400,400,400,400,400,400,400,400,400,400,400,400,400,400,400,400,400,400,400,400,400,400,400,400,400,400,400,400,400,400,400,400,400,400,400,400,400,400,400,400,400,400,400,400,400,400,400,400,-,-,-,-,-,-,-,-,-,-,-,-,-,-,-,-,1,3,4,5,6,7,8,9,10,11,12,13,14,15,16,17,18,19,20,21,22,24,31,34,38,42,47,52,58,64,69,75,82,90,99,109,120,132,145,159,174,203,237,277,323,377,440,514,600,700,-,-,-,-,-,-,-,-,-,-,-,-,-,-,-,-,UltraDaggerDamage,0.00E+00,1.60E+00,2.91E+00,6.32E+00,1.63E+01,4.96E+01,1.75E+02,7.16E+02,3.34E+03,1.77E+04,1.05E+05,6.90E+05,5.00E+06,3.95E+07,3.36E+08,3.06E+09,2.94E+10,2.95E+11,3.08E+12,3.29E+13,3.57E+14,3.89E+15,4.67E+16,9.91E+17,2.38E+19,6.87E+20,2.28E+22,9.01E+23,4.04E+25,2.08E+27,1.15E+29,6.11E+30,3.09E+32,1.46E+34,6.22E+35,2.28E+37,6.70E+38,1.45E+40,2.57E+41,6.02E+42,1.92E+44,8.45E+45,7.01E+47,1.22E+50,5.05E+52,5.70E+55,2.08E+59,3.00E+63,2.16E+68,1.01E+74,4.18E+80,-,-,-,-,-,-,-,-,-,-,-,-,-,-,-,UltraDaggerCooldown,0.00,0.10,0.22,0.34,0.44,0.54,0.63,0.71,0.79,0.87,0.95,1.02,1.09,1.16,1.23,1.30,1.37,1.43,1.50,1.56,1.62,1.69,1.75,1.83,1.91,1.99,2.07,2.16,2.26,2.35,2.45,2.45,2.45,2.45,2.45,2.45,2.45,2.45,2.45,2.45,2.45,2.45,2.45,2.45,2.45,2.45,2.45,2.45,2.45,2.45,2.45,-,-,-,-,-,-,-,-,-,-,-,-,-,-,-,UltraDaggerTitanSkip,0,2,4,6,8,10,12,14,16,18,20,21,22,23,24,25,26,27,28,29,30,31,32,33,34,35,36,37,38,39,40,40,40,40,40,40,40,40,40,40,40,40,40,40,40,40,40,40,40,40,40,40,40,40,40,-,-,-,-,-,-,-,-,-,-,-,UltraDaggerCount,1
Cloaking,Rogue,BranchGreen,3,3,OfflineGold,2,II,Cloaking,Killing bosses has a chance to skip stages.,9,400,400,400,400,400,400,400,400,400,-,-,-,-,-,-,-,-,-,-,-,-,-,-,-,-,-,-,-,-,-,-,-,-,-,-,-,-,-,-,-,-,-,-,-,-,-,-,-,-,-,-,-,-,-,-,-,-,-,-,-,-,-,-,-,-,-,1,2,3,4,4,5,6,7,8,-,-,-,-,-,-,-,-,-,-,-,-,-,-,-,-,-,-,-,-,-,-,-,-,-,-,-,-,-,-,-,-,-,-,-,-,-,,,,,,,,,,,,,,,,,,,,,CloakedSkipChance,0.00E+00,3.00E-02,6.00E-02,1.20E-01,1.70E-01,2.10E-01,2.60E-01,3.00E-01,3.50E-01,4.00E-01,-,-,-,-,-,-,-,-,-,-,-,-,-,-,-,-,-,-,-,-,-,-,-,-,-,-,-,-,-,-,-,-,-,-,-,-,-,-,-,-,-,-,-,-,-,-,-,-,-,-,-,-,-,-,-,-,CloakedSkipAmount,10,10,10,10,10,10,10,10,10,10,-,-,-,-,-,-,-,-,-,-,-,-,-,-,-,-,-,-,-,-,-,-,-,-,-,-,-,-,-,-,-,-,-,-,-,-,-,-,-,-,-,-,-,-,-,-,-,-,-,-,-,-,-,-,-,-,None,-,-,-,-,-,-,-,-,-,-,-,-,-,-,-,-,-,-,-,-,-,-,-,-,-,-,-,-,-,-,-,-,-,-,-,-,-,-,-,-,-,-,-,-,-,-,-,-,-,-,-,-,-,-,-,-,-,-,-,-,-,-,-,-,-,-,CloakedStageDuration,1
Backstab,Rogue,BranchGreen,4,20,CritSkillBoostDmg,3,III,Backstab,Crit Damage during Deadly Strike,50,900,900,900,900,900,900,900,900,900,900,900,900,900,900,900,900,900,900,900,900,900,900,900,900,900,900,900,900,900,900,900,900,900,900,900,900,900,900,900,900,900,900,900,900,900,900,900,900,900,900,-,-,-,-,-,-,-,-,-,-,-,-,-,-,-,-,1,3,4,5,6,7,8,9,10,11,12,13,14,15,16,17,18,19,20,21,22,24,31,34,38,42,47,52,58,64,69,75,82,90,99,109,120,132,145,159,174,215,265,327,403,497,613,756,932,1149,-,-,-,-,-,-,-,-,-,-,-,-,-,-,-,-,CritBoostSkillCritDamage,0.00E+00,1.40E+00,2.54E+00,5.54E+00,1.43E+01,4.38E+01,1.56E+02,6.47E+02,3.08E+03,1.67E+04,1.02E+05,6.95E+05,5.26E+06,4.38E+07,3.97E+08,3.87E+09,4.04E+10,4.47E+11,5.18E+12,6.23E+13,7.72E+14,9.75E+15,1.39E+17,3.72E+18,1.17E+20,4.63E+21,2.21E+23,1.34E+25,9.87E+26,9.04E+28,9.74E+30,1.09E+33,1.27E+35,1.56E+37,1.98E+39,2.50E+41,3.02E+43,3.28E+45,2.95E+47,2.00E+49,9.22E+50,4.07E+52,4.38E+54,1.40E+57,1.72E+60,1.11E+64,5.52E+68,3.43E+74,4.79E+81,3.08E+90,2.23E+101,-,-,-,-,-,-,-,-,-,-,-,-,-,-,-,None,-,-,-,-,-,-,-,-,-,-,-,-,-,-,-,-,-,-,-,-,-,-,-,-,-,-,-,-,-,-,-,-,-,-,-,-,-,-,-,-,-,-,-,-,-,-,-,-,-,-,-,-,-,-,-,-,-,-,-,-,-,-,-,-,-,-,None,-,-,-,-,-,-,-,-,-,-,-,-,-,-,-,-,-,-,-,-,-,-,-,-,-,-,-,-,-,-,-,-,-,-,-,-,-,-,-,-,-,-,-,-,-,-,-,-,-,-,-,-,-,-,-,-,-,-,-,-,-,-,-,-,-,-,None,0
PoisonedBlade,Rogue,BranchGreen,5,20,UltraDagger,3,III,Poison Edge,Daggers cause Titans to take more damage.,40,900,900,900,900,900,900,900,900,900,900,900,900,900,900,900,900,900,900,900,900,900,900,900,900,900,900,900,900,900,900,900,900,900,900,900,900,900,900,900,900,-,-,-,-,-,-,-,-,-,-,-,-,-,-,-,-,-,-,-,-,-,-,-,-,-,-,1,3,4,5,6,7,8,9,10,11,12,13,14,15,16,17,18,19,20,21,22,24,31,34,38,42,47,52,58,64,79,98,121,150,185,228,281,347,428,528,-,-,-,-,-,-,-,-,-,-,-,-,-,-,-,-,-,-,-,-,-,-,-,-,-,-,UltraDaggerPoisonBoost,0.00E+00,1.45E+00,2.63E+00,5.71E+00,1.46E+01,4.39E+01,1.52E+02,6.02E+02,2.70E+03,1.35E+04,7.51E+04,4.55E+05,2.99E+06,2.09E+07,1.55E+08,1.20E+09,9.55E+09,7.77E+10,6.36E+11,5.18E+12,4.15E+13,3.23E+14,2.63E+15,3.29E+16,4.28E+17,6.01E+18,8.65E+19,1.29E+21,1.86E+22,2.56E+23,3.12E+24,4.17E+25,5.65E+26,7.87E+27,2.06E+29,1.15E+31,1.65E+33,7.45E+35,1.42E+39,1.57E+43,1.54E+48,-,-,-,-,-,-,-,-,-,-,-,-,-,-,-,-,-,-,-,-,-,-,-,-,-,UltraDaggerCount,0,1,1,2,2,3,3,3,3,3,4,4,4,4,4,4,4,5,5,5,5,5,5,5,5,6,6,6,6,6,6,6,6,6,6,6,6,6,6,6,6,-,-,-,-,-,-,-,-,-,-,-,-,-,-,-,-,-,-,-,-,-,-,-,-,-,UltraDaggerStageSkip,0,3,6,9,12,14,16,18,20,22,24,26,28,30,32,34,35,36,37,38,39,40,41,42,43,44,45,46,47,48,49,49,49,49,49,49,49,49,49,49,49,49,49,49,49,-,-,-,-,-,-,-,-,-,-,-,-,-,-,-,-,-,-,-,-,-,UltraDaggerPoisonMaxCount,10
MultiMonsters,Rogue,BranchGreen,6,20,Cloaking,3,III,Ambush,Increased multi spawn chance,50,900,900,900,900,900,900,900,900,900,900,900,900,900,900,900,900,900,900,900,900,900,900,900,900,900,900,900,900,900,900,900,900,900,900,900,900,900,900,900,900,900,900,900,900,900,900,900,900,900,900,-,-,-,-,-,-,-,-,-,-,-,-,-,-,-,-,1,3,4,5,6,7,8,9,10,11,12,13,14,15,16,17,18,19,20,21,22,24,31,34,38,42,47,52,58,64,69,75,82,90,99,109,120,132,145,159,174,215,265,327,403,497,613,756,932,1149,-,-,-,-,-,-,-,-,-,-,-,-,-,-,-,-,MultiMonstersGold,0.00E+00,1.45E+00,3.40E+00,1.03E+01,4.03E+01,1.99E+02,1.22E+03,9.30E+03,8.63E+04,9.63E+05,1.28E+07,1.99E+08,3.59E+09,7.39E+10,1.72E+12,4.46E+13,1.27E+15,3.94E+16,1.30E+18,4.56E+19,1.66E+21,6.23E+22,2.77E+24,3.04E+26,4.18E+28,8.00E+30,2.01E+33,7.08E+35,3.28E+38,2.08E+41,1.67E+44,1.40E+47,1.26E+50,1.22E+53,1.23E+56,1.24E+59,1.17E+62,9.43E+64,5.83E+67,2.42E+70,5.74E+72,1.28E+75,1.03E+78,3.88E+81,1.01E+86,2.79E+91,1.43E+98,2.70E+106,4.35E+116,1.67E+129,5.43E+144,-,-,-,-,-,-,-,-,-,-,-,-,-,-,-,MultiMonstersMaxCount,0,2,4,6,8,10,12,14,16,18,20,20,20,20,20,20,20,20,20,20,20,20,20,20,20,20,20,20,20,20,20,20,20,20,20,20,20,20,20,20,20,20,20,20,20,20,20,20,20,20,20,-,-,-,-,-,-,-,-,-,-,-,-,-,-,-,None,-,-,-,-,-,-,-,-,-,-,-,-,-,-,-,-,-,-,-,-,-,-,-,-,-,-,-,-,-,-,-,-,-,-,-,-,-,-,-,-,-,-,-,-,-,-,-,-,-,-,-,-,-,-,-,-,-,-,-,-,-,-,-,-,-,-,None,0
GuidedBlade,Rogue,BranchGreen,7,50,Backstab,4,IV,Deadly Focus,Stackable Deadly Strike,3,5000,5000,5000,-,-,-,-,-,-,-,-,-,-,-,-,-,-,-,-,-,-,-,-,-,-,-,-,-,-,-,-,-,-,-,-,-,-,-,-,-,-,-,-,-,-,-,-,-,-,-,-,-,-,-,-,-,-,-,-,-,-,-,-,-,-,-,20,70,160,-,-,-,-,-,-,-,-,-,-,-,-,-,-,-,-,-,-,-,-,-,-,-,-,-,-,-,-,-,-,-,-,-,-,-,-,-,-,-,-,-,-,-,,,,,,,,,,,,,,,,,,,,,CritBoostSkillStacksBonus,0.00E+00,4.56E+03,1.94E+04,1.57E+05,-,-,-,-,-,-,-,-,-,-,-,-,-,-,-,-,-,-,-,-,-,-,-,-,-,-,-,-,-,-,-,-,-,-,-,-,-,-,-,-,-,-,-,-,-,-,-,-,-,-,-,-,-,-,-,-,-,-,-,-,-,-,CritBoostSkillStacks,0,1,2,3,-,-,-,-,-,-,-,-,-,-,-,-,-,-,-,-,-,-,-,-,-,-,-,-,-,-,-,-,-,-,-,-,-,-,-,-,-,-,-,-,-,-,-,-,-,-,-,-,-,-,-,-,-,-,-,-,-,-,-,-,-,-,None,-,-,-,-,-,-,-,-,-,-,-,-,-,-,-,-,-,-,-,-,-,-,-,-,-,-,-,-,-,-,-,-,-,-,-,-,-,-,-,-,-,-,-,-,-,-,-,-,-,-,-,-,-,-,-,-,-,-,-,-,-,-,-,-,-,-,None,0
CriticalHit,Rogue,BranchGreen,8,50,PoisonedBlade,4,IV,Weakpoint Throw,Unlock Blade Stream Spell,30,5000,5000,5000,5000,5000,5000,5000,5000,5000,5000,5000,5000,5000,5000,5000,5000,5000,5000,5000,5000,5000,5000,5000,5000,5000,5000,5000,5000,5000,5000,-,-,-,-,-,-,-,-,-,-,-,-,-,-,-,-,-,-,-,-,-,-,-,-,-,-,-,-,-,-,-,-,-,-,-,-,3,6,9,14,18,22,26,30,34,38,42,45,49,52,54,57,60,63,65,68,89,116,151,196,255,331,430,559,726,943,-,-,-,-,-,-,-,-,-,-,-,-,-,-,-,-,-,-,-,-,-,-,-,-,-,-,-,-,-,-,-,-,-,-,-,-,StreamOfBladesSkillAmount,0.00E+00,1.60E+00,5.28E+00,2.98E+01,4.01E+02,1.01E+04,4.50E+05,3.35E+07,3.97E+09,7.05E+11,1.78E+14,6.01E+16,2.26E+19,1.02E+22,4.65E+24,1.83E+27,6.71E+29,2.18E+32,6.01E+34,1.23E+37,1.97E+39,7.79E+41,8.00E+44,2.15E+48,1.38E+52,1.80E+56,3.11E+60,3.60E+64,6.90E+69,5.02E+76,4.10E+85,-,-,-,-,-,-,-,-,-,-,-,-,-,-,-,-,-,-,-,-,-,-,-,-,-,-,-,-,-,-,-,-,-,-,-,UltraDaggerTargetDamage,0,1.70E+00,3.32E+00,6.44E+00,1.51E+01,3.91E+01,1.11E+02,3.46E+02,1.16E+03,4.23E+03,1.66E+04,6.93E+04,3.00E+05,1.39E+06,6.65E+06,3.20E+07,1.59E+08,8.22E+08,4.40E+09,2.37E+10,1.33E+11,1.33E+11,1.33E+11,1.33E+11,1.33E+11,1.33E+11,1.33E+11,1.33E+11,1.33E+11,1.33E+11,1.33E+11,-,-,-,-,-,-,-,-,-,-,-,-,-,-,-,-,-,-,-,-,-,-,-,-,-,-,-,-,-,-,-,-,-,-,-,StreamOfBladesDuration,0,1,11,26,51,85,127,179,240,311,392,484,583,693,811,935,590,710,850,1000,1200,1200,1200,1200,1200,1200,1200,1200,1200,1200,1200,1200,1200,1200,1200,-,-,-,-,-,-,-,-,-,-,-,-,-,-,-,-,-,-,-,-,-,-,-,-,-,-,-,-,-,-,-,UltraDaggerTargetDuration,15
LoadedDice,Rogue,BranchGreen,9,50,MultiMonsters,4,IV,Loaded Dice,All Gold / Probabilities during Hayst,30,5000,5000,5000,5000,5000,5000,5000,5000,5000,5000,5000,5000,5000,5000,5000,5000,5000,5000,5000,5000,5000,5000,5000,5000,5000,5000,5000,5000,5000,5000,-,-,-,-,-,-,-,-,-,-,-,-,-,-,-,-,-,-,-,-,-,-,-,-,-,-,-,-,-,-,-,-,-,-,-,-,3,6,9,14,18,22,26,30,34,38,42,45,49,52,54,57,60,63,65,68,89,116,151,196,255,331,430,559,726,943,-,-,-,-,-,-,-,-,-,-,-,-,-,-,-,-,-,-,-,-,-,-,-,-,-,-,-,-,-,-,-,-,-,-,-,-,AllProbabilityBoostDuringHayst,0,1.010,1.022,1.030,1.037,1.044,1.049,1.054,1.058,1.062,1.066,1.069,1.072,1.075,1.078,1.080,1.083,1.085,1.085,1.085,1.085,1.085,1.085,1.085,1.085,1.085,1.085,1.085,1.085,1.085,1.085,-,-,-,-,-,-,-,-,-,-,-,-,-,-,-,-,-,-,-,-,-,-,-,-,-,-,-,-,-,-,-,-,-,-,-,GoldAll,0.00E+00,1.30E+00,1.79E+00,2.84E+00,5.67E+00,1.34E+01,3.69E+01,1.17E+02,4.16E+02,1.66E+03,7.24E+03,3.42E+04,1.66E+05,8.48E+05,4.34E+06,2.14E+07,1.03E+08,4.82E+08,2.16E+09,8.92E+09,3.45E+10,1.70E+11,1.08E+12,8.87E+12,9.20E+13,1.15E+15,1.55E+16,1.88E+17,4.82E+18,3.26E+20,7.75E+22,-,-,-,-,-,-,-,-,-,-,-,-,-,-,-,-,-,-,-,-,-,-,-,-,-,-,-,-,-,-,-,-,-,-,-,HaystMonsterSpawnChance,0,0.01,0.02,0.04,0.06,0.07,0.08,0.09,0.10,0.10,0.11,0.12,0.12,0.13,0.14,0.14,0.15,0.15,0.15,0.15,0.15,0.15,0.15,0.15,0.15,0.15,0.15,0.15,0.15,0.15,0.15,0.15,0.15,0.15,0.15,-,-,-,-,-,-,-,-,-,-,-,-,-,-,-,-,-,-,-,-,-,-,-,-,-,-,-,-,-,-,-,None,0
PhantomBlades,Rogue,BranchGreen,10,100,GuidedBlade,5,V,Phantom Blades,Extra Dagger Damage,30,9000,9000,9000,9000,9000,9000,9000,9000,9000,9000,9000,9000,9000,9000,9000,9000,9000,9000,9000,9000,9000,9000,9000,9000,9000,9000,9000,9000,9000,9000,-,-,-,-,-,-,-,-,-,-,-,-,-,-,-,-,-,-,-,-,-,-,-,-,-,-,-,-,-,-,-,-,-,-,-,-,4,9,13,21,27,33,39,45,51,57,63,67,73,78,81,85,90,94,97,102,140,191,261,357,487,665,908,1239,1690,2306,-,-,-,-,-,-,-,-,-,-,-,-,-,-,-,-,-,-,-,-,-,-,-,-,-,-,-,-,-,-,-,-,-,-,-,-,UltraDaggerDamage,0.00E+00,1.76E+00,1.05E+01,1.29E+02,6.55E+03,8.64E+05,2.76E+08,1.99E+11,2.97E+14,8.62E+17,4.47E+21,3.85E+25,3.85E+29,5.54E+33,9.34E+37,1.36E+42,1.83E+46,2.40E+50,2.59E+54,1.98E+58,1.22E+62,7.63E+66,7.34E+72,1.88E+80,2.24E+89,1.89E+100,1.58E+113,1.25E+128,4.45E+144,1.10E+162,6.83E+183,-,-,-,-,-,-,-,-,-,-,-,-,-,-,-,-,-,-,-,-,-,-,-,-,-,-,-,-,-,-,-,-,-,-,-,RogueActiveSkillCap,0,1,1,1,1,2,2,2,2,2,3,3,3,3,3,4,4,4,4,4,5,5,5,5,5,5,5,5,5,5,5,-,-,-,-,-,-,-,-,-,-,-,-,-,-,-,-,-,-,-,-,-,-,-,-,-,-,-,-,-,-,-,-,-,-,-,StreamOfBladesCooldownReduction,0,0.05,0.06,0.06,0.07,0.07,0.08,0.09,0.09,0.10,0.10,0.11,0.12,0.13,0.14,0.15,0.16,0.17,0.18,0.19,0.20,0.20,0.20,0.20,0.20,0.20,0.20,0.20,0.20,0.20,0.20,0.20,0.20,0.20,0.20,-,-,-,-,-,-,-,-,-,-,-,-,-,-,-,-,-,-,-,-,-,-,-,-,-,-,-,-,-,-,-,None,0
StreamOfBladesMultiCastSkill,Rogue,BranchGreen,11,100,CriticalHit,5,V,Mark of Death,Stackable Blade Stream,3,9000,9000,9000,-,-,-,-,-,-,-,-,-,-,-,-,-,-,-,-,-,-,-,-,-,-,-,-,-,-,-,-,-,-,-,-,-,-,-,-,-,-,-,-,-,-,-,-,-,-,-,-,-,-,-,-,-,-,-,-,-,-,-,-,-,-,-,20,70,160,-,-,-,-,-,-,-,-,-,-,-,-,-,-,-,-,-,-,-,-,-,-,-,-,-,-,-,-,-,-,-,-,-,-,-,-,-,-,-,-,-,-,-,-,-,-,-,-,-,-,-,-,-,-,-,-,-,-,-,-,-,-,,StreamOfBladesSkillStacksBonus,0.00E+00,1.27E+02,1.13E+03,2.65E+04,-,-,-,-,-,-,-,-,-,-,-,-,-,-,-,-,-,-,-,-,-,-,-,-,-,-,-,-,-,-,-,-,-,-,-,-,-,-,-,-,-,-,-,-,-,-,-,-,-,-,-,-,-,-,-,-,-,-,-,-,-,-,StreamOfBladesSkillStacks,0,1,2,3,-,-,-,-,-,-,-,-,-,-,-,-,-,-,-,-,-,-,-,-,-,-,-,-,-,-,-,-,-,-,-,-,-,-,-,-,-,-,-,-,-,-,-,-,-,-,-,-,-,-,-,-,-,-,-,-,-,-,-,-,-,-,None,-,-,-,-,-,-,-,-,-,-,-,-,-,-,-,-,-,-,-,-,-,-,-,-,-,-,-,-,-,-,-,-,-,-,-,-,-,-,-,-,-,-,-,-,-,-,-,-,-,-,-,-,-,-,-,-,-,-,-,-,-,-,-,-,-,-,None,0
QuickFortune,Rogue,BranchGreen,12,100,LoadedDice,5,V,Quick Fortune,Hayst Power Up,30,9000,9000,9000,9000,9000,9000,9000,9000,9000,9000,9000,9000,9000,9000,9000,9000,9000,9000,9000,9000,9000,9000,9000,9000,9000,9000,9000,9000,9000,9000,-,-,-,-,-,-,-,-,-,-,-,-,-,-,-,-,-,-,-,-,-,-,-,-,-,-,-,-,-,-,-,-,-,-,-,-,3,6,9,14,18,22,26,30,34,38,42,45,49,52,54,57,60,63,65,68,93,127,174,238,325,444,606,827,1129,1540,-,-,-,-,-,-,-,-,-,-,-,-,-,-,-,-,-,-,-,-,-,-,-,-,-,-,-,-,-,-,-,-,-,-,-,,CloakedSkipChanceBoostDuringHayst,0.00E+00,5.00E-03,1.00E-02,1.50E-02,2.00E-02,2.50E-02,3.00E-02,3.50E-02,4.00E-02,4.50E-02,5.00E-02,5.50E-02,6.00E-02,6.50E-02,7.00E-02,7.50E-02,8.00E-02,8.50E-02,9.00E-02,9.50E-02,1.00E-01,1.00E-01,1.00E-01,1.00E-01,1.00E-01,1.00E-01,1.00E-01,1.00E-01,1.00E-01,1.00E-01,1.00E-01,-,-,-,-,-,-,-,-,-,-,-,-,-,-,-,-,-,-,-,-,-,-,-,-,-,-,-,-,-,-,-,-,-,-,-,AllGoldDuringHayst,0.00E+00,1.30E+00,7.15E+00,8.53E+01,3.58E+03,3.75E+05,9.10E+07,4.78E+10,5.06E+13,1.00E+17,3.46E+20,1.93E+24,1.33E+28,1.30E+32,1.37E+36,1.26E+40,1.14E+44,9.54E+47,6.94E+51,3.62E+55,1.47E+59,5.24E+63,2.53E+69,2.87E+76,1.26E+85,3.30E+95,6.98E+107,1.11E+122,6.77E+137,2.69E+154,1.67E+175,-,-,-,-,-,-,-,-,-,-,-,-,-,-,-,-,-,-,-,-,-,-,-,-,-,-,-,-,-,-,-,-,-,-,-,None,-,-,-,-,-,-,-,-,-,-,-,-,-,-,-,-,-,-,-,-,-,-,-,-,-,-,-,-,-,-,-,-,-,-,-,-,-,-,-,-,-,-,-,-,-,-,-,-,-,-,-,-,-,-,-,-,-,-,-,-,-,-,-,-,-,-,None,0
Transmutation,Alchemist,BranchPurple,0,0,None,1,I,Transmutation,Inscreased All Gold and Jackpot Gold,60,8000,8000,8000,8000,8000,8000,8000,8000,8000,8000,8000,8000,8000,8000,8000,8000,8000,8000,8000,8000,8000,8000,8000,8000,8000,8000,8000,8000,8000,8000,8000,8000,8000,8000,8000,8000,8000,8000,8000,8000,8000,8000,8000,8000,8000,8000,8000,8000,8000,8000,8000,8000,8000,8000,8000,8000,8000,8000,8000,8000,-,-,-,-,-,-,1,2,3,5,6,7,8,9,10,11,12,13,14,15,16,17,18,19,20,21,22,23,24,25,26,27,28,29,30,41,56,62,69,76,85,90,96,103,111,120,130,141,153,166,180,195,215,237,261,288,317,349,384,423,466,513,565,622,685,754,-,-,-,-,-,-,JackpotGold,0.00E+00,1.30E+00,2.29E+00,5.29E+00,2.06E+01,1.02E+02,6.34E+02,4.87E+03,4.57E+04,5.19E+05,7.03E+06,1.12E+08,2.09E+09,4.47E+10,1.09E+12,2.97E+13,8.98E+14,2.97E+16,1.06E+18,4.04E+19,1.62E+21,6.73E+22,2.87E+24,1.24E+26,5.33E+27,2.26E+29,9.31E+30,3.68E+32,1.37E+34,4.78E+35,4.67E+37,1.69E+40,7.68E+42,4.40E+45,2.90E+48,2.33E+51,1.52E+54,8.02E+56,3.32E+59,1.03E+62,2.24E+64,3.13E+66,2.51E+68,2.92E+70,5.09E+72,1.37E+75,5.88E+77,4.70E+80,7.45E+83,2.49E+87,1.92E+91,3.67E+95,1.89E+100,2.89E+105,1.48E+111,2.91E+117,2.45E+124,1.04E+132,2.60E+140,4.61E+149,6.98E+159,-,-,-,-,-,JackpotGoldChance,0.00,0.01,0.02,0.03,0.04,0.05,0.06,0.07,0.08,0.09,0.10,0.11,0.12,0.13,0.14,0.15,0.16,0.17,0.18,0.19,0.20,0.21,0.22,0.23,0.24,0.25,0.26,0.27,0.28,0.29,0.30,0.31,0.32,0.33,0.34,0.35,0.35,0.35,0.35,0.35,0.35,0.35,0.35,0.35,0.35,0.35,0.35,0.35,0.35,0.35,0.35,0.35,0.35,0.35,0.35,0.35,0.35,0.35,0.35,0.35,0.35,-,-,-,-,-,None,-,-,-,-,-,-,-,-,-,-,-,-,-,-,-,-,-,-,-,-,-,-,-,-,-,-,-,-,-,-,-,-,-,-,-,-,-,-,-,-,-,-,-,-,-,-,-,-,-,-,-,-,-,-,-,-,-,-,-,-,-,-,-,-,-,-,None,0
GoldGun,Alchemist,BranchPurple,1,3,Transmutation,2,II,Gold Gun,Unlocks Gold Gun and increases Gold Gun Damage and Gold Gun titan skip,50,8000,8000,8000,8000,8000,8000,8000,8000,8000,8000,8000,8000,8000,8000,8000,8000,8000,8000,8000,8000,8000,8000,8000,8000,8000,8000,8000,8000,8000,8000,8000,8000,8000,8000,8000,8000,8000,8000,8000,8000,8000,8000,8000,8000,8000,8000,8000,8000,8000,8000,-,-,-,-,-,-,-,-,-,-,-,-,-,-,-,-,1,3,4,5,6,7,8,9,10,11,12,13,14,15,16,17,18,19,20,21,22,24,31,34,38,42,47,52,58,64,69,75,82,90,99,109,120,132,145,159,174,203,237,277,323,377,440,514,600,700,-,-,-,-,-,-,-,-,-,-,-,-,-,-,-,-,GoldGunDamage,0.00E+00,1.55E+00,2.81E+00,6.12E+00,1.58E+01,4.80E+01,1.70E+02,6.94E+02,3.24E+03,1.71E+04,1.02E+05,6.69E+05,4.85E+06,3.82E+07,3.26E+08,2.96E+09,2.85E+10,2.86E+11,2.98E+12,3.19E+13,3.46E+14,3.77E+15,4.52E+16,9.60E+17,2.31E+19,6.65E+20,2.21E+22,8.73E+23,3.91E+25,2.01E+27,1.12E+29,5.92E+30,2.99E+32,1.41E+34,6.03E+35,2.21E+37,6.49E+38,1.41E+40,2.49E+41,5.84E+42,1.86E+44,8.19E+45,6.79E+47,1.18E+50,4.89E+52,5.52E+55,2.02E+59,2.91E+63,2.10E+68,9.81E+73,4.05E+80,-,-,-,-,-,-,-,-,-,-,-,-,-,-,-,GoldGunTitanSkip,0,4,8,12,16,20,24,28,32,35,38,41,42,43,44,45,46,47,48,49,50,51,52,53,54,55,56,57,58,59,60,60,60,60,60,60,60,60,60,60,60,60,60,60,60,60,60,60,60,60,60,-,-,-,-,-,-,-,-,-,-,-,-,-,-,-,None,-,-,-,-,-,-,-,-,-,-,-,-,-,-,-,-,-,-,-,-,-,-,-,-,-,-,-,-,-,-,-,-,-,-,-,-,-,-,-,-,-,-,-,-,-,-,-,-,-,-,-,-,-,-,-,-,-,-,-,-,-,-,-,-,-,-,None,0
ChestGold,Alchemist,BranchPurple,2,3,Transmutation,2,II,Chesterson Incense,Boost to chesterson gold / chesterton chance,50,8000,8000,8000,8000,8000,8000,8000,8000,8000,8000,8000,8000,8000,8000,8000,8000,8000,8000,8000,8000,8000,8000,8000,8000,8000,8000,8000,8000,8000,8000,8000,8000,8000,8000,8000,8000,8000,8000,8000,8000,8000,8000,8000,8000,8000,8000,8000,8000,8000,8000,-,-,-,-,-,-,-,-,-,-,-,-,-,-,-,-,1,3,4,5,6,7,8,9,10,11,12,13,14,15,16,17,18,19,20,21,22,24,31,34,38,42,47,52,58,64,69,75,82,90,99,109,120,132,145,159,174,203,237,277,323,377,440,514,600,700,-,-,-,-,-,-,-,-,-,-,-,-,-,-,-,-,ChestAmount,0.00E+00,1.80E+00,4.22E+00,1.28E+01,4.97E+01,2.43E+02,1.48E+03,1.10E+04,9.95E+04,1.07E+06,1.37E+07,2.02E+08,3.42E+09,6.54E+10,1.39E+12,3.26E+13,8.28E+14,2.24E+16,6.37E+17,1.88E+19,5.66E+20,1.72E+22,5.98E+23,4.70E+25,4.42E+27,5.38E+29,8.00E+31,1.53E+34,3.50E+36,9.75E+38,3.03E+41,8.79E+43,2.38E+46,5.87E+48,1.25E+51,2.15E+53,2.69E+55,2.18E+57,1.32E+59,1.20E+61,1.68E+63,3.75E+65,2.06E+68,3.27E+71,1.80E+75,4.12E+79,5.07E+84,4.42E+90,3.85E+97,4.85E+105,1.37E+115,-,-,-,-,-,-,-,-,-,-,-,-,-,-,-,ChestersonGoldStageAmount,0,1,2,3,4,5,6,7,8,9,10,11,12,13,14,15,16,17,18,19,20,21,22,23,24,25,26,27,28,29,30,30,30,30,30,30,30,30,30,30,30,30,30,30,30,30,30,30,30,30,30,-,-,-,-,-,-,-,-,-,-,-,-,-,-,-,None,-,-,-,-,-,-,-,-,-,-,-,-,-,-,-,-,-,-,-,-,-,-,-,-,-,-,-,-,-,-,-,-,-,-,-,-,-,-,-,-,-,-,-,-,-,-,-,-,-,-,-,-,-,-,-,-,-,-,-,-,-,-,-,-,-,-,None,0
MidasSkillBoost,Alchemist,BranchPurple,3,3,Transmutation,2,II,Midas Ultimate,HoM multiplier + fairy gold mult,50,8000,8000,8000,8000,8000,8000,8000,8000,8000,8000,8000,8000,8000,8000,8000,8000,8000,8000,8000,8000,8000,8000,8000,8000,8000,8000,8000,8000,8000,8000,8000,8000,8000,8000,8000,8000,8000,8000,8000,8000,8000,8000,8000,8000,8000,8000,8000,8000,8000,8000,-,-,-,-,-,-,-,-,-,-,-,-,-,-,-,-,1,3,4,5,6,7,8,9,10,11,12,13,14,15,16,17,18,19,20,21,22,24,31,34,38,42,47,52,58,64,69,75,82,90,99,109,120,132,145,159,174,203,237,277,323,377,440,514,600,700,-,-,-,-,-,-,-,-,-,-,-,-,-,-,-,-,HandOfMidasSkillAmount,0.00E+00,1.51E+00,3.54E+00,1.07E+01,4.17E+01,2.04E+02,1.24E+03,9.24E+03,8.35E+04,9.01E+05,1.15E+07,1.69E+08,2.87E+09,5.49E+10,1.17E+12,2.74E+13,6.94E+14,1.88E+16,5.35E+17,1.58E+19,4.75E+20,1.44E+22,5.02E+23,3.95E+25,3.71E+27,4.51E+29,6.71E+31,1.28E+34,2.93E+36,8.18E+38,2.54E+41,7.37E+43,2.00E+46,4.93E+48,1.05E+51,1.80E+53,2.26E+55,1.83E+57,1.11E+59,1.00E+61,1.41E+63,3.14E+65,1.73E+68,2.74E+71,1.51E+75,3.46E+79,4.25E+84,3.71E+90,3.23E+97,4.07E+105,1.15E+115,-,-,-,-,-,-,-,-,-,-,-,-,-,-,-,HandOfMidasSkillDuration,0,1,3,6,10,16,23,32,43,56,71,89,108,131,155,182,212,245,281,320,361,406,445,478,508,536,563,589,615,640,664,664,664,664,664,664,664,664,664,664,664,664,664,664,664,664,664,664,664,664,664,-,-,-,-,-,-,-,-,-,-,-,-,-,-,-,None,-,-,-,-,-,-,-,-,-,-,-,-,-,-,-,-,-,-,-,-,-,-,-,-,-,-,-,-,-,-,-,-,-,-,-,-,-,-,-,-,-,-,-,-,-,-,-,-,-,-,-,-,-,-,-,-,-,-,-,-,-,-,-,-,-,-,None,0
MagnumOpus,Alchemist,BranchPurple,4,20,GoldGun,3,III,Magnum Opus,Unlocks Mangum Opus and increases Magnum Opus Damage and Magnum Opus Duration,50,8000,8000,8000,8000,8000,8000,8000,8000,8000,8000,8000,8000,8000,8000,8000,8000,8000,8000,8000,8000,8000,8000,8000,8000,8000,8000,8000,8000,8000,8000,8000,8000,8000,8000,8000,8000,8000,8000,8000,8000,8000,8000,8000,8000,8000,8000,8000,8000,8000,8000,-,-,-,-,-,-,-,-,-,-,-,-,-,-,-,-,1,3,4,5,6,7,8,9,10,11,12,13,14,15,16,17,18,19,20,21,22,24,31,34,38,42,47,52,58,64,69,75,82,90,99,109,120,132,145,159,174,215,265,327,403,497,613,756,932,1149,-,-,-,-,-,-,-,-,-,-,-,-,-,-,-,-,MagnumOpusDamage,0.00E+00,1.50E+00,2.72E+00,5.93E+00,1.54E+01,4.69E+01,1.68E+02,6.94E+02,3.30E+03,1.78E+04,1.09E+05,7.45E+05,5.64E+06,4.69E+07,4.25E+08,4.15E+09,4.33E+10,4.78E+11,5.54E+12,6.68E+13,8.27E+14,1.04E+16,1.49E+17,3.99E+18,1.25E+20,4.96E+21,2.37E+23,1.44E+25,1.06E+27,9.69E+28,1.04E+31,1.16E+33,1.36E+35,1.67E+37,2.12E+39,2.68E+41,3.24E+43,3.51E+45,3.16E+47,2.15E+49,9.88E+50,4.36E+52,4.69E+54,1.50E+57,1.84E+60,1.19E+64,5.91E+68,3.67E+74,5.13E+81,3.30E+90,2.38E+101,-,-,-,-,-,-,-,-,-,-,-,-,-,-,-,GoldGunStageSkip,0.00E+00,5,8,10,12,14,16,18,20,22,24,26,28,30,31,32,33,34,35,36,37,38,39,40,41,42,43,44,45,46,47,47,47,47,47,47,47,47,47,47,47,47,47,47,47,47,47,47,47,47,47,-,-,-,-,-,-,-,-,-,-,-,-,-,-,-,None,-,-,-,-,-,-,-,-,-,-,-,-,-,-,-,-,-,-,-,-,-,-,-,-,-,-,-,-,-,-,-,-,-,-,-,-,-,-,-,-,-,-,-,-,-,-,-,-,-,-,-,-,-,-,-,-,-,-,-,-,-,-,-,-,-,-,None,0
LovePotion,Alchemist,BranchPurple,5,20,ChestGold,3,III,Love Potion,Increases MultiMonsters Chance and Special Titan Spawn Chance,9,8000,8000,8000,8000,8000,8000,8000,8000,8000,-,-,-,-,-,-,-,-,-,-,-,-,-,-,-,-,-,-,-,-,-,-,-,-,-,-,-,-,-,-,-,-,-,-,-,-,-,-,-,-,-,-,-,-,-,-,-,-,-,-,-,-,-,-,-,-,-,1,2,3,4,4,5,6,7,8,-,-,-,-,-,-,-,-,-,-,-,-,-,-,-,-,-,-,-,-,-,-,-,-,-,-,-,-,-,-,-,-,-,-,-,-,-,-,-,-,-,-,-,-,-,-,-,-,-,-,-,-,-,-,-,-,-,SpecialTitanSpawnChance,0.00E+00,1.02E+00,1.04E+00,1.06E+00,1.09E+00,1.11E+00,1.13E+00,1.15E+00,1.17E+00,1.20E+00,-,-,-,-,-,-,-,-,-,-,-,-,-,-,-,-,-,-,-,-,-,-,-,-,-,-,-,-,-,-,-,-,-,-,-,-,-,-,-,-,-,-,-,-,-,-,-,-,-,-,-,-,-,-,-,-,MultiMonsters,0,0.02,0.04,0.06,0.09,0.11,0.13,0.15,0.17,0.20,-,-,-,-,-,-,-,-,-,-,-,-,-,-,-,-,-,-,-,-,-,-,-,-,-,-,-,-,-,-,-,-,-,-,-,-,-,-,-,-,-,-,-,-,-,-,-,-,-,-,-,-,-,-,-,-,None,-,-,-,-,-,-,-,-,-,-,-,-,-,-,-,-,-,-,-,-,-,-,-,-,-,-,-,-,-,-,-,-,-,-,-,-,-,-,-,-,-,-,-,-,-,-,-,-,-,-,-,-,-,-,-,-,-,-,-,-,-,-,-,-,-,-,None,0
HandOfMidasMultiCastSkillBoost,Alchemist,BranchPurple,6,20,MidasSkillBoost,3,III,Midas Overflow,Stackable Hand of Midas,3,8000,8000,8000,-,-,-,-,-,-,-,-,-,-,-,-,-,-,-,-,-,-,-,-,-,-,-,-,-,-,-,-,-,-,-,-,-,-,-,-,-,-,-,-,-,-,-,-,-,-,-,-,-,-,-,-,-,-,-,-,-,-,-,-,-,-,-,20,70,160,-,-,-,-,-,-,-,-,-,-,-,-,-,-,-,-,-,-,-,-,-,-,-,-,-,-,-,-,-,-,-,-,-,-,-,-,-,-,-,-,-,-,-,-,-,-,-,-,-,-,-,-,-,-,-,-,-,-,-,-,-,-,-,HandOfMidasSkillStacksBonus,0.00E+00,1.22E+03,7.16E+03,9.20E+04,-,-,-,-,-,-,-,-,-,-,-,-,-,-,-,-,-,-,-,-,-,-,-,-,-,-,-,-,-,-,-,-,-,-,-,-,-,-,-,-,-,-,-,-,-,-,-,-,-,-,-,-,-,-,-,-,-,-,-,-,-,-,HandOfMidasSkillStacks,0,1,2,3,-,-,-,-,-,-,-,-,-,-,-,-,-,-,-,-,-,-,-,-,-,-,-,-,-,-,-,-,-,-,-,-,-,-,-,-,-,-,-,-,-,-,-,-,-,-,-,-,-,-,-,-,-,-,-,-,-,-,-,-,-,-,None,-,-,-,-,-,-,-,-,-,-,-,-,-,-,-,-,-,-,-,-,-,-,-,-,-,-,-,-,-,-,-,-,-,-,-,-,-,-,-,-,-,-,-,-,-,-,-,-,-,-,-,-,-,-,-,-,-,-,-,-,-,-,-,-,-,-,None,0
AuricShot,Alchemist,BranchPurple,7,50,MagnumOpus,4,IV,Auric Shot,Increased Gold Gun and Gold Gun Charge Boost,30,8000,8000,8000,8000,8000,8000,8000,8000,8000,8000,8000,8000,8000,8000,8000,8000,8000,8000,8000,8000,8000,8000,8000,8000,8000,8000,8000,8000,8000,8000,-,-,-,-,-,-,-,-,-,-,-,-,-,-,-,-,-,-,-,-,-,-,-,-,-,-,-,-,-,-,-,-,-,-,-,-,3,6,9,14,18,22,26,30,34,38,42,45,49,52,54,57,60,63,65,68,89,116,151,196,255,331,430,559,726,943,-,-,-,-,-,-,-,-,-,-,-,-,-,-,-,-,-,-,-,-,-,-,-,-,-,-,-,-,-,-,-,-,-,-,-,-,GoldGunDamage,0.00E+00,2.80E+00,9.23E+00,5.21E+01,7.03E+02,1.77E+04,7.87E+05,5.87E+07,6.95E+09,1.23E+12,3.11E+14,1.05E+17,3.95E+19,1.78E+22,8.14E+24,3.21E+27,1.17E+30,3.82E+32,1.05E+35,2.16E+37,3.44E+39,1.36E+42,1.40E+45,3.76E+48,2.42E+52,3.14E+56,5.44E+60,6.30E+64,1.21E+70,8.78E+76,7.17E+85,-,-,-,-,-,-,-,-,-,-,-,-,-,-,-,-,-,-,-,-,-,-,-,-,-,-,-,-,-,-,-,-,-,-,-,MagnumOpusDuration,3.00,6.00,9.00,12.00,15.00,18.00,20.00,22.00,23.00,24.00,25.00,25.50,26.00,26.50,27.00,27.50,28.00,28.50,29.00,29.50,30.00,30.00,30.00,30.00,30.00,30.00,30.00,30.00,30.00,30.00,30.00,-,-,-,-,-,-,-,-,-,-,-,-,-,-,-,-,-,-,-,-,-,-,-,-,-,-,-,-,-,-,-,-,-,-,-,None,-,-,-,-,-,-,-,-,-,-,-,-,-,-,-,-,-,-,-,-,-,-,-,-,-,-,-,-,-,-,-,-,-,-,-,-,-,-,-,-,-,-,-,-,-,-,-,-,-,-,-,-,-,-,-,-,-,-,-,-,-,-,-,-,-,-,None,0
KratosSummon,Alchemist,BranchPurple,8,50,LovePotion,4,IV,Sprouting Salts,Increased Kratos Damage and Kratos Stack and Kratos Spawn Chance,30,8000,8000,8000,8000,8000,8000,8000,8000,8000,8000,8000,8000,8000,8000,8000,8000,8000,8000,8000,8000,8000,8000,8000,8000,8000,8000,8000,8000,8000,8000,-,-,-,-,-,-,-,-,-,-,-,-,-,-,-,-,-,-,-,-,-,-,-,-,-,-,-,-,-,-,-,-,-,-,-,-,3,6,9,14,18,22,26,30,34,38,42,45,49,52,54,57,60,63,65,68,89,116,151,196,255,331,430,559,726,943,-,-,-,-,-,-,-,-,-,-,-,-,-,-,-,-,-,-,-,-,-,-,-,-,-,-,-,-,-,-,-,-,-,-,-,-,KratosMonsterBonusAmount,0.00E+00,3.50E+00,3.75E+00,4.16E+00,4.84E+00,5.86E+00,7.32E+00,9.44E+00,1.25E+01,1.69E+01,2.35E+01,3.30E+01,4.68E+01,6.71E+01,9.62E+01,1.37E+02,1.93E+02,2.72E+02,3.78E+02,5.17E+02,6.97E+02,9.91E+02,1.49E+03,2.37E+03,3.97E+03,6.94E+03,1.23E+04,2.14E+04,4.37E+04,1.11E+05,3.70E+05,-,-,-,-,-,-,-,-,-,-,-,-,-,-,-,-,-,-,-,-,-,-,-,-,-,-,-,-,-,-,-,-,-,-,-,KratosMonsterStacks,0,2,3,3,4,5,6,6,7,8,9,9,10,11,12,12,13,14,15,15,16,16,16,16,16,16,16,16,16,16,16,-,-,-,-,-,-,-,-,-,-,-,-,-,-,-,-,-,-,-,-,-,-,-,-,-,-,-,-,-,-,-,-,-,-,-,KratosMonsterSpawnChance,0,0.003,0.013,0.021,0.027,0.033,0.038,0.043,0.047,0.051,0.054,0.058,0.061,0.064,0.067,0.069,0.072,0.066,0.069,0.072,0.075,0.075,0.075,0.075,0.075,0.075,0.075,0.075,0.075,0.075,0.075,0.075,0.075,0.075,0.075,-,-,-,-,-,-,-,-,-,-,-,-,-,-,-,-,-,-,-,-,-,-,-,-,-,-,-,-,-,-,-,None,0
RoyalContract,Alchemist,BranchPurple,9,50,HandOfMidasMultiCastSkillBoost,4,IV,Royal Contract,Activate QTE to drain mana for more gold.,30,8000,8000,8000,8000,8000,8000,8000,8000,8000,8000,8000,8000,8000,8000,8000,8000,8000,8000,8000,8000,8000,8000,8000,8000,8000,8000,8000,8000,8000,8000,-,-,-,-,-,-,-,-,-,-,-,-,-,-,-,-,-,-,-,-,-,-,-,-,-,-,-,-,-,-,-,-,-,-,-,-,3,6,9,14,18,22,26,30,34,38,42,45,49,52,54,57,60,63,65,68,89,116,151,196,255,331,430,559,726,943,-,-,-,-,-,-,-,-,-,-,-,-,-,-,-,-,-,-,-,-,-,-,-,-,-,-,-,-,-,-,-,-,-,-,-,-,RoyalContractMaxGold,0.00E+00,1.00E+01,5.50E+01,6.52E+02,2.68E+04,2.68E+06,6.08E+08,2.88E+11,2.64E+14,4.31E+17,1.16E+21,4.77E+24,2.27E+28,1.41E+32,8.86E+35,4.53E+39,2.08E+43,8.07E+46,2.47E+50,4.96E+53,6.96E+56,3.58E+60,7.18E+64,5.68E+69,1.57E+75,1.18E+81,1.34E+87,8.54E+92,3.01E+100,1.91E+110,1.03E+123,-,-,-,-,-,-,-,-,-,-,-,-,-,-,-,-,-,-,-,-,-,-,-,-,-,-,-,-,-,-,-,-,-,-,-,RoyalContractManaCostBase,0,0.14,0.16,0.17,0.18,0.19,0.20,0.21,0.21,0.22,0.23,0.23,0.24,0.24,0.25,0.25,0.25,0.25,0.25,0.25,0.25,0.25,0.25,0.25,0.25,0.25,0.25,0.25,0.25,0.25,0.25,-,-,-,-,-,-,-,-,-,-,-,-,-,-,-,-,-,-,-,-,-,-,-,-,-,-,-,-,-,-,-,-,-,-,-,None,-,-,-,-,-,-,-,-,-,-,-,-,-,-,-,-,-,-,-,-,-,-,-,-,-,-,-,-,-,-,-,-,-,-,-,-,-,-,-,-,-,-,-,-,-,-,-,-,-,-,-,-,-,-,-,-,-,-,-,-,-,-,-,-,-,-,RoyalContractTimeUntilMaxGold,1
ExplosivesExpert,Alchemist,BranchPurple,10,100,AuricShot,5,V,Explosives Expert,Unlocks the Golden Missile Spell,9,10000,10000,10000,10000,10000,10000,10000,10000,10000,-,-,-,-,-,-,-,-,-,-,-,-,-,-,-,-,-,-,-,-,-,-,-,-,-,-,-,-,-,-,-,-,-,-,-,-,-,-,-,-,-,-,-,-,-,-,-,-,-,-,-,-,-,-,-,-,-,1,2,3,4,4,5,6,7,8,-,-,-,-,-,-,-,-,-,-,-,-,-,-,-,-,-,-,-,-,-,-,-,-,-,-,-,-,-,-,-,-,-,-,-,-,-,-,-,-,-,-,-,-,-,-,-,-,-,-,-,-,-,-,-,-,-,GoldenMissileSkillCooldown,0.00E+00,1.00E+01,2.00E+01,4.00E+01,5.90E+01,7.40E+01,9.00E+01,1.05E+02,1.21E+02,1.36E+02,-,-,-,-,-,-,-,-,-,-,-,-,-,-,-,-,-,-,-,-,-,-,-,-,-,-,-,-,-,-,-,-,-,-,-,-,-,-,-,-,-,-,-,-,-,-,-,-,-,-,-,-,-,-,-,-,GoldenMissileStageSkip,0,14,28,42,56,70,83,96,109,122,-,-,-,-,-,-,-,-,-,-,-,-,-,-,-,-,-,-,-,-,-,-,-,-,-,-,-,-,-,-,-,-,-,-,-,-,-,-,-,-,-,-,-,-,-,-,-,-,-,-,-,-,-,-,-,-,None,-,-,-,-,-,-,-,-,-,-,-,-,-,-,-,-,-,-,-,-,-,-,-,-,-,-,-,-,-,-,-,-,-,-,-,-,-,-,-,-,-,-,-,-,-,-,-,-,-,-,-,-,-,-,-,-,-,-,-,-,-,-,-,-,-,-,None,0
PhilosophersFlux,Alchemist,BranchPurple,11,100,KratosSummon,5,V,Philosophers Flux,Extra Damage From Snap,30,10000,10000,10000,10000,10000,10000,10000,10000,10000,10000,10000,10000,10000,10000,10000,10000,10000,10000,10000,10000,10000,10000,10000,10000,10000,10000,10000,10000,10000,10000,-,-,-,-,-,-,-,-,-,-,-,-,-,-,-,-,-,-,-,-,-,-,-,-,-,-,-,-,-,-,-,-,-,-,-,-,3,6,9,14,18,22,26,30,34,38,42,45,49,52,54,57,60,63,65,68,93,127,174,238,325,444,606,827,1129,1540,-,-,-,-,-,-,-,-,-,-,-,-,-,-,-,-,-,-,-,-,-,-,-,-,-,-,-,-,-,-,-,-,-,-,-,-,BossDamageDuringSnap,0.00E+00,2.29E+00,7.55E+00,4.29E+01,5.87E+02,1.52E+04,7.11E+05,5.70E+07,7.47E+09,1.52E+12,4.55E+14,1.91E+17,9.29E+19,5.74E+22,3.77E+25,2.25E+28,1.32E+31,7.35E+33,3.71E+36,1.48E+39,4.99E+41,7.65E+44,7.28E+48,6.33E+53,7.10E+59,1.39E+67,5.90E+75,5.17E+85,5.78E+96,2.40E+108,8.61E+122,-,-,-,-,-,-,-,-,-,-,-,-,-,-,-,-,-,-,-,-,-,-,-,-,-,-,-,-,-,-,-,-,-,-,-,GoldCooldownMultDuringSnap,0.0,0.980,0.979,0.978,0.977,0.976,0.975,0.974,0.973,0.972,0.971,0.970,0.969,0.968,0.967,0.966,0.965,0.964,0.963,0.962,0.961,0.961,0.961,0.961,0.961,0.961,0.961,0.961,0.961,0.961,0.961,-,-,-,-,-,-,-,-,-,-,-,-,-,-,-,-,-,-,-,-,-,-,-,-,-,-,-,-,-,-,-,-,-,-,-,TitanDamage,0.00E+00,2.29E+00,7.55E+00,4.29E+01,5.87E+02,1.52E+04,7.11E+05,5.70E+07,7.47E+09,1.52E+12,4.55E+14,1.91E+17,9.29E+19,5.74E+22,3.77E+25,2.25E+28,1.32E+31,7.35E+33,3.71E+36,1.48E+39,4.99E+41,7.65E+44,7.28E+48,6.33E+53,7.10E+59,1.39E+67,5.90E+75,5.17E+85,5.78E+96,2.40E+108,8.61E+122,-,-,-,-,-,-,-,-,-,-,-,-,-,-,-,-,-,-,-,-,-,-,-,-,-,-,-,-,-,-,-,-,-,-,-,None,0
AlchemistMastery,Alchemist,BranchPurple,12,100,RoyalContract,5,V,Ancient Mastery,Extra Duration to contracts,30,10000,10000,10000,10000,10000,10000,10000,10000,10000,10000,10000,10000,10000,10000,10000,10000,10000,10000,10000,10000,10000,10000,10000,10000,10000,10000,10000,10000,10000,10000,-,-,-,-,-,-,-,-,-,-,-,-,-,-,-,-,-,-,-,-,-,-,-,-,-,-,-,-,-,-,-,-,-,-,-,-,4,9,13,21,27,33,39,45,51,57,63,67,73,78,81,85,90,94,97,102,140,191,261,357,487,665,908,1239,1690,2306,-,-,-,-,-,-,-,-,-,-,-,-,-,-,-,-,-,-,-,-,-,-,-,-,-,-,-,-,-,-,-,-,-,-,-,-,AlchemistBonusBoost,0.00E+00,1.67E+00,4.79E+00,2.10E+01,2.11E+02,3.73E+03,1.11E+05,5.31E+06,3.92E+08,4.26E+10,6.53E+12,1.35E+15,3.04E+17,8.48E+19,2.60E+22,7.30E+24,1.96E+27,5.18E+29,1.22E+32,2.35E+34,3.99E+36,2.64E+39,8.74E+42,1.99E+47,4.34E+52,1.16E+59,4.64E+66,2.69E+75,1.47E+85,2.50E+95,1.65E+108,-,-,-,-,-,-,-,-,-,-,-,-,-,-,-,-,-,-,-,-,-,-,-,-,-,-,-,-,-,-,-,-,-,-,-,AlchemistActiveSkillCap,0,1,1,1,1,2,2,2,2,2,3,3,3,3,3,4,4,4,4,4,5,5,5,5,5,5,5,5,5,5,5,-,-,-,-,-,-,-,-,-,-,-,-,-,-,-,-,-,-,-,-,-,-,-,-,-,-,-,-,-,-,-,-,-,-,-,ContractActivationBonusTime,0,3,6,9,12,15,18,21,24,27,30,33,36,39,42,45,48,51,54,57,60,60,60,60,60,60,60,60,60,60,60,60,60,60,60,-,-,-,-,-,-,-,-,-,-,-,-,-,-,-,-,-,-,-,-,-,-,-,-,-,-,-,-,-,-,-,None,0