Level,Rarity0,Rarity1,Rarity2,Rarity3,Rarity4,Note,Rarity0_Chance,Rarity1_Chance,Rarity2_Chance,Rarity3_Chance,Rarity4_Chance
1,5,0,0,0,0,"""Level is Summon Level""",100.00%,0.00%,0.00%,0.00%,0.00%
2,5,0,0,0,0,Drop Weights,100.00%,0.00%,0.00%,0.00%,0.00%
3,10,0,0,0,0,-,100.00%,0.00%,0.00%,0.00%,0.00%
4,10,0,0,0,0,-,100.00%,0.00%,0.00%,0.00%,0.00%
5,10,0,0,0,0,-,100.00%,0.00%,0.00%,0.00%,0.00%
6,10,0,0,0,0,-,100.00%,0.00%,0.00%,0.00%,0.00%
7,10,0,0,0,0,-,100.00%,0.00%,0.00%,0.00%,0.00%
8,15,0,0,0,0,-,100.00%,0.00%,0.00%,0.00%,0.00%
9,15,0,0,0,0,-,100.00%,0.00%,0.00%,0.00%,0.00%
10,15,0,0,0,0,-,100.00%,0.00%,0.00%,0.00%,0.00%
11,15,0,0,0,0,-,100.00%,0.00%,0.00%,0.00%,0.00%
12,15,0,0,0,0,-,100.00%,0.00%,0.00%,0.00%,0.00%
13,20,0,0,0,0,-,100.00%,0.00%,0.00%,0.00%,0.00%
14,20,0,0,0,0,-,100.00%,0.00%,0.00%,0.00%,0.00%
15,20,0,0,0,0,-,100.00%,0.00%,0.00%,0.00%,0.00%
16,20,0,0,0,0,-,100.00%,0.00%,0.00%,0.00%,0.00%
17,20,0,0,0,0,-,100.00%,0.00%,0.00%,0.00%,0.00%
18,25,0,0,0,0,-,100.00%,0.00%,0.00%,0.00%,0.00%
19,25,0,0,0,0,-,100.00%,0.00%,0.00%,0.00%,0.00%
20,25,0,0,0,0,-,100.00%,0.00%,0.00%,0.00%,0.00%
21,25,0,0,0,0,-,100.00%,0.00%,0.00%,0.00%,0.00%
22,25,0,0,0,0,-,100.00%,0.00%,0.00%,0.00%,0.00%
23,30,0,0,0,0,-,100.00%,0.00%,0.00%,0.00%,0.00%
24,30,0,0,0,0,-,100.00%,0.00%,0.00%,0.00%,0.00%
25,30,0,0,0,0,-,100.00%,0.00%,0.00%,0.00%,0.00%
26,30,0,0,0,0,-,100.00%,0.00%,0.00%,0.00%,0.00%
27,30,0,0,0,0,-,100.00%,0.00%,0.00%,0.00%,0.00%
28,35,0,0,0,0,-,100.00%,0.00%,0.00%,0.00%,0.00%
29,35,0,0,0,0,-,100.00%,0.00%,0.00%,0.00%,0.00%
30,35,0,0,0,0,,100.00%,0.00%,0.00%,0.00%,0.00%
31,35,0,0,0,0,,100.00%,0.00%,0.00%,0.00%,0.00%
32,35,0,0,0,0,,100.00%,0.00%,0.00%,0.00%,0.00%
33,40,0,0,0,0,,100.00%,0.00%,0.00%,0.00%,0.00%
34,40,0,0,0,0,,100.00%,0.00%,0.00%,0.00%,0.00%
35,40,0,0,0,0,,100.00%,0.00%,0.00%,0.00%,0.00%
36,40,0,0,0,0,,100.00%,0.00%,0.00%,0.00%,0.00%
37,40,0,0,0,0,,100.00%,0.00%,0.00%,0.00%,0.00%
38,45,0,0,0,0,,100.00%,0.00%,0.00%,0.00%,0.00%
39,45,0,0,0,0,,100.00%,0.00%,0.00%,0.00%,0.00%
40,45,0,0,0,0,,100.00%,0.00%,0.00%,0.00%,0.00%
41,45,0,0,0,0,,100.00%,0.00%,0.00%,0.00%,0.00%
42,45,0,0,0,0,,100.00%,0.00%,0.00%,0.00%,0.00%
43,50,0,0,0,0,,100.00%,0.00%,0.00%,0.00%,0.00%
44,50,0,0,0,0,,100.00%,0.00%,0.00%,0.00%,0.00%
45,50,0,0,0,0,,100.00%,0.00%,0.00%,0.00%,0.00%
46,50,0,0,0,0,,100.00%,0.00%,0.00%,0.00%,0.00%
47,50,0,0,0,0,,100.00%,0.00%,0.00%,0.00%,0.00%
48,55,0,0,0,0,,100.00%,0.00%,0.00%,0.00%,0.00%
49,55,0,0,0,0,,100.00%,0.00%,0.00%,0.00%,0.00%
50,55,0,0,0,0,,100.00%,0.00%,0.00%,0.00%,0.00%
51,55,0,0,0,0,,100.00%,0.00%,0.00%,0.00%,0.00%
52,55,0,0,0,0,,100.00%,0.00%,0.00%,0.00%,0.00%
53,60,0,0,0,0,,100.00%,0.00%,0.00%,0.00%,0.00%
54,60,0,0,0,0,,100.00%,0.00%,0.00%,0.00%,0.00%
55,60,0,0,0,0,,100.00%,0.00%,0.00%,0.00%,0.00%
56,60,0,0,0,0,,100.00%,0.00%,0.00%,0.00%,0.00%
57,60,0,0,0,0,,100.00%,0.00%,0.00%,0.00%,0.00%
58,65,0,0,0,0,,100.00%,0.00%,0.00%,0.00%,0.00%
59,65,0,0,0,0,,100.00%,0.00%,0.00%,0.00%,0.00%
60,65,0,0,0,0,,100.00%,0.00%,0.00%,0.00%,0.00%
61,65,0,0,0,0,,100.00%,0.00%,0.00%,0.00%,0.00%
62,65,0,0,0,0,,100.00%,0.00%,0.00%,0.00%,0.00%
63,70,0,0,0,0,,100.00%,0.00%,0.00%,0.00%,0.00%
64,70,0,0,0,0,,100.00%,0.00%,0.00%,0.00%,0.00%
65,70,0,0,0,0,,100.00%,0.00%,0.00%,0.00%,0.00%
66,70,0,0,0,0,,100.00%,0.00%,0.00%,0.00%,0.00%
67,70,0,0,0,0,,100.00%,0.00%,0.00%,0.00%,0.00%
68,75,0,0,0,0,,100.00%,0.00%,0.00%,0.00%,0.00%
69,75,0,0,0,0,,100.00%,0.00%,0.00%,0.00%,0.00%
70,75,0,0,0,0,,100.00%,0.00%,0.00%,0.00%,0.00%
71,75,0,0,0,0,,100.00%,0.00%,0.00%,0.00%,0.00%
72,75,0,0,0,0,,100.00%,0.00%,0.00%,0.00%,0.00%
73,80,0,0,0,0,,100.00%,0.00%,0.00%,0.00%,0.00%
74,80,0,0,0,0,,100.00%,0.00%,0.00%,0.00%,0.00%
75,80,0,0,0,0,,100.00%,0.00%,0.00%,0.00%,0.00%
76,80,0,0,0,0,,100.00%,0.00%,0.00%,0.00%,0.00%
77,80,0,0,0,0,,100.00%,0.00%,0.00%,0.00%,0.00%
78,85,0,0,0,0,,100.00%,0.00%,0.00%,0.00%,0.00%
79,85,0,0,0,0,,100.00%,0.00%,0.00%,0.00%,0.00%
80,85,0,0,0,0,,100.00%,0.00%,0.00%,0.00%,0.00%
81,85,0,0,0,0,,100.00%,0.00%,0.00%,0.00%,0.00%
82,85,0,0,0,0,,100.00%,0.00%,0.00%,0.00%,0.00%
83,90,0,0,0,0,,100.00%,0.00%,0.00%,0.00%,0.00%
84,90,0,0,0,0,,100.00%,0.00%,0.00%,0.00%,0.00%
85,90,0,0,0,0,,100.00%,0.00%,0.00%,0.00%,0.00%
86,90,0,0,0,0,,100.00%,0.00%,0.00%,0.00%,0.00%
87,90,0,0,0,0,,100.00%,0.00%,0.00%,0.00%,0.00%
88,95,0,0,0,0,,100.00%,0.00%,0.00%,0.00%,0.00%
89,95,0,0,0,0,,100.00%,0.00%,0.00%,0.00%,0.00%
90,95,0,0,0,0,,100.00%,0.00%,0.00%,0.00%,0.00%
91,95,0,0,0,0,,100.00%,0.00%,0.00%,0.00%,0.00%
92,95,0,0,0,0,,100.00%,0.00%,0.00%,0.00%,0.00%
93,100,0,0,0,0,,100.00%,0.00%,0.00%,0.00%,0.00%
94,100,0,0,0,0,,100.00%,0.00%,0.00%,0.00%,0.00%
95,100,0,0,0,0,,100.00%,0.00%,0.00%,0.00%,0.00%
96,100,0,0,0,0,,100.00%,0.00%,0.00%,0.00%,0.00%
97,100,0,0,0,0,,100.00%,0.00%,0.00%,0.00%,0.00%
98,105,0,0,0,0,,100.00%,0.00%,0.00%,0.00%,0.00%
99,105,0,0,0,0,,100.00%,0.00%,0.00%,0.00%,0.00%
100,105,0,0,0,0,,100.00%,0.00%,0.00%,0.00%,0.00%
101,105,0,0,0,0,,,,,,
102,105,0,0,0,0,,,,,,
103,110,0,0,0,0,,,,,,
104,110,0,0,0,0,,,,,,
105,110,0,0,0,0,,,,,,
106,110,0,0,0,0,,,,,,
107,110,0,0,0,0,,,,,,
108,115,0,0,0,0,,,,,,
109,115,0,0,0,0,,,,,,
110,115,0,0,0,0,,,,,,
111,115,0,0,0,0,,,,,,
112,115,0,0,0,0,,,,,,
113,120,0,0,0,0,,,,,,
114,120,0,0,0,0,,,,,,
115,120,0,0,0,0,,,,,,
116,120,0,0,0,0,,,,,,
117,120,0,0,0,0,,,,,,
118,125,0,0,0,0,,,,,,
119,125,0,0,0,0,,,,,,
120,125,0,0,0,0,,,,,,
121,125,0,0,0,0,,,,,,
122,125,0,0,0,0,,,,,,
123,130,0,0,0,0,,,,,,
124,130,0,0,0,0,,,,,,
125,130,0,0,0,0,,,,,,
126,130,0,0,0,0,,,,,,
127,130,0,0,0,0,,,,,,
128,135,0,0,0,0,,,,,,
129,135,0,0,0,0,,,,,,
130,135,0,0,0,0,,,,,,
131,135,0,0,0,0,,,,,,
132,135,0,0,0,0,,,,,,
133,140,0,0,0,0,,,,,,
134,140,0,0,0,0,,,,,,
135,140,0,0,0,0,,,,,,
136,140,0,0,0,0,,,,,,
137,140,0,0,0,0,,,,,,
138,145,0,0,0,0,,,,,,
139,145,0,0,0,0,,,,,,
140,145,0,0,0,0,,,,,,
141,145,0,0,0,0,,,,,,
142,145,0,0,0,0,,,,,,
143,150,0,0,0,0,,,,,,
144,150,0,0,0,0,,,,,,
145,150,0,0,0,0,,,,,,
146,150,0,0,0,0,,,,,,
147,150,0,0,0,0,,,,,,
148,155,0,0,0,0,,,,,,
149,155,0,0,0,0,,,,,,
150,155,0,0,0,0,,,,,,
151,155,0,0,0,0,,,,,,
152,155,0,0,0,0,,,,,,
153,160,0,0,0,0,,,,,,
154,160,0,0,0,0,,,,,,
155,160,0,0,0,0,,,,,,
156,160,0,0,0,0,,,,,,
157,160,0,0,0,0,,,,,,
158,165,0,0,0,0,,,,,,
159,165,0,0,0,0,,,,,,
160,165,0,0,0,0,,,,,,
161,165,0,0,0,0,,,,,,
162,165,0,0,0,0,,,,,,
163,170,0,0,0,0,,,,,,
164,170,0,0,0,0,,,,,,
165,170,0,0,0,0,,,,,,
166,170,0,0,0,0,,,,,,
167,170,0,0,0,0,,,,,,
168,175,0,0,0,0,,,,,,
169,175,0,0,0,0,,,,,,
170,175,0,0,0,0,,,,,,
171,175,0,0,0,0,,,,,,
172,175,0,0,0,0,,,,,,
173,180,0,0,0,0,,,,,,
174,180,0,0,0,0,,,,,,
175,180,0,0,0,0,,,,,,
176,180,0,0,0,0,,,,,,
177,180,0,0,0,0,,,,,,
178,185,0,0,0,0,,,,,,
179,185,0,0,0,0,,,,,,
180,185,0,0,0,0,,,,,,
181,185,0,0,0,0,,,,,,
182,185,0,0,0,0,,,,,,
183,190,0,0,0,0,,,,,,
184,190,0,0,0,0,,,,,,
185,190,0,0,0,0,,,,,,
186,190,0,0,0,0,,,,,,
187,190,0,0,0,0,,,,,,
188,195,0,0,0,0,,,,,,
189,195,0,0,0,0,,,,,,
190,195,0,0,0,0,,,,,,
191,195,0,0,0,0,,,,,,
192,195,0,0,0,0,,,,,,
193,200,0,0,0,0,,,,,,
194,200,0,0,0,0,,,,,,
195,200,0,0,0,0,,,,,,
196,200,0,0,0,0,,,,,,
197,200,0,0,0,0,,,,,,
198,205,0,0,0,0,,,,,,
199,205,0,0,0,0,,,,,,
200,205,0,0,0,0,,,,,,
201,205,0,0,0,0,,,,,,
202,205,0,0,0,0,,,,,,
203,210,0,0,0,0,,,,,,
204,210,0,0,0,0,,,,,,
205,210,0,0,0,0,,,,,,
206,210,0,0,0,0,,,,,,
207,210,0,0,0,0,,,,,,
208,215,0,0,0,0,,,,,,
209,215,0,0,0,0,,,,,,
210,215,0,0,0,0,,,,,,
211,215,0,0,0,0,,,,,,
212,215,0,0,0,0,,,,,,
213,220,0,0,0,0,,,,,,
214,220,0,0,0,0,,,,,,
215,220,0,0,0,0,,,,,,
216,220,0,0,0,0,,,,,,
217,220,0,0,0,0,,,,,,
218,225,0,0,0,0,,,,,,
219,225,0,0,0,0,,,,,,
220,225,0,0,0,0,,,,,,
221,225,0,0,0,0,,,,,,
222,225,0,0,0,0,,,,,,
223,230,0,0,0,0,,,,,,
224,230,0,0,0,0,,,,,,
225,230,0,0,0,0,,,,,,
226,230,0,0,0,0,,,,,,
227,230,0,0,0,0,,,,,,
228,235,0,0,0,0,,,,,,
229,235,0,0,0,0,,,,,,
230,235,0,0,0,0,,,,,,
231,235,0,0,0,0,,,,,,
232,235,0,0,0,0,,,,,,
233,240,0,0,0,0,,,,,,
234,240,0,0,0,0,,,,,,
235,240,0,0,0,0,,,,,,
236,240,0,0,0,0,,,,,,
237,240,0,0,0,0,,,,,,
238,245,0,0,0,0,,,,,,
239,245,0,0,0,0,,,,,,
240,245,0,0,0,0,,,,,,
241,245,0,0,0,0,,,,,,
242,245,0,0,0,0,,,,,,
243,250,0,0,0,0,,,,,,
244,250,0,0,0,0,,,,,,
245,250,0,0,0,0,,,,,,
246,250,0,0,0,0,,,,,,
247,250,0,0,0,0,,,,,,
248,255,0,0,0,0,,,,,,
249,255,0,0,0,0,,,,,,
250,255,0,0,0,0,,,,,,
251,255,0,0,0,0,,,,,,
252,255,0,0,0,0,,,,,,
253,260,0,0,0,0,,,,,,
254,260,0,0,0,0,,,,,,
255,260,0,0,0,0,,,,,,
256,260,0,0,0,0,,,,,,
257,260,0,0,0,0,,,,,,
258,265,0,0,0,0,,,,,,
259,265,0,0,0,0,,,,,,
260,265,0,0,0,0,,,,,,
261,265,0,0,0,0,,,,,,
262,265,0,0,0,0,,,,,,
263,270,0,0,0,0,,,,,,
264,270,0,0,0,0,,,,,,
265,270,0,0,0,0,,,,,,
266,270,0,0,0,0,,,,,,
267,270,0,0,0,0,,,,,,
268,275,0,0,0,0,,,,,,
269,275,0,0,0,0,,,,,,
270,275,0,0,0,0,,,,,,
271,275,0,0,0,0,,,,,,
272,275,0,0,0,0,,,,,,
273,280,0,0,0,0,,,,,,
274,280,0,0,0,0,,,,,,
275,280,0,0,0,0,,,,,,
276,280,0,0,0,0,,,,,,
277,280,0,0,0,0,,,,,,
278,285,0,0,0,0,,,,,,
279,285,0,0,0,0,,,,,,
280,285,0,0,0,0,,,,,,
281,285,0,0,0,0,,,,,,
282,285,0,0,0,0,,,,,,
283,290,0,0,0,0,,,,,,
284,290,0,0,0,0,,,,,,
285,290,0,0,0,0,,,,,,
286,290,0,0,0,0,,,,,,
287,290,0,0,0,0,,,,,,
288,295,0,0,0,0,,,,,,
289,295,0,0,0,0,,,,,,
290,295,0,0,0,0,,,,,,
291,295,0,0,0,0,,,,,,
292,295,0,0,0,0,,,,,,
293,300,0,0,0,0,,,,,,
294,300,0,0,0,0,,,,,,
295,300,0,0,0,0,,,,,,
296,300,0,0,0,0,,,,,,
297,300,0,0,0,0,,,,,,
298,305,0,0,0,0,,,,,,
299,305,0,0,0,0,,,,,,
300,305,5,0,0,0,,,,,,
301,305,5,0,0,0,,,,,,
302,305,5,0,0,0,,,,,,
303,310,5,0,0,0,,,,,,
304,310,5,0,0,0,,,,,,
305,310,5,0,0,0,,,,,,
306,310,5,0,0,0,,,,,,
307,310,5,0,0,0,,,,,,
308,315,5,0,0,0,,,,,,
309,315,5,0,0,0,,,,,,
310,315,5,0,0,0,,,,,,
311,315,5,0,0,0,,,,,,
312,315,5,0,0,0,,,,,,
313,320,5,0,0,0,,,,,,
314,320,5,0,0,0,,,,,,
315,320,5,0,0,0,,,,,,
316,320,5,0,0,0,,,,,,
317,320,5,0,0,0,,,,,,
318,325,5,0,0,0,,,,,,
319,325,5,0,0,0,,,,,,
320,325,5,0,0,0,,,,,,
321,325,5,0,0,0,,,,,,
322,325,5,0,0,0,,,,,,
323,330,5,0,0,0,,,,,,
324,330,5,0,0,0,,,,,,
325,330,5,0,0,0,,,,,,
326,330,5,0,0,0,,,,,,
327,330,5,0,0,0,,,,,,
328,335,5,0,0,0,,,,,,
329,335,5,0,0,0,,,,,,
330,335,5,0,0,0,,,,,,
331,335,5,0,0,0,,,,,,
332,335,5,0,0,0,,,,,,
333,340,5,0,0,0,,,,,,
334,340,5,0,0,0,,,,,,
335,340,5,0,0,0,,,,,,
336,340,5,0,0,0,,,,,,
337,340,5,0,0,0,,,,,,
338,345,5,0,0,0,,,,,,
339,345,5,0,0,0,,,,,,
340,345,5,0,0,0,,,,,,
341,345,5,0,0,0,,,,,,
342,345,5,0,0,0,,,,,,
343,350,5,0,0,0,,,,,,
344,350,5,0,0,0,,,,,,
345,350,5,0,0,0,,,,,,
346,350,5,0,0,0,,,,,,
347,350,5,0,0,0,,,,,,
348,355,5,0,0,0,,,,,,
349,355,5,0,0,0,,,,,,
350,355,5,5,0,0,,,,,,
351,355,5,5,0,0,,,,,,
352,355,5,5,0,0,,,,,,
353,360,5,5,0,0,,,,,,
354,360,5,5,0,0,,,,,,
355,360,5,5,0,0,,,,,,
356,360,5,5,0,0,,,,,,
357,360,5,5,0,0,,,,,,
358,365,5,5,0,0,,,,,,
359,365,5,5,0,0,,,,,,
360,365,5,5,0,0,,,,,,
361,365,5,5,0,0,,,,,,
362,365,5,5,0,0,,,,,,
363,370,5,5,0,0,,,,,,
364,370,5,5,0,0,,,,,,
365,370,5,5,0,0,,,,,,
366,370,5,5,0,0,,,,,,
367,370,5,5,0,0,,,,,,
368,375,5,5,0,0,,,,,,
369,375,5,5,0,0,,,,,,
370,375,5,5,0,0,,,,,,
371,375,5,5,0,0,,,,,,
372,375,5,5,0,0,,,,,,
373,380,5,5,0,0,,,,,,
374,380,5,5,0,0,,,,,,
375,380,5,5,0,0,,,,,,
376,380,5,5,0,0,,,,,,
377,380,5,5,0,0,,,,,,
378,385,5,5,0,0,,,,,,
379,385,5,5,0,0,,,,,,
380,385,5,5,0,0,,,,,,
381,385,5,5,0,0,,,,,,
382,385,5,5,0,0,,,,,,
383,390,5,5,0,0,,,,,,
384,390,5,5,0,0,,,,,,
385,390,5,5,0,0,,,,,,
386,390,5,5,0,0,,,,,,
387,390,5,5,0,0,,,,,,
388,395,5,5,0,0,,,,,,
389,395,5,5,0,0,,,,,,
390,395,5,5,0,0,,,,,,
391,395,5,5,0,0,,,,,,
392,395,5,5,0,0,,,,,,
393,400,5,5,0,0,,,,,,
394,400,5,5,0,0,,,,,,
395,400,5,5,0,0,,,,,,
396,400,5,5,0,0,,,,,,
397,400,5,5,0,0,,,,,,
398,405,5,5,0,0,,,,,,
399,405,5,5,0,0,,,,,,
400,405,5,5,5,0,,,,,,
401,405,5,5,5,0,,,,,,
402,405,5,5,5,0,,,,,,
403,410,5,5,5,0,,,,,,
404,410,5,5,5,0,,,,,,
405,410,5,5,5,0,,,,,,
406,410,5,5,5,0,,,,,,
407,410,5,5,5,0,,,,,,
408,415,5,5,5,0,,,,,,
409,415,5,5,5,0,,,,,,
410,415,5,5,5,0,,,,,,
411,415,5,5,5,0,,,,,,
412,415,5,5,5,0,,,,,,
413,420,5,5,5,0,,,,,,
414,420,5,5,5,0,,,,,,
415,420,5,5,5,0,,,,,,
416,420,5,5,5,0,,,,,,
417,420,5,5,5,0,,,,,,
418,425,5,5,5,0,,,,,,
419,425,5,5,5,0,,,,,,
420,425,5,5,5,0,,,,,,
421,425,5,5,5,0,,,,,,
422,425,5,5,5,0,,,,,,
423,430,5,5,5,0,,,,,,
424,430,5,5,5,0,,,,,,
425,430,5,5,5,0,,,,,,
426,430,5,5,5,0,,,,,,
427,430,5,5,5,0,,,,,,
428,435,5,5,5,0,,,,,,
429,435,5,5,5,0,,,,,,
430,435,5,5,5,0,,,,,,
431,435,5,5,5,0,,,,,,
432,435,5,5,5,0,,,,,,
433,440,5,5,5,0,,,,,,
434,440,5,5,5,0,,,,,,
435,440,5,5,5,0,,,,,,
436,440,5,5,5,0,,,,,,
437,440,5,5,5,0,,,,,,
438,445,5,5,5,0,,,,,,
439,445,5,5,5,0,,,,,,
440,445,5,5,5,0,,,,,,
441,445,5,5,5,0,,,,,,
442,445,5,5,5,0,,,,,,
443,450,5,5,5,0,,,,,,
444,450,5,5,5,0,,,,,,
445,450,5,5,5,0,,,,,,
446,450,5,5,5,0,,,,,,
447,450,5,5,5,0,,,,,,
448,455,5,5,5,0,,,,,,
449,455,5,5,5,0,,,,,,
450,455,5,5,5,0,,,,,,
451,455,5,5,5,0,,,,,,
452,455,5,5,5,0,,,,,,
453,460,5,5,5,0,,,,,,
454,460,5,5,5,0,,,,,,
455,460,5,5,5,0,,,,,,
456,460,5,5,5,0,,,,,,
457,460,5,5,5,0,,,,,,
458,465,5,5,5,0,,,,,,
459,465,5,5,5,0,,,,,,
460,465,5,5,5,0,,,,,,
461,465,5,5,5,0,,,,,,
462,465,5,5,5,0,,,,,,
463,470,5,5,5,0,,,,,,
464,470,5,5,5,0,,,,,,
465,470,5,5,5,0,,,,,,
466,470,5,5,5,0,,,,,,
467,470,5,5,5,0,,,,,,
468,475,5,5,5,0,,,,,,
469,475,5,5,5,0,,,,,,
470,475,5,5,5,0,,,,,,
471,475,5,5,5,0,,,,,,
472,475,5,5,5,0,,,,,,
473,480,5,5,5,0,,,,,,
474,480,5,5,5,0,,,,,,
475,480,5,5,5,0,,,,,,
476,480,5,5,5,0,,,,,,
477,480,5,5,5,0,,,,,,
478,485,5,5,5,0,,,,,,
479,485,5,5,5,0,,,,,,
480,485,5,5,5,0,,,,,,
481,485,5,5,5,0,,,,,,
482,485,5,5,5,0,,,,,,
483,490,5,5,5,0,,,,,,
484,490,5,5,5,0,,,,,,
485,490,5,5,5,0,,,,,,
486,490,5,5,5,0,,,,,,
487,490,5,5,5,0,,,,,,
488,495,5,5,5,0,,,,,,
489,495,5,5,5,0,,,,,,
490,495,5,5,5,0,,,,,,
491,495,5,5,5,0,,,,,,
492,495,5,5,5,0,,,,,,
493,500,5,5,5,0,,,,,,
494,500,5,5,5,0,,,,,,
495,500,5,5,5,0,,,,,,
496,500,5,5,5,0,,,,,,
497,500,5,5,5,0,,,,,,
498,505,5,5,5,5,,,,,,
499,505,5,5,5,5,,,,,,
500,505,5,5,5,5,,,,,,
501,505,5,5,5,5,,,,,,
502,505,5,5,5,5,,,,,,
503,510,5,5,5,5,,,,,,
504,510,5,5,5,5,,,,,,
505,510,5,5,5,5,,,,,,
506,510,5,5,5,5,,,,,,
507,510,5,5,5,5,,,,,,
508,515,5,5,5,5,,,,,,
509,515,5,5,5,5,,,,,,
510,515,5,5,5,5,,,,,,
511,515,5,5,5,5,,,,,,
512,515,5,5,5,5,,,,,,
513,520,5,5,5,5,,,,,,
514,520,5,5,5,5,,,,,,
515,520,5,5,5,5,,,,,,
516,520,5,5,5,5,,,,,,
517,520,5,5,5,5,,,,,,
518,525,5,5,5,5,,,,,,
519,525,5,5,5,5,,,,,,
520,525,5,5,5,5,,,,,,
521,525,5,5,5,5,,,,,,
522,525,5,5,5,5,,,,,,
523,530,5,5,5,5,,,,,,
524,530,5,5,5,5,,,,,,
525,530,5,5,5,5,,,,,,
526,530,5,5,5,5,,,,,,
527,530,5,5,5,5,,,,,,
528,535,5,5,5,5,,,,,,
529,535,5,5,5,5,,,,,,
530,535,5,5,5,5,,,,,,
531,535,5,5,5,5,,,,,,
532,535,5,5,5,5,,,,,,
533,540,5,5,5,5,,,,,,
534,540,5,5,5,5,,,,,,
535,540,5,5,5,5,,,,,,
536,540,5,5,5,5,,,,,,
537,540,5,5,5,5,,,,,,
538,545,5,5,5,5,,,,,,
539,545,5,5,5,5,,,,,,
540,545,5,5,5,5,,,,,,
541,545,5,5,5,5,,,,,,
542,545,5,5,5,5,,,,,,
543,550,5,5,5,5,,,,,,
544,550,5,5,5,5,,,,,,
545,550,5,5,5,5,,,,,,
546,550,5,5,5,5,,,,,,
547,550,5,5,5,5,,,,,,
548,555,5,5,5,5,,,,,,
549,555,5,5,5,5,,,,,,
550,555,5,5,5,5,,,,,,
551,555,5,5,5,5,,,,,,
552,555,5,5,5,5,,,,,,
553,560,5,5,5,5,,,,,,
554,560,5,5,5,5,,,,,,
555,560,5,5,5,5,,,,,,
556,560,5,5,5,5,,,,,,
557,560,5,5,5,5,,,,,,
558,565,5,5,5,5,,,,,,
559,565,5,5,5,5,,,,,,
560,565,5,5,5,5,,,,,,
561,565,5,5,5,5,,,,,,
562,565,5,5,5,5,,,,,,
563,570,5,5,5,5,,,,,,
564,570,5,5,5,5,,,,,,
565,570,5,5,5,5,,,,,,
566,570,5,5,5,5,,,,,,
567,570,5,5,5,5,,,,,,
568,575,5,5,5,5,,,,,,
569,575,5,5,5,5,,,,,,
570,575,5,5,5,5,,,,,,
571,575,5,5,5,5,,,,,,
572,575,5,5,5,5,,,,,,
573,580,5,5,5,5,,,,,,
574,580,5,5,5,5,,,,,,
575,580,5,5,5,5,,,,,,
576,580,5,5,5,5,,,,,,
577,580,5,5,5,5,,,,,,
578,585,5,5,5,5,,,,,,
579,585,5,5,5,5,,,,,,
580,585,5,5,5,5,,,,,,
581,585,5,5,5,5,,,,,,
582,585,5,5,5,5,,,,,,
583,590,5,5,5,5,,,,,,
584,590,5,5,5,5,,,,,,
585,590,5,5,5,5,,,,,,
586,590,5,5,5,5,,,,,,
587,590,5,5,5,5,,,,,,
588,595,5,5,5,5,,,,,,
589,595,5,5,5,5,,,,,,
590,595,5,5,5,5,,,,,,
591,595,5,5,5,5,,,,,,
592,595,5,5,5,5,,,,,,
593,600,5,5,5,5,,,,,,
594,600,5,5,5,5,,,,,,
595,600,5,5,5,5,,,,,,
596,600,5,5,5,5,,,,,,
597,600,5,5,5,5,,,,,,
598,605,5,5,5,5,,,,,,
599,605,5,5,5,5,,,,,,
600,605,5,5,5,5,,,,,,
601,605,5,5,5,5,,,,,,
602,605,5,5,5,5,,,,,,
603,610,5,5,5,5,,,,,,
604,610,5,5,5,5,,,,,,
605,610,5,5,5,5,,,,,,
606,610,5,5,5,5,,,,,,
607,610,5,5,5,5,,,,,,
608,615,5,5,5,5,,,,,,
609,615,5,5,5,5,,,,,,
610,615,5,5,5,5,,,,,,
611,615,5,5,5,5,,,,,,
612,615,5,5,5,5,,,,,,
613,620,5,5,5,5,,,,,,
614,620,5,5,5,5,,,,,,
615,620,5,5,5,5,,,,,,
616,620,5,5,5,5,,,,,,
617,620,5,5,5,5,,,,,,
618,625,5,5,5,5,,,,,,
619,625,5,5,5,5,,,,,,
620,625,5,5,5,5,,,,,,
621,625,5,5,5,5,,,,,,
622,625,5,5,5,5,,,,,,
623,630,5,5,5,5,,,,,,
624,630,5,5,5,5,,,,,,
625,630,5,5,5,5,,,,,,
626,630,5,5,5,5,,,,,,
627,630,5,5,5,5,,,,,,
628,635,5,5,5,5,,,,,,
629,635,5,5,5,5,,,,,,
630,635,5,5,5,5,,,,,,
631,635,5,5,5,5,,,,,,
632,635,5,5,5,5,,,,,,
633,640,5,5,5,5,,,,,,
634,640,5,5,5,5,,,,,,
635,640,5,5,5,5,,,,,,
636,640,5,5,5,5,,,,,,
637,640,5,5,5,5,,,,,,
638,645,5,5,5,5,,,,,,
639,645,5,5,5,5,,,,,,
640,645,5,5,5,5,,,,,,
641,645,5,5,5,5,,,,,,
642,645,5,5,5,5,,,,,,
643,650,5,5,5,5,,,,,,
644,650,5,5,5,5,,,,,,
645,650,5,5,5,5,,,,,,
646,650,5,5,5,5,,,,,,
647,650,5,5,5,5,,,,,,
648,655,5,5,5,5,,,,,,
649,655,5,5,5,5,,,,,,
650,655,5,5,5,5,,,,,,
651,655,5,5,5,5,,,,,,
652,655,5,5,5,5,,,,,,
653,660,5,5,5,5,,,,,,
654,660,5,5,5,5,,,,,,
655,660,5,5,5,5,,,,,,
656,660,5,5,5,5,,,,,,
657,660,5,5,5,5,,,,,,
658,665,5,5,5,5,,,,,,
659,665,5,5,5,5,,,,,,
660,665,5,5,5,5,,,,,,
661,665,5,5,5,5,,,,,,
662,665,5,5,5,5,,,,,,
663,670,5,5,5,5,,,,,,
664,670,5,5,5,5,,,,,,
665,670,5,5,5,5,,,,,,
666,670,5,5,5,5,,,,,,
667,670,5,5,5,5,,,,,,
668,675,5,5,5,5,,,,,,
669,675,5,5,5,5,,,,,,
670,675,5,5,5,5,,,,,,
671,675,5,5,5,5,,,,,,
672,675,5,5,5,5,,,,,,
673,680,5,5,5,5,,,,,,
674,680,5,5,5,5,,,,,,
675,680,5,5,5,5,,,,,,
676,680,5,5,5,5,,,,,,
677,680,5,5,5,5,,,,,,
678,685,5,5,5,5,,,,,,
679,685,5,5,5,5,,,,,,
680,685,5,5,5,5,,,,,,
681,685,5,5,5,5,,,,,,
682,685,5,5,5,5,,,,,,
683,690,5,5,5,5,,,,,,
684,690,5,5,5,5,,,,,,
685,690,5,5,5,5,,,,,,
686,690,5,5,5,5,,,,,,
687,690,5,5,5,5,,,,,,
688,695,5,5,5,5,,,,,,
689,695,5,5,5,5,,,,,,
690,695,5,5,5,5,,,,,,
691,695,5,5,5,5,,,,,,
692,695,5,5,5,5,,,,,,
693,700,5,5,5,5,,,,,,
694,700,5,5,5,5,,,,,,
695,700,5,5,5,5,,,,,,
696,700,5,5,5,5,,,,,,
697,700,5,5,5,5,,,,,,
698,705,5,5,5,5,,,,,,
699,705,5,5,5,5,,,,,,
700,705,5,5,5,5,,,,,,
701,705,5,5,5,5,,,,,,
702,705,5,5,5,5,,,,,,
703,710,5,5,5,5,,,,,,
704,710,5,5,5,5,,,,,,
705,710,5,5,5,5,,,,,,
706,710,5,5,5,5,,,,,,
707,710,5,5,5,5,,,,,,
708,715,5,5,5,5,,,,,,
709,715,5,5,5,5,,,,,,
710,715,5,5,5,5,,,,,,
711,715,5,5,5,5,,,,,,
712,715,5,5,5,5,,,,,,
713,720,5,5,5,5,,,,,,
714,720,5,5,5,5,,,,,,
715,720,5,5,5,5,,,,,,
716,720,5,5,5,5,,,,,,
717,720,5,5,5,5,,,,,,
718,725,5,5,5,5,,,,,,
719,725,5,5,5,5,,,,,,
720,725,5,5,5,5,,,,,,
721,725,5,5,5,5,,,,,,
722,725,5,5,5,5,,,,,,
723,730,5,5,5,5,,,,,,
724,730,5,5,5,5,,,,,,
725,730,5,5,5,5,,,,,,
726,730,5,5,5,5,,,,,,
727,730,5,5,5,5,,,,,,
728,735,5,5,5,5,,,,,,
729,735,5,5,5,5,,,,,,
730,735,5,5,5,5,,,,,,
731,735,5,5,5,5,,,,,,
732,735,5,5,5,5,,,,,,
733,740,5,5,5,5,,,,,,
734,740,5,5,5,5,,,,,,
735,740,5,5,5,5,,,,,,
736,740,5,5,5,5,,,,,,
737,740,5,5,5,5,,,,,,
738,745,5,5,5,5,,,,,,
739,745,5,5,5,5,,,,,,
740,745,5,5,5,5,,,,,,
741,745,5,5,5,5,,,,,,
742,745,5,5,5,5,,,,,,
743,750,5,5,5,5,,,,,,
744,750,5,5,5,5,,,,,,
745,750,5,5,5,5,,,,,,
746,750,5,5,5,5,,,,,,
747,750,5,5,5,5,,,,,,
748,755,5,5,5,5,,,,,,
749,755,5,5,5,5,,,,,,
750,755,5,5,5,5,,,,,,
751,755,5,5,5,5,,,,,,
752,755,5,5,5,5,,,,,,
753,760,5,5,5,5,,,,,,
754,760,5,5,5,5,,,,,,
755,760,5,5,5,5,,,,,,
756,760,5,5,5,5,,,,,,
757,760,5,5,5,5,,,,,,
758,765,5,5,5,5,,,,,,
759,765,5,5,5,5,,,,,,
760,765,5,5,5,5,,,,,,
761,765,5,5,5,5,,,,,,
762,765,5,5,5,5,,,,,,
763,770,5,5,5,5,,,,,,
764,770,5,5,5,5,,,,,,
765,770,5,5,5,5,,,,,,
766,770,5,5,5,5,,,,,,
767,770,5,5,5,5,,,,,,
768,775,5,5,5,5,,,,,,
769,775,5,5,5,5,,,,,,
770,775,5,5,5,5,,,,,,
771,775,5,5,5,5,,,,,,
772,775,5,5,5,5,,,,,,
773,780,5,5,5,5,,,,,,
774,780,5,5,5,5,,,,,,
775,780,5,5,5,5,,,,,,
776,780,5,5,5,5,,,,,,
777,780,5,5,5,5,,,,,,
778,785,5,5,5,5,,,,,,
779,785,5,5,5,5,,,,,,
780,785,5,5,5,5,,,,,,
781,785,5,5,5,5,,,,,,
782,785,5,5,5,5,,,,,,
783,790,5,5,5,5,,,,,,
784,790,5,5,5,5,,,,,,
785,790,5,5,5,5,,,,,,
786,790,5,5,5,5,,,,,,
787,790,5,5,5,5,,,,,,
788,795,5,5,5,5,,,,,,
789,795,5,5,5,5,,,,,,
790,795,5,5,5,5,,,,,,
791,795,5,5,5,5,,,,,,
792,795,5,5,5,5,,,,,,
793,800,5,5,5,5,,,,,,
794,800,5,5,5,5,,,,,,
795,800,5,5,5,5,,,,,,
796,800,5,5,5,5,,,,,,
797,800,5,5,5,5,,,,,,
798,805,5,5,5,5,,,,,,
799,805,5,5,5,5,,,,,,
800,805,5,5,5,5,,,,,,
801,805,5,5,5,5,,,,,,
802,805,5,5,5,5,,,,,,
803,810,5,5,5,5,,,,,,
804,810,5,5,5,5,,,,,,
805,810,5,5,5,5,,,,,,
806,810,5,5,5,5,,,,,,
807,810,5,5,5,5,,,,,,
808,815,5,5,5,5,,,,,,
809,815,5,5,5,5,,,,,,
810,815,5,5,5,5,,,,,,
811,815,5,5,5,5,,,,,,
812,815,5,5,5,5,,,,,,
813,820,5,5,5,5,,,,,,
814,820,5,5,5,5,,,,,,
815,820,5,5,5,5,,,,,,
816,820,5,5,5,5,,,,,,
817,820,5,5,5,5,,,,,,
818,825,5,5,5,5,,,,,,
819,825,5,5,5,5,,,,,,
820,825,5,5,5,5,,,,,,
821,825,5,5,5,5,,,,,,
822,825,5,5,5,5,,,,,,
823,830,5,5,5,5,,,,,,
824,830,5,5,5,5,,,,,,
825,830,5,5,5,5,,,,,,
826,830,5,5,5,5,,,,,,
827,830,5,5,5,5,,,,,,
828,835,5,5,5,5,,,,,,
829,835,5,5,5,5,,,,,,
830,835,5,5,5,5,,,,,,
831,835,5,5,5,5,,,,,,
832,835,5,5,5,5,,,,,,
833,840,5,5,5,5,,,,,,
834,840,5,5,5,5,,,,,,
835,840,5,5,5,5,,,,,,
836,840,5,5,5,5,,,,,,
837,840,5,5,5,5,,,,,,
838,845,5,5,5,5,,,,,,
839,845,5,5,5,5,,,,,,
840,845,5,5,5,5,,,,,,
841,845,5,5,5,5,,,,,,
842,845,5,5,5,5,,,,,,
843,850,5,5,5,5,,,,,,
844,850,5,5,5,5,,,,,,
845,850,5,5,5,5,,,,,,
846,850,5,5,5,5,,,,,,
847,850,5,5,5,5,,,,,,
848,855,5,5,5,5,,,,,,
849,855,5,5,5,5,,,,,,
850,855,5,5,5,5,,,,,,
851,855,5,5,5,5,,,,,,
852,855,5,5,5,5,,,,,,
853,860,5,5,5,5,,,,,,
854,860,5,5,5,5,,,,,,
855,860,5,5,5,5,,,,,,
856,860,5,5,5,5,,,,,,
857,860,5,5,5,5,,,,,,
858,865,5,5,5,5,,,,,,
859,865,5,5,5,5,,,,,,
860,865,5,5,5,5,,,,,,
861,865,5,5,5,5,,,,,,
862,865,5,5,5,5,,,,,,
863,870,5,5,5,5,,,,,,
864,870,5,5,5,5,,,,,,
865,870,5,5,5,5,,,,,,
866,870,5,5,5,5,,,,,,
867,870,5,5,5,5,,,,,,
868,875,5,5,5,5,,,,,,
869,875,5,5,5,5,,,,,,
870,875,5,5,5,5,,,,,,
871,875,5,5,5,5,,,,,,
872,875,5,5,5,5,,,,,,
873,880,5,5,5,5,,,,,,
874,880,5,5,5,5,,,,,,
875,880,5,5,5,5,,,,,,
876,880,5,5,5,5,,,,,,
877,880,5,5,5,5,,,,,,
878,885,5,5,5,5,,,,,,
879,885,5,5,5,5,,,,,,
880,885,5,5,5,5,,,,,,
881,885,5,5,5,5,,,,,,
882,885,5,5,5,5,,,,,,
883,890,5,5,5,5,,,,,,
884,890,5,5,5,5,,,,,,
885,890,5,5,5,5,,,,,,
886,890,5,5,5,5,,,,,,
887,890,5,5,5,5,,,,,,
888,895,5,5,5,5,,,,,,
889,895,5,5,5,5,,,,,,
890,895,5,5,5,5,,,,,,
891,895,5,5,5,5,,,,,,
892,895,5,5,5,5,,,,,,
893,900,5,5,5,5,,,,,,
894,900,5,5,5,5,,,,,,
895,900,5,5,5,5,,,,,,
896,900,5,5,5,5,,,,,,
897,900,5,5,5,5,,,,,,
898,905,5,5,5,5,,,,,,
899,905,5,5,5,5,,,,,,
900,905,10,5,5,5,,,,,,
901,905,10,5,5,5,,,,,,
902,905,10,5,5,5,,,,,,
903,910,10,5,5,5,,,,,,
904,910,10,5,5,5,,,,,,
905,910,10,5,5,5,,,,,,
906,910,10,5,5,5,,,,,,
907,910,10,5,5,5,,,,,,
908,915,10,5,5,5,,,,,,
909,915,10,5,5,5,,,,,,
910,915,10,5,5,5,,,,,,
911,915,10,5,5,5,,,,,,
912,915,10,5,5,5,,,,,,
913,920,10,5,5,5,,,,,,
914,920,10,5,5,5,,,,,,
915,920,10,5,5,5,,,,,,
916,920,10,5,5,5,,,,,,
917,920,10,5,5,5,,,,,,
918,925,10,5,5,5,,,,,,
919,925,10,5,5,5,,,,,,
920,925,10,5,5,5,,,,,,
921,925,10,5,5,5,,,,,,
922,925,10,5,5,5,,,,,,
923,930,10,5,5,5,,,,,,
924,930,10,5,5,5,,,,,,
925,930,10,5,5,5,,,,,,
926,930,10,5,5,5,,,,,,
927,930,10,5,5,5,,,,,,
928,935,10,5,5,5,,,,,,
929,935,10,5,5,5,,,,,,
930,935,10,5,5,5,,,,,,
931,935,10,5,5,5,,,,,,
932,935,10,5,5,5,,,,,,
933,940,10,5,5,5,,,,,,
934,940,10,5,5,5,,,,,,
935,940,10,5,5,5,,,,,,
936,940,10,5,5,5,,,,,,
937,940,10,5,5,5,,,,,,
938,945,10,5,5,5,,,,,,
939,945,10,5,5,5,,,,,,
940,945,10,5,5,5,,,,,,
941,945,10,5,5,5,,,,,,
942,945,10,5,5,5,,,,,,
943,950,10,5,5,5,,,,,,
944,950,10,5,5,5,,,,,,
945,950,10,5,5,5,,,,,,
946,950,10,5,5,5,,,,,,
947,950,10,5,5,5,,,,,,
948,955,10,5,5,5,,,,,,
949,955,10,5,5,5,,,,,,
950,955,10,5,5,5,,,,,,
951,955,10,5,5,5,,,,,,
952,955,10,5,5,5,,,,,,
953,960,10,5,5,5,,,,,,
954,960,10,5,5,5,,,,,,
955,960,10,5,5,5,,,,,,
956,960,10,5,5,5,,,,,,
957,960,10,5,5,5,,,,,,
958,965,10,5,5,5,,,,,,
959,965,10,5,5,5,,,,,,
960,965,10,5,5,5,,,,,,
961,965,10,5,5,5,,,,,,
962,965,10,5,5,5,,,,,,
963,970,10,5,5,5,,,,,,
964,970,10,5,5,5,,,,,,
965,970,10,5,5,5,,,,,,
966,970,10,5,5,5,,,,,,
967,970,10,5,5,5,,,,,,
968,975,10,5,5,5,,,,,,
969,975,10,5,5,5,,,,,,
970,975,10,5,5,5,,,,,,
971,975,10,5,5,5,,,,,,
972,975,10,5,5,5,,,,,,
973,980,10,5,5,5,,,,,,
974,980,10,5,5,5,,,,,,
975,980,10,5,5,5,,,,,,
976,980,10,5,5,5,,,,,,
977,980,10,5,5,5,,,,,,
978,985,10,5,5,5,,,,,,
979,985,10,5,5,5,,,,,,
980,985,10,5,5,5,,,,,,
981,985,10,5,5,5,,,,,,
982,985,10,5,5,5,,,,,,
983,990,10,5,5,5,,,,,,
984,990,10,5,5,5,,,,,,
985,990,10,5,5,5,,,,,,
986,990,10,5,5,5,,,,,,
987,990,10,5,5,5,,,,,,
988,995,10,5,5,5,,,,,,
989,995,10,5,5,5,,,,,,
990,995,10,5,5,5,,,,,,
991,995,10,5,5,5,,,,,,
992,995,10,5,5,5,,,,,,
993,1000,10,5,5,5,,,,,,
994,1000,10,5,5,5,,,,,,
995,1000,10,5,5,5,,,,,,
996,1000,10,5,5,5,,,,,,
997,1000,10,5,5,5,,,,,,
998,1005,10,5,5,5,,,,,,
999,1005,10,5,5,5,,,,,,
1000,1005,10,5,5,5,,,,,,